id,source,title,description,tags,genre,engine,platform,file_size,link,thumbnail_url,scraped_at,author,game_id
32f650823885429b,itch.io,"""Voices Of The Void"" Alpha","Gather unknown signals from deep, silent space",3D,Simulation,,windows,,https://mrdrnose.itch.io/votv,https://img.itch.zone/aW1nLzI2NDI5NTgzLmpwZw==/315x250%23c/5lRRHP.jpg,2026-04-24T05:19:06.231235+00:00,mrdrnose,1635465
e6737760618f8a17,itch.io,#21: The World,Surreal exploration game based on my own dream journal,3D,,,"windows, macos",,https://lsddev.itch.io/21-the-world,https://img.itch.zone/aW1hZ2UvMzYwMzcvODA5Mjc3LnBuZw==/315x250%23c/CalgaI.png,2026-04-24T05:19:07.150931+00:00,lsddev,36037
cc9c6af64a1f9115,itch.io,0 A.D: Empires Ascendant,"Empires Ascendant is a free, open-source, historical Real Time Strategy (RTS) game by Wildfire Games.",3D,Strategy,,"windows, macos",,https://play0ad.itch.io/0ad,https://img.itch.zone/aW1nLzUxNzcwMDYuanBn/315x250%23c/E8bN2E.jpg,2026-04-24T05:19:06.657319+00:00,Wildfire Games,915733
d62b8376aa2d5d3f,itch.io,0_abyssalSomewhere,Stroll through the waters of a concrete realm.,3D,Adventure,,"windows, macos",,https://nonoise.itch.io/abyssalsomewhere,https://img.itch.zone/aW1hZ2UvMjQyMTg3LzEzNTE5OTMucG5n/315x250%23c/FVwlsJ.png,2026-04-24T05:19:07.202020+00:00,nonoise,242187
d8a53468681784c1,itch.io,67 Minutes in Heaven,"A game of spin the bottle in an abandoned house, what could go wrong?",3D,Adventure,,windows,,https://oneflowman.itch.io/67-minutes-in-heaven,https://img.itch.zone/aW1nLzI2MjAyMjMyLnBuZw==/315x250%23c/mqiSRW.png,2026-04-24T05:19:06.214648+00:00,One Flow Man,4390483
5b0b12fc6d7aef8f,itch.io,78 Hour Rain,The pale rain is coming.,3D,Survival,,windows,,https://signol-games.itch.io/78-hour-rain,https://img.itch.zone/aW1nLzQ0OTE4MDguZ2lm/315x250%23c/GesEjS.gif,2026-04-24T05:19:07.107396+00:00,Signol_Games,716894
ee9ae907ad8bc063,itch.io,A Bright Light in the Middle of the Ocean,"climb to the top of a lighthouse, watch the sunset, look at the stars",3D,Simulation,,"windows, macos",,https://fi.itch.io/bright-light,https://img.itch.zone/aW1hZ2UvMTcyNzc0LzgwNDg5OS5wbmc=/315x250%23c/WcG1je.png,2026-04-24T05:19:06.918254+00:00,Fi Silva,172774
e31da662a0fac4e1,itch.io,A Craft Of Mine,A Minecraft horror game.,3D,Adventure,,windows,,https://sirtartarus.itch.io/a-craft-of-mine,https://img.itch.zone/aW1nLzExNzA2MzM0LnBuZw==/315x250%23c/9aH7I%2B.png,2026-04-24T05:19:07.210424+00:00,SirTartarus,1983311
74e7d1d36236c027,itch.io,A Short Hike,a little exploration game about hiking up a mountain,3D,Adventure,,"windows, macos",,https://adamgryu.itch.io/a-short-hike,https://img.itch.zone/aW1nLzIyNDgzNjgucG5n/315x250%23c/pCHU15.png,2026-04-24T05:19:06.515377+00:00,adamgryu,424895
8475083a98ec1072,itch.io,ADRORIUM v0.12.0,"Space survival, spaceship simulator",3D,Survival,,"windows, macos, android",,https://beholdernx.itch.io/adrorium,https://img.itch.zone/aW1nLzE2NTEzMDQ5LnBuZw==/315x250%23c/aO5jkw.png,2026-04-24T05:19:06.646606+00:00,Beholdernx,168306
2810c2cb7dbd36ed,itch.io,AI2U - With You Til The End - Yandere AI Girlfriend Simulator,A first-of-its-kind escape room game with AI-powered NPCS who are desperate to keep you by their side.,3D,Adventure,,"windows, macos",,https://alterstaff.itch.io/ai2u,https://img.itch.zone/aW1nLzIzMjIyMDg3LnBuZw==/315x250%23c/vVC3FO.png,2026-04-24T05:19:06.730581+00:00,AlterStaff,2551689
d7e7f136ceb7d6fb,itch.io,ALIEN CASENO,explore a casino from memory made by aliens. 100% pun free,3D,Simulation,,"windows, macos",,https://fisho.itch.io/alien,https://img.itch.zone/aW1hZ2UvMTA2MTA1LzQ5MjQ4NC5wbmc=/315x250%23c/9jDbeW.png,2026-04-24T05:19:07.283016+00:00,Grace Bruxner,106105
cce4e0fac6eca34f,itch.io,AM,Jesus take the wheel.,3D,Adventure,,windows,,https://brocbois.itch.io/am,https://img.itch.zone/aW1nLzIwMTM5MzM4LmdpZg==/315x250%23c/FtmD%2FP.gif,2026-04-24T05:19:07.033940+00:00,BrocBois,2456675
97e15fd69ec64e6f,itch.io,Abodtion,Cozy up your new abode! Begin unpacking stuff and try not to think about the past...,3D,Adventure,,windows,,https://korogames.itch.io/abodtion,https://img.itch.zone/aW1nLzIxNDkyNjE1LmdpZg==/315x250%23c/2unos4.gif,2026-04-24T05:19:06.923057+00:00,koro.games,3555173
67f5b435dab1f09f,itch.io,Afternoon Spaghetti,"The classic tale of cheese, goodwill and transdimensional fridge theft.",3D,Adventure,,"windows, macos",,https://shelf.itch.io/afternoon-spaghetti,https://img.itch.zone/aW1nLzQ0NDc4ODMucG5n/315x250%23c/ZSCbf4.png,2026-04-24T05:19:07.235140+00:00,Shelf,794478
d71c0cb6283ce5ae,itch.io,Alternate Watch,Mandela Catalogue - Observation Duty Fangame,3D,Puzzle,,windows,,https://tesseron.itch.io/alternate-watch,https://img.itch.zone/aW1nLzg4OTU1OTQuZ2lm/315x250%23c/qNgjKg.gif,2026-04-24T05:19:06.414771+00:00,Tesseron,1524443
7e9c76ad1913cb4c,itch.io,Ambermoon.net,Remake of the Amiga RPG classic Ambermoon,3D,Role Playing,,"windows, macos",,https://pyrdacor.itch.io/ambermoon,https://img.itch.zone/aW1nLzcwMTcwMzEucG5n/315x250%23c/iNvtkI.png,2026-04-24T05:19:06.666356+00:00,Pyrdacor,1200722
5e9d0eee64e69544,itch.io,Angeline Era,Every level is hidden in plain sight in this nonlinear 3D Bumpslash Action-Adventure game!,3D,Adventure,,"windows, macos",,https://han-tani.itch.io/angeline-era,https://img.itch.zone/aW1nLzI0MTYxODg3LnBuZw==/315x250%23c/LkPjYb.png,2026-04-24T05:19:06.727140+00:00,Melos Han-Tani,1815595
eac2581e07d3d779,itch.io,Anger Foot,A lightning-fast hard-bass blast of kicking doors and kicking ass.,3D,Shooter,,"windows, macos",,https://squidcor.itch.io/anger-foot,https://img.itch.zone/aW1nLzc1ODM0MjkuZ2lm/315x250%23c/yAC06o.gif,2026-04-24T05:19:06.575020+00:00,Robbie Fraser,854413
10445d0cba9304e4,itch.io,Anodyne 2: Return to Dust,"In this hybrid 2D+3D adventure, explore an island, shrink into and cure the sick!",3D,Adventure,,"windows, macos",,https://han-tani.itch.io/anodyne-2,https://img.itch.zone/aW1nLzIyOTE4MzMucG5n/315x250%23c/6NllGo.png,2026-04-24T05:19:07.082240+00:00,Melos Han-Tani,265671
53fd27212f22a025,itch.io,AoTTG2 - Attack on Titan Tribute Game 2,The official sequel to one of the most beloved fan games ever created.,3D,Action,,"windows, macos",,https://aottg2.itch.io/aottg2,https://img.itch.zone/aW1nLzI1NDUxMjQ0LnBuZw==/315x250%23c/PAK2E5.png,2026-04-24T05:19:06.474664+00:00,AoTTG2,2745691
ec9361ef29b20638,itch.io,Apes VS Helium,First Person Bloons TD,3D,Action,,"windows, macos",,https://mdtowerz.itch.io/apesvshelium,https://img.itch.zone/aW1nLzE0MDQ3MjY3LnBuZw==/315x250%23c/rG1bUd.png,2026-04-24T05:19:06.894479+00:00,ðð¿ðððððð ðð¼ððð,2372002
10ff7111f761061c,itch.io,Armaphract,Tactical urban tank combat,3D,Strategy,,windows,,https://aeoriii.itch.io/ironmirage,https://img.itch.zone/aW1nLzIzNzM0MTY5LnBuZw==/315x250%23c/AmokG9.png,2026-04-24T05:19:06.684084+00:00,aeoriii,3517194
47505ed8c7fee898,itch.io,Ashes of Equestria,"An open-world RPG based on Kkat's 'Fallout: Equestria', explore the world and become the Stable Dweller.",3D,Role Playing,,windows,,https://overmare.itch.io/ashes-of-equestria,https://img.itch.zone/aW1hZ2UvMTI2NTIzLzU4MjU1NC5wbmc=/315x250%23c/n3NQrW.png,2026-04-24T05:19:06.898021+00:00,The Overmare Studios,126523
477445027fcab29b,itch.io,BACKROOMS '96,Escape the backrooms as a mysterious entity hunts you in the dark...,3D,Adventure,,windows,,https://olliehall.itch.io/backrooms-96,https://img.itch.zone/aW1nLzE5NjgwNTQ5LnBuZw==/315x250%23c/OlqA14.png,2026-04-24T05:19:07.016066+00:00,Ollie Hall,1695728
84587b6860f13df1,itch.io,BERSERK SURVIVOR,"Action Arena Survival fangame set in Kentaro Miura's ""BERSERK"" manga/anime universe.",3D,Action,,"windows, android",,https://renzk.itch.io/berserksurvivor,https://img.itch.zone/aW1nLzE1MDcxNzYwLnBuZw==/315x250%23c/kP%2FWBv.png,2026-04-24T05:19:06.838033+00:00,renzk,2290467
e08a461ef1d9dd50,itch.io,BURNING SNOW,A short experience about fire and a winter forest,3D,Adventure,,windows,,https://justcore.itch.io/burning-snow,https://img.itch.zone/aW1nLzI2MTU3Nzg0LmdpZg==/315x250%23c/j%2F7c5E.gif,2026-04-24T05:19:06.238149+00:00,justcore,4381691
9145b04fda1b5169,itch.io,Babbdi,,3D,Adventure,,windows,,https://lemaitre-bros.itch.io/babbdi,https://img.itch.zone/aW1nLzEwNjY0NTE4LnBuZw==/315x250%23c/PvioiX.png,2026-04-24T05:19:06.498282+00:00,Lemaitre Bros.,1705935
2a74700cd47991bf,itch.io,Babysitter Bloodbath,"A simple night of babysitting turns into an unspeakable nightmare.. VHS era, low poly slasher. PS1 style survival horror",3D,Adventure,,windows,,https://puppetcombo.itch.io/babysitter-bloodbath,https://img.itch.zone/aW1hZ2UvMTA3MDgwLzQ5Nzk0OC5naWY=/315x250%23c/3PzrYF.gif,2026-04-24T05:19:06.519377+00:00,Puppet Combo,107080
2c4a7641e58b2d16,itch.io,Backyard,Based on real events,3D,Adventure,,windows,,https://guilty-roses.itch.io/backyard,https://img.itch.zone/aW1nLzIwMDM5OTk0LnBuZw==/315x250%23c/lIii1H.png,2026-04-24T05:19:07.084950+00:00,Guilty Roses,3356628
873fca8dd7d10aec,itch.io,Baldi's Fun New School Remastered 1.4.7,A Remastered Version Of Baldi's Fun New School!,3D,Educational,,"windows, macos, android",,https://johnsterspacegames.itch.io/baldis-fun-new-school-remastered,https://img.itch.zone/aW1nLzk3NTc2NzAucG5n/315x250%23c/o9pkYw.png,2026-04-24T05:19:06.600923+00:00,JohnsterSpaceGames,1073800
89d83cb9b280eaa7,itch.io,Baldi's Fun New School Ultimate,"It's ultimately fun! Currently under development. Happy birthday, Baldi!",3D,Educational,,"windows, macos, android",,https://johnsterspacegames.itch.io/baldis-fun-new-school-ultimate,https://img.itch.zone/aW1nLzk2ODA5MDAucG5n/315x250%23c/NxJKs9.png,2026-04-24T05:19:06.483603+00:00,JohnsterSpaceGames,1645633
ed501038467af6d9,itch.io,Banana Blood,This is the banana horror game. They call it certain death. I call it an a-peeling adventure. Time to go bananas.,3D,,,windows,,https://vidas-salavejus.itch.io/banana-blood,https://img.itch.zone/aW1nLzI2ODM3MzQwLnBuZw==/315x250%23c/MYiGIv.png,2026-04-24T05:19:06.431643+00:00,Vidas Games,4501723
ee6a295d29f0d13c,itch.io,Barb,Game made during Global Game Jam 2016,3D,Adventure,,windows,,https://kenney.itch.io/barb,https://img.itch.zone/aW1nLzI2MjEwMDMucG5n/315x250%23c/gh9f%2Bh.png,2026-04-24T05:19:07.292904+00:00,Kenney,52545
713b501fdaf68b52,itch.io,Barking From The Dark,,3D,Adventure,,windows,,https://shoft.itch.io/the-last-ride,https://img.itch.zone/aW1nLzI1ODE5OTA3LnBuZw==/315x250%23c/R39G1Z.png,2026-04-24T05:19:06.906353+00:00,Shoft,3216584
f0db86208feb4f6b,itch.io,Barking from The Dark DEMO,,3D,Adventure,,windows,,https://shoft.itch.io/barking-from-the-dark-demo,https://img.itch.zone/aW1nLzI1ODE5OTEwLnBuZw==/315x250%23c/FaLqA6.png,2026-04-24T05:19:06.228898+00:00,Shoft,4314458
f21faea7cf7d3030,itch.io,Basilisk - SNES,,3D,Adventure,,windows,,https://akuma-kira.itch.io/basilisk-snes,https://img.itch.zone/aW1nLzgwNDY5OTIucG5n/315x250%23c/MYard%2B.png,2026-04-24T05:19:06.761075+00:00,KIRA,1381484
a805fb7e07bd666f,itch.io,Beary the Hatchet,A serial killer and her number one fan hide a body.,3D,Visual Novel,,windows,,https://mokadevs.itch.io/beary-the-hatchet,https://img.itch.zone/aW1nLzEzNTk3MTA5LnBuZw==/315x250%23c/KWAhVT.png,2026-04-24T05:19:06.705633+00:00,mokadevs,2290612
cfd3c655be353c05,itch.io,Beware the Shadowcatcher,"Serve the Shadows, save the diner.",3D,Action,,windows,,https://zed-technician.itch.io/beware-the-shadowcatcher,https://img.itch.zone/aW1nLzkwMjgxNjEucG5n/315x250%23c/%2BCkwzA.png,2026-04-24T05:19:06.874228+00:00,Zed_Technician,1547470
d0cf4da6102ee9c8,itch.io,Billie Bust Up! Kickstarter Demo,A Musical 3D Platformer with cute characters and catchy villain songs!ð¶,3D,Platformer,,windows,,https://billiebustup.itch.io/billiebustup,https://img.itch.zone/aW1nLzQ2NTU3MTAucG5n/315x250%23c/YpDpy5.png,2026-04-24T05:19:06.382516+00:00,Billie Bust Up,830810
d6bcd40627683e25,itch.io,Blacktrace,A third-person film noir shooter.,3D,Action,,"windows, macos",,https://gyrthmcmulin.itch.io/blacktrace,https://img.itch.zone/aW1nLzEwMjM1MjgyLnBuZw==/315x250%23c/NdZoli.png,2026-04-24T05:19:07.126115+00:00,GyrthMcMulin,364963
59455ab66369dcad,itch.io,Bloodbark,The trees are bleeding.,3D,Adventure,,windows,,https://sirtartarus.itch.io/bloodbark,https://img.itch.zone/aW1nLzIwNTgyOTk1LmdpZg==/315x250%23c/nb6ESd.gif,2026-04-24T05:19:06.277205+00:00,SirTartarus,3435096
3417ac7b93ea9aa5,itch.io,Broken Through,This is no ordinary gameâ¦,3D,Adventure,,windows,,https://jordiboi.itch.io/brokenthrough,https://img.itch.zone/aW1nLzkzNTUwMTMucG5n/315x250%23c/u8t5MH.png,2026-04-24T05:19:06.471211+00:00,JordiBoi,1570437
a72b7f007063451b,itch.io,Buckshot Roulette,Risk your life.,3D,,,windows,,https://mikeklubnika.itch.io/buckshot-roulette,https://img.itch.zone/aW1nLzE0NjIyNDk0LnBuZw==/315x250%23c/sVIn2e.png,2026-04-24T05:19:06.590650+00:00,Mike Klubnika,2443623
94f752602e3a296e,itch.io,Burger & Frights,A short PS1-style horror game,3D,Survival,,unknown,,https://donitz.itch.io/burger-frights,https://img.itch.zone/aW1nLzY4MDU0NjcucG5n/315x250%23c/Wda88F.png,2026-04-24T05:19:06.777134+00:00,Donitz,1169131
5254839aacf9ae61,itch.io,Burnin' Rubber 3,Rule the world in this fast-driving racing sequel. Play the Daily Challenge or take on the globe in World Domination!,3D,Action,,windows,,https://xformgames.itch.io/burnin-rubber-3,https://img.itch.zone/aW1hZ2UvMjM0NzkwLzExMjc3NjMucG5n/315x250%23c/OLEESs.png,2026-04-24T05:19:06.717858+00:00,XformGames,234790
2df1d6cb3d978463,itch.io,Burnin' Rubber 4,Free-roam the Burnin' Rubber universe! Fight in challenges and special missions to unlock new content. Are you ready?!,3D,Action,,windows,,https://xformgames.itch.io/burnin-rubber-4,https://img.itch.zone/aW1hZ2UvMjU1NzM3LzEyNDEwNDcucG5n/315x250%23c/WL8h6M.png,2026-04-24T05:19:06.812232+00:00,XformGames,255737
2c0c52faeb4879d7,itch.io,CHASMTIDE,Lovecraftian Underwater Horror on a Alien Planet,3D,,,windows,,https://azagamestudio.itch.io/chasmtide,https://img.itch.zone/aW1nLzI2MTMyMDAwLnBuZw==/315x250%23c/jM2rLJ.png,2026-04-24T05:19:06.900863+00:00,AzaGameStudio,4377454
7d25649e8767eae8,itch.io,CHERNOZEM (PROTOTYPE),Co-op survival horror inspired by Resident Evil and Silent Hill,3D,Survival,,windows,,https://deadkir.itch.io/chernozem,https://img.itch.zone/aW1nLzE2MDg4ODA1LnBuZw==/315x250%23c/%2BiD7uw.png,2026-04-24T05:19:06.438005+00:00,DeadKir,2693638
eea7ccd0aea95f68,itch.io,CHORDOSIS,Cosmic Horror About Alien Abductions,3D,Adventure,,windows,,https://adamdubigames.itch.io/chordosis,https://img.itch.zone/aW1nLzEzMTI0ODk3LnBuZw==/315x250%23c/qym%2BW7.png,2026-04-24T05:19:07.302479+00:00,AdamDubiGames,2209445
567661ac402d7b22,itch.io,COLDLINE,nuclear armageddon is just a phone call away,3D,Action,,windows,,https://papercookies.itch.io/coldline,https://img.itch.zone/aW1nLzk3NTg2NzMuZ2lm/315x250%23c/H5I2cs.gif,2026-04-24T05:19:06.849311+00:00,adam pype,1658002
6a38c80df3e9027d,itch.io,Call of The Fire,,3D,Adventure,,windows,,https://k-rad.itch.io/call-of-the-fire,https://img.itch.zone/aW1nLzEyNTY1NDA0LnBuZw==/315x250%23c/NC6kO5.png,2026-04-24T05:19:06.489253+00:00,K-RAD,2128790
d2326485469e5694,itch.io,Captain Willie,Sail the seas with Captain Willie,3D,Adventure,,windows,,https://buggata.itch.io/captain-willie,https://img.itch.zone/aW1nLzE0NjYzNTgyLnBuZw==/315x250%23c/A30Jn2.png,2026-04-24T05:19:07.175362+00:00,Buggata,2469090
b9c4b8d77ed87138,itch.io,Captive,Short Horror Game,3D,Survival,,"windows, android",,https://altf4-games.itch.io/captive,https://img.itch.zone/aW1nLzM3ODQzMzIuZ2lm/315x250%23c/bTsB%2Ba.gif,2026-04-24T05:19:07.122644+00:00,AltF4 Games,687194
2cee61c173e8d587,itch.io,Celeste 64: Fragments of the Mountain,Gear up for the Celeste 6th Anniversary Challenge!,3D,Adventure,,windows,,https://maddymakesgamesinc.itch.io/celeste64,https://img.itch.zone/aW1nLzE0ODYxNjEyLnBuZw==/315x250%23c/jiKCvS.png,2026-04-24T05:19:07.030450+00:00,Maddy Makes Games,2492047
021b4f820dc46380,itch.io,Changed 3D,Survive the terrors of the laboratory.,3D,Adventure,,windows,,https://thewartank.itch.io/changed-3d,https://img.itch.zone/aW1nLzIxMzI2NjA4LmpwZw==/315x250%23c/aL1ige.jpg,2026-04-24T05:19:06.617220+00:00,TheWarTank,1687693
c20f941ed4bf4739,itch.io,Cheeky Chooks,Let's get chookin!,3D,Simulation,,"windows, macos, android",,https://trilumstudios.itch.io/cheeky-chooks,https://img.itch.zone/aW1nLzE4MzIxNjIucG5n/315x250%23c/jfpUzq.png,2026-04-24T05:19:06.834373+00:00,TrilumStudios,298981
f993a10b1440a202,itch.io,Choo-Choo Charles,Fight an evil spider train named Charles.,3D,Action,,"windows, macos",,https://two-star-games.itch.io/choo-choo-charles,https://img.itch.zone/aW1nLzEzMTQ1NTQ3LnBuZw==/315x250%23c/Bm2Lt3.png,2026-04-24T05:19:06.622881+00:00,Two Star Games,2221394
9f2fd318ab14a1bb,itch.io,Cleaning Redville,A short horror game about cleaning a dangerous town.,3D,Adventure,,windows,,https://dopplerghost.itch.io/cleaning-redville,https://img.itch.zone/aW1nLzgyODU1ODEuZ2lm/315x250%23c/Aea61e.gif,2026-04-24T05:19:07.277103+00:00,DopplerGhost,1420356
727bcfd933131f75,itch.io,Cleany's Window Service,Clean the windows of a rich family's home during a suspiciously quiet night.,3D,Adventure,,windows,,https://dopplerghost.itch.io/cleanys-window-service,https://img.itch.zone/aW1nLzEzODg1NTA4LnBuZw==/315x250%23c/gmyyEI.png,2026-04-24T05:19:07.311398+00:00,DopplerGhost,2336640
97f3974f961df809,itch.io,Clone Drone in the Danger Zone,Human! You are about to become a sword robot!,3D,Action,,"windows, macos",,https://doborog.itch.io/clonedroneinthedangerzone,https://img.itch.zone/aW1hZ2UvODA0ODcvNDEzNjU5LmdpZg==/315x250%23c/p733JS.gif,2026-04-24T05:19:07.179392+00:00,Doborog Games,80487
7f4bd400c013398f,itch.io,Cloud Gardens,A chill game about using plants to overgrow abandoned wasteland dioramas,3D,Simulation,,"windows, macos",,https://noio.itch.io/cloud-gardens,https://img.itch.zone/aW1nLzY4NzE1NzMucG5n/315x250%23c/mYgt1G.png,2026-04-24T05:19:07.230222+00:00,noio,381236
fde927581609e9d7,itch.io,Cosmic Express,A puzzle game about planning the train route for the world's most awkward space colony,3D,Puzzle,,"windows, macos",,https://draknek.itch.io/cosmic-express,https://img.itch.zone/aW1hZ2UvMTIxNjE0LzcwMjQ3NS5naWY=/315x250%23c/hLWMLV.gif,2026-04-24T05:19:06.970032+00:00,Draknek & Friends,121614
ffd47633a08a7d32,itch.io,Creature Kitchen,A cozy atmospheric cooking simulator where you befriend local wildlife and feed them their favorite snacks!,3D,Simulation,,windows,,https://the-rat-zone.itch.io/creature-kitchen,https://img.itch.zone/aW1nLzIxNTM2MjQ3LnBuZw==/315x250%23c/%2FUMRf8.png,2026-04-24T05:19:06.650643+00:00,The Rat Zone,2702605
50a25ca3b4af8034,itch.io,Cuddle Kobold: Just a Bite,"Sneak around a Size-Snacking Scalie, for VR and PC!",3D,Survival,,"windows, android",,https://setsune.itch.io/koboldjab,https://img.itch.zone/aW1nLzIyMTAwMzY3LnBuZw==/315x250%23c/A2qG%2Bt.png,2026-04-24T05:19:07.298720+00:00,Setsune,1484750
1c2b843754c1cc3d,itch.io,Cursed Apartment,Anomaly Survival Horror,3D,Adventure,,"windows, macos, android",,https://horror-ponds.itch.io/cursedapartment,https://img.itch.zone/aW1nLzI2Nzc4NDkyLmpwZw==/315x250%23c/xAiVQd.jpg,2026-04-24T05:19:06.346420+00:00,Horror Ponds,2742018
e19a992fc70d726e,itch.io,Cursed Meal,Short PSX inspired Horror game at a cursed church,3D,Adventure,,windows,,https://wastyr.itch.io/cursed-meal,https://img.itch.zone/aW1nLzI1MzM3NzAwLnBuZw==/315x250%23c/lgp1KH.png,2026-04-24T05:19:06.858028+00:00,Wastyr,4246344
522a784672b3e892,itch.io,DELIVERY MYSTERY,Deliver these burgers to your weird customers..,3D,Adventure,,windows,,https://maximillium-studios.itch.io/delivery-mystery,https://img.itch.zone/aW1nLzIwMzA4ODUzLnBuZw==/315x250%23c/P27aEp.png,2026-04-24T05:19:07.204879+00:00,Maximillium,3043391
cdcb2adbef8514f0,itch.io,DOMESTIC FEARS,Try to escape your own house,3D,Adventure,,windows,,https://rosenshinegames.itch.io/domestic-fears,https://img.itch.zone/aW1nLzIxMzU0OTc0LmpwZw==/315x250%23c/uT3nBe.jpg,2026-04-24T05:19:06.286657+00:00,RosenshineGames,3415335
f6d3af24c783ea90,itch.io,DUST CITY,"a city appears, its history burnt into the soil",3D,Adventure,,"windows, macos",,https://kittyhorrorshow.itch.io/dust-city,https://img.itch.zone/aW1hZ2UvMTA1MzcvMzE4MTgucG5n/315x250%23c/yf51tI.png,2026-04-24T05:19:07.006888+00:00,Kitty Horrorshow,10537
99fca82c07c89608,itch.io,Dead Faces,You're losing your mind again Jack - New Demo Out Now,3D,,,windows,,https://azagamestudio.itch.io/dead-faces,https://img.itch.zone/aW1nLzI1NDc0MzM0LnBuZw==/315x250%23c/ovwQPg.png,2026-04-24T05:19:07.182857+00:00,AzaGameStudio,1712279
7d93cd4a306362ee,itch.io,Dead Space Demake,A PS1 Style demake of the first level of Dead Space,3D,Shooter,,windows,,https://brumley53.itch.io/dead-space-demake,https://img.itch.zone/aW1nLzExNzg2NTg3LnBuZw==/315x250%23c/hNEf86.png,2026-04-24T05:19:07.013865+00:00,Fraser Brumley,2004867
1582afa40c263f2a,itch.io,Dead Trust,Can you really trust him? A PSX-style horror game.,3D,Adventure,,windows,,https://hexnut-studios.itch.io/dead-trust,https://img.itch.zone/aW1nLzI0Mjk0OTg1LnBuZw==/315x250%23c/S7uwJe.png,2026-04-24T05:19:06.598139+00:00,Hexnut Studios,4076024
37e243bb53f732dd,itch.io,Death Flush,Will this trip to the bathroom be your last?,3D,Survival,,windows,,https://impostersyndrome.itch.io/death-flush,https://img.itch.zone/aW1nLzQxNjM4NjIucG5n/315x250%23c/99uM7j.png,2026-04-24T05:19:06.843089+00:00,Impostersyndrome,746496
8fc4bf7bbfa2de13,itch.io,Death Trips,Extremely short horror game.â,3D,Interactive Fiction,,"windows, macos",,https://forameuss.itch.io/death-trips,https://img.itch.zone/aW1nLzQ1MDg3MTQucG5n/315x250%23c/on%2FZ6M.png,2026-04-24T05:19:06.548079+00:00,Forameuss,323822
e97f052b4c63b0e3,itch.io,Delivery Driver Massacre,"Kidnapped on a delivery. Escape a grimy PSX-style house, solve puzzles, and survive a killerâs twisted game",3D,Survival,,windows,,https://rotheartgames.itch.io/delivery-driver-massacre,https://img.itch.zone/aW1nLzIyNzM4ODA1LnBuZw==/315x250%23c/MsAH%2B0.png,2026-04-24T05:19:06.988948+00:00,RotHeartGames,3713330
a263e7fe341dae8c,itch.io,Deppart Prototype,,3D,Survival,,windows,,https://n4ba.itch.io/deppart,https://img.itch.zone/aW1nLzEyMTk5MTc2LnBuZw==/315x250%23c/aR3cMO.png,2026-04-24T05:19:07.098423+00:00,N4bA,2071787
ae1cff7b61127b93,itch.io,Descending,"Down, down, down.",3D,Simulation,,windows,,https://leth4.itch.io/descending,https://img.itch.zone/aW1nLzE3NTAyNzYzLnBuZw==/315x250%23c/gT5g5P.png,2026-04-24T05:19:06.963098+00:00,leth,2831347
25f55ee91451d2cd,itch.io,Don't Let It Starve,"A horror roguelike deckbuilder. Trapped in a kitchen, forced to feed a half-chef monster that crawls through the vents",3D,Strategy,,windows,,https://eduardscarpato.itch.io/dont-let-it-starve,https://img.itch.zone/aW1nLzIzNDIwMzA0LnBuZw==/315x250%23c/pgF6Ev.png,2026-04-24T05:19:07.189996+00:00,Eduardo Scarpato,3830383
1600b95d01b9dcf1,itch.io,Don't Play This DEMO,A psychological horror game in the walking simulator genre.,3D,Adventure,,windows,,https://a1esska.itch.io/dontplaythis,https://img.itch.zone/aW1nLzI1NTM1NzQ1LnBuZw==/315x250%23c/%2BJTvvz.png,2026-04-24T05:19:06.257122+00:00,a1esska,4272777
fb6910b6de95f4e4,itch.io,"Dr. Langeskov, The Tiger, And The Terribly Cursed Emerald: A Whirlwind Heist",A 15 minute experimental heist game,3D,,,"windows, macos",,https://crowscrowscrows.itch.io/dr-langeskov-the-tiger-and-the-terribly-cursed-emerald-a-whirlwind-heist,https://img.itch.zone/aW1hZ2UvNDU4MzAvMTk5MzUxLnBuZw==/315x250%23c/4Jdq5r.png,2026-04-24T05:19:06.840944+00:00,Crows Crows Crows,45830
0e56bfc26a02b5aa,itch.io,Dragon Creator,Create your own dragon,3D,Simulation,,unknown,,https://dragonita.itch.io/dragon-creator,https://img.itch.zone/aW1nLzEzNjM4MDcxLnBuZw==/315x250%23c/yhEZI5.png,2026-04-24T05:19:06.692922+00:00,Dragonita,2173790
ba2bb6518bc22b4e,itch.io,Dreader,Retro mouse maze horror game,3D,Simulation,,unknown,,https://donitz.itch.io/dreader,https://img.itch.zone/aW1nLzQzNDI2NzgucG5n/315x250%23c/xnuBwz.png,2026-04-24T05:19:06.863848+00:00,Donitz,775853
b068373e22ed4c78,itch.io,Driftline Peaks - DEMO (PSX),PSX Touge Racing Game,3D,Racing,,"windows, macos",,https://moi0210.itch.io/driftline-peaks-demo,https://img.itch.zone/aW1nLzIyNTcxNzc1LnBuZw==/315x250%23c/OluAfy.png,2026-04-24T05:19:06.641031+00:00,MoiDev,1259950
2ed21b335d716a1a,itch.io,Drone Delivery Despair,You are a delivery drone,3D,Adventure,,windows,,https://kenforest.itch.io/drone-delivery-despair,https://img.itch.zone/aW1nLzEyMDg1MTAzLnBuZw==/315x250%23c/r%2B9aBE.png,2026-04-24T05:19:06.739263+00:00,kenforest,2050095
8d955825b0d88982,itch.io,Ducklings,"ð¦ Quack, you're a duck. Swim around and rescue Ducklings. Upgrade your nest. Relax ð¦",3D,Adventure,,unknown,,https://pelicanparty.itch.io/ducklings,https://img.itch.zone/aW1nLzI1MDc0MzUuZ2lm/315x250%23c/VpFChw.gif,2026-04-24T05:19:06.767138+00:00,Pelican Party,485746
9fc481ad799d90da,itch.io,EDGY,"Shoot, slice, and  break some necks in this hard-hitting FPS.",3D,Action,,unknown,,https://fphund.itch.io/edgy,https://img.itch.zone/aW1nLzQxNDk2MDAucG5n/315x250%23c/KVkhxn.png,2026-04-24T05:19:06.659458+00:00,fphund,744282
4dcac8945387d220,itch.io,ERROR422,error422real,3D,Survival,,windows,,https://kfedrfd.itch.io/error422,https://img.itch.zone/aW1nLzExNDgzNjg2LnBuZw==/315x250%23c/l3f%2FrK.png,2026-04-24T05:19:07.247938+00:00,kfedr,1953012
e7a74575d8f7ca5b,itch.io,Eggdog Extended,use the power of strawberries to get as high as you can! ð,3D,,,unknown,,https://zamsire.itch.io/eggdog-extend,https://img.itch.zone/aW1nLzEzODg4OTc4LnBuZw==/315x250%23c/ZL6X5B.png,2026-04-24T05:19:06.751020+00:00,zamsire,2344425
68e8b8745b671ebd,itch.io,Eggs for Bart,Can you buy eggs for Bart?,3D,Action,,"windows, macos",,https://fleebs.itch.io/eggs-for-bart,https://img.itch.zone/aW1nLzIxNjY1NDkuZ2lm/315x250%23c/qzVXns.gif,2026-04-24T05:19:07.318377+00:00,Fleebs,284107
e398ec911b5de9af,itch.io,Eldritch,Unearth ancient secrets and find your way to freedom!,3D,Action,,"windows, macos",,https://minorkeygames.itch.io/eldritch,https://img.itch.zone/aW1hZ2UvNzA1NTAvMzI2MTUyLnBuZw==/315x250%23c/QPitzR.png,2026-04-24T05:19:06.966591+00:00,Minor Key Games,70550
696253ae14ffefb3,itch.io,Electric Trains,An arcade train simulator,3D,Simulation,,"windows, macos, android",,https://m-iden.itch.io/electric-trains,https://img.itch.zone/aW1nLzMxNDA5NjUucG5n/315x250%23c/LMBBxo.png,2026-04-24T05:19:06.532153+00:00,m_iden,466550
27c2457e8f6553a3,itch.io,Elevated Dread,This is the last house you need to put up flyers in!,3D,Adventure,,windows,,https://andrground.itch.io/elevated-dread,https://img.itch.zone/aW1nLzEwOTYzNzAwLmdpZg==/315x250%23c/Q0r4gT.gif,2026-04-24T05:19:06.327562+00:00,andrground,1865292
f710c38c876fc1b9,itch.io,Embuscade,A short horror tale told through a voxelated experience full of secrets.,3D,,,windows,,https://maxparata.itch.io/embuscade,https://img.itch.zone/aW1hZ2UvMTg4NjI3LzEwNjIzNTkucG5n/315x250%23c/T0cWfH.png,2026-04-24T05:19:06.610263+00:00,monogon,188627
facb71ef92b83480,itch.io,Empty.,Everything must go.,3D,Puzzle,,unknown,,https://dustyroom.itch.io/empty,https://img.itch.zone/aW1nLzQzMTMxNTEucG5n/315x250%23c/vKwq53.png,2026-04-24T05:19:06.879154+00:00,Dustyroom,106574
7bd05aa0fcca0428,itch.io,En Garde! - Student Project (2018),A swashbuckling adventure!,3D,Action,,windows,,https://engarde.itch.io/en-garde,https://img.itch.zone/aW1hZ2UvMjczMDYxLzEzMjEyMzIucG5n/315x250%23c/gatUSD.png,2026-04-24T05:19:07.173160+00:00,En Garde!,273061
7274fc83e4057c0f,itch.io,Everyone Knows Their Place at the Table,"""No matter how much you give, it will never be enough.""â",3D,Adventure,,unknown,,https://hkeino.itch.io/everyone-knows-their-place-at-the-table,https://img.itch.zone/aW1nLzI2Nzk1OTgyLnBuZw==/315x250%23c/b%2B0OCV.png,2026-04-24T05:19:06.606827+00:00,HKeino,4482329
3d701e69bef7b5b7,itch.io,Eyeless Jack,Eyeless Jack Horror Game,3D,,,windows,,https://tayodevgames.itch.io/eyeless-jack,https://img.itch.zone/aW1nLzE1OTM5ODY5LnBuZw==/315x250%23c/xT7VrR.png,2026-04-24T05:19:07.216942+00:00,tayoDEV,2656478
0395690564cace0d,itch.io,FEED AXEL!,Fry up some Axelotls and decorate food to feed Axel! A fangame for Axel Syrios of Holostars English Tempus,3D,Simulation,,unknown,,https://satsumagmo.itch.io/feed-axel,https://img.itch.zone/aW1nLzE1ODY2MDQ5LnBuZw==/315x250%23c/QT7x%2Bq.png,2026-04-24T05:19:07.306032+00:00,satsumagmo,2249732
0082eac3f1187ba8,itch.io,FERALPALS: Chapter 1,Humanity is extinct. The  FeralPals remain,3D,Adventure,,windows,,https://polypaw.itch.io/feralpals,https://img.itch.zone/aW1nLzI2NzEyMzE5LmdpZg==/315x250%23c/ml3Neq.gif,2026-04-24T05:19:06.250411+00:00,Polypaw,4460097
a580fbce08a7aa74,itch.io,FFX Runner HD,Run away from enemy cars who want to kill you.,3D,Action,,windows,,https://ffx.itch.io/ffx-runner-hd,https://img.itch.zone/aW1hZ2UvNTQwOTIvMjQxMjY1LnBuZw==/315x250%23c/36zDFk.png,2026-04-24T05:19:06.570892+00:00,ffx,54092
6303cecf65f4ec25,itch.io,FNAF Online Multiplayer,Co-Op FNAF Fan Game with Asymmetric Roles,3D,Survival,,windows,,https://brian-mpz.itch.io/fnaf-online,https://img.itch.zone/aW1nLzI2Mzg4MTUyLnBuZw==/315x250%23c/vDu3Pg.png,2026-04-24T05:19:06.449144+00:00,BrianMPZ,3229443
63018c6a84c4f804,itch.io,FNAF REWRITTEN: 87,FNAF Rewritten: 87 is a re-imagining of FNAF 2 that aims to make major changes to the story,3D,,,windows,,https://dot-e26.itch.io/fnaf-rewritten-87,https://img.itch.zone/aW1nLzIxMzY2MzQ0LnBuZw==/315x250%23c/dLif2J.png,2026-04-24T05:19:06.643825+00:00,Dot-e,3589776
a4c5466375cca0ff,itch.io,FNAF Rewritten,Five Nights at Freddy's Rewritten is a fan-made re-imagining of FNAF 1.,3D,,,windows,,https://dot-e26.itch.io/fnaf-rewritten,https://img.itch.zone/aW1nLzIxMzY4NDE4LnBuZw==/315x250%23c/YYHsCS.png,2026-04-24T08:11:32.929718+00:00,Dot-e,3590031
c25df8cc56a64220,itch.io,FPV Freerider,RC Quadcopter Racing Simulator,3D,Simulation,,"windows, macos",,https://fpv-freerider.itch.io/fpv-freerider,https://img.itch.zone/aW1nLzE4MzA5MjcucG5n/315x250%23c/MwKtJT.png,2026-04-24T05:19:06.631218+00:00,FPV Freerider,25491
0a1e71226772add0,itch.io,Fallen Ties,Immersive sim cruise ship espionage!,3D,Shooter,,windows,,https://studio-laaya.itch.io/fallen-ties,https://img.itch.zone/aW1nLzI2ODYxNTUwLnBuZw==/315x250%23c/ouxeMO.png,2026-04-24T05:19:06.263264+00:00,Studio Laaya,4497502
a1c68e844f155156,itch.io,Fear Channel,2 player online community horror game meant for streamers.,3D,Survival,,windows,,https://sachajacquemin.itch.io/fearchannel,https://img.itch.zone/aW1nLzQ4NzEzOTMuZ2lm/315x250%23c/qjfP0s.gif,2026-04-24T05:19:06.954815+00:00,SachaJacquemin,770777
70d4bcb6eedc8864,itch.io,Fears to Fathom - Home Alone,Unsettling Home Invasion Horror,3D,Adventure,,windows,,https://rayll.itch.io/fears-to-fathom,https://img.itch.zone/aW1nLzY0MjA1NTcuZ2lm/315x250%23c/MuY%2Fxr.gif,2026-04-24T05:19:06.342996+00:00,Rayll,1111002
4780af706de2e4c3,itch.io,FlowScape,Let Nature Flow from your Brush,3D,Simulation,,"windows, macos",,https://pixelforest.itch.io/flowscape,https://img.itch.zone/aW1nLzI0MjQ0MDMuanBn/315x250%23c/3DmQKe.jpg,2026-04-24T05:19:07.045335+00:00,PixelForest,353872
828341c2a6324544,itch.io,Flutterly Floored,The world looks very different when you are tiny...,3D,Adventure,,unknown,,https://yrgo.itch.io/flutterly-floored,https://img.itch.zone/aW1nLzEyNjExMTUwLnBuZw==/315x250%23c/fCU7aM.png,2026-04-24T05:19:07.219840+00:00,Yrgo,2052485
c62b911b04f669a3,itch.io,Forsaken Prison,,3D,Simulation,,windows,,https://nannings.itch.io/forsaken-prison,https://img.itch.zone/aW1nLzE0MDUyODk5LnBuZw==/315x250%23c/%2FJIiiE.png,2026-04-24T05:19:06.978676+00:00,Nannings,2373060
4435888bdda9e98c,itch.io,Foxhunt (Chapter 1),Are you clever enough to find me?,3D,Puzzle,,"windows, macos",,https://anomalina.itch.io/foxhunt-chapter1,https://img.itch.zone/aW1nLzE3MzI5ODQucG5n/315x250%23c/A8H2Bp.png,2026-04-24T05:19:07.267028+00:00,anomalina,347714
8a6d178ce520a305,itch.io,Foxo's Fun Schoolhouse: Legacy,A fun eÌ¶dÌ¶uÌ¶cÌ¶aÌ¶tÌ¶iÌ¶oÌ¶nÌ¶aÌ¶lÌ¶ game,3D,Survival,,"windows, macos",,https://nicec00lkidd.itch.io/ffs-legacy,https://img.itch.zone/aW1nLzEzMDA1OTI1LnBuZw==/315x250%23c/iwOCjq.png,2026-04-24T05:19:06.851705+00:00,Nicec00lkidd,1513769
5209fc0206c92596,itch.io,Fractured: The Cast,Psychological horror that exposes the true nightmare of our world,3D,Simulation,,windows,,https://fenixapple.itch.io/fractured,https://img.itch.zone/aW1nLzI2MTMzMDc0LnBuZw==/315x250%23c/hrUHTd.png,2026-04-24T05:19:06.526471+00:00,Fenixapple,3842296
5224efc0e0c15ed0,itch.io,Fragments of Euclid,An exploration puzzle game in a mind-bending world.,3D,Puzzle,,"windows, macos",,https://nusan.itch.io/fragments-of-euclid,https://img.itch.zone/aW1hZ2UvMTIyNjQxLzU3MzgxMS5naWY=/315x250%23c/1g%2FQkX.gif,2026-04-24T05:19:06.927127+00:00,NuSan,122641
96aa18bc6fbda559,itch.io,Fundamental Paper Education Mobile,Creator of fpe game : Gooble | Creator of fpe Mobile Version : Me,3D,Survival,,"windows, android",,https://hurdev.itch.io/fundamental-paper-education,https://img.itch.zone/aW1nLzE4MjUyNzgwLnBuZw==/315x250%23c/ncYK5r.png,2026-04-24T05:19:07.010450+00:00,HurDev,2821200
29fcc864a3efe36a,itch.io,Funeralopolis | Last Days,Last days before the skies of Huta-Grobno city turned red,3D,Adventure,,windows,,https://banana-jeff.itch.io/dniostatnie,https://img.itch.zone/aW1nLzE3NzU5Nzk1LmpwZw==/315x250%23c/SW59rj.jpg,2026-04-24T05:19:06.562504+00:00,BananaDevJeff,2094063
e98a0a4f2a286dad,itch.io,GALVAN,galvan,3D,Action,,windows,,https://haezdev.itch.io/galvan,https://img.itch.zone/aW1nLzIyMzQ4OTc1LmpwZw==/315x250%23c/w2oxng.jpg,2026-04-24T05:19:06.318073+00:00,Haez,3754724
49a9877015439123,itch.io,GOOEY,Melee combat with physics and exploration,3D,Fighting,,unknown,,https://orsonik.itch.io/gooey,https://img.itch.zone/aW1nLzE0NzI2ODIyLnBuZw==/315x250%23c/1JAYSm.png,2026-04-24T05:19:06.462759+00:00,Orsoniks,2479905
93eae4abf5f0dce5,itch.io,Geographical Adventures,Fly around the world delivering packages to various countries.,3D,,,"windows, macos",,https://sebastian.itch.io/geographical-adventures,https://img.itch.zone/aW1nLzgxMTU2OTIuanBn/315x250%23c/d54v0w.jpg,2026-04-24T05:19:07.254320+00:00,Sebastian Lague,1391574
55d4f97ac6b985bb,itch.io,Gleba (v0.2.1),A scientifically accurate fantasy world simulator in development,3D,Simulation,,windows,,https://calandiel.itch.io/gleba,https://img.itch.zone/aW1nLzI2MDI3NTUzLnBuZw==/315x250%23c/PpJzdP.png,2026-04-24T05:19:06.821224+00:00,Calandiel,1835186
279cf2bb5063665c,itch.io,Guns and Nuns: Storming Hell Demo,Play as nun blasting demons with hot lead for fun.,3D,Action,,windows,,https://rm120.itch.io/guns-and-nuns-storming-hell-demo,https://img.itch.zone/aW1nLzIzOTkyOTYzLnBuZw==/315x250%23c/uZNR7j.png,2026-04-24T08:11:32.939319+00:00,RM120,4021878
02db635bb228e827,itch.io,HEADACHE,A Hotline-Miami style FPS  where you rampage through your shady fraudulent workplace,3D,Shooter,,windows,,https://aloe-digital.itch.io/headache,https://img.itch.zone/aW1nLzExMjY0NTM4LnBuZw==/315x250%23c/5uHOao.png,2026-04-24T05:19:06.522853+00:00,ALOE-DIGITAL,1916485
6f67f712517b283a,itch.io,HIT8OX,A fully 3D fighting game that takes place in several urban environments.,3D,Fighting,,unknown,,https://vladcomarlau.itch.io/hit8ox,https://img.itch.zone/aW1nLzExNzgxMzIwLmdpZg==/315x250%23c/cGoj40.gif,2026-04-24T05:19:07.327541+00:00,vladcomarlau,2003965
d8d7a26337ac010c,itch.io,HONOR++,Movement Based Sword Fighting PVP,3D,Action,,windows,,https://gruelscum.itch.io/honorplusplus,https://img.itch.zone/aW1nLzEzMzI4OTUxLnBuZw==/315x250%23c/czLBA4.png,2026-04-24T05:19:06.529871+00:00,GruelScum,2237412
3d09a6c275b40346,itch.io,HOW TO GRILL SAUSAGE,LIMINAL COOKING,3D,Simulation,,windows,,https://duck-in-the-dark.itch.io/how-to-grill-sausage,https://img.itch.zone/aW1nLzI1ODE3MDA4LnBuZw==/315x250%23c/6igL29.png,2026-04-24T05:19:06.486482+00:00,duck in the dark,4324739
57c423f049ad80c8,itch.io,Halen: Ballad of the Blade Thief,"Retrieve Artifact, Escape Temple, Adventure Ensues",3D,Action,,windows,,https://skypyre.itch.io/halen,https://img.itch.zone/aW1nLzM2NzM0MTAucG5n/315x250%23c/yq6dfq.png,2026-04-24T05:19:07.286649+00:00,SkyPyre Studios,168593
e879b16c94d37650,itch.io,Half Sword,Physical medieval combat simulator,3D,Action,,windows,,https://knives-frank.itch.io/halfsword,https://img.itch.zone/aW1nLzY5MjE4NDQucG5n/315x250%23c/RUVC5T.png,2026-04-24T05:19:06.367536+00:00,Knives_Frank,1089454
3fd4534c13d6e2de,itch.io,Hard Lads,short game about hunky British lads hitting each other with a chair,3D,Simulation,,"windows, macos",,https://radiatoryang.itch.io/hardlads,https://img.itch.zone/aW1nLzI2MDI2ODkxLmpwZw==/315x250%23c/%2BMNSFD.jpg,2026-04-24T05:19:06.554100+00:00,Robert Yang,656212
7cb40fc25a4b9481,itch.io,Harvest Festival 64,Lost N64 Cartridge (hÌ¸ÍÌÌÌ£aÌ·ÍÌ¾ÍuÌµÍÍÍnÌ¶ÍÌtÌ´ÍÌÌ¡ÌeÌ´ÌÌÌÌ¼dÌ¸ÌÍÌ¤?Ì¶ÌÍÌ¢Ì¬),3D,Adventure,,windows,,https://warrrkus.itch.io/harvest-festival-64,https://img.itch.zone/aW1nLzEwOTg1ODk4LnBuZw==/315x250%23c/r%2BD9CO.png,2026-04-24T05:19:06.870354+00:00,Warkus,1869158
f6b4d7860b09a17f,itch.io,Haunted Cities Volume 2,"an intersection of pale, nameless roads",3D,Adventure,,"windows, macos",,https://kittyhorrorshow.itch.io/haunted-cities-v2,https://img.itch.zone/aW1hZ2UvMTg5NDE0Lzg4NjEyOS5wbmc=/315x250%23c/e3cmqK.png,2026-04-24T05:19:06.991088+00:00,Kitty Horrorshow,189414
b909e9d4b80ecfc6,itch.io,Heredity Assassination,#investigation games #shooting games #PC,3D,Interactive Fiction,,windows,,https://epicwolfstudio.itch.io/heredityassasination,https://img.itch.zone/aW1nLzIwODIxOTEwLnBuZw==/315x250%23c/ofTrnE.png,2026-04-24T05:19:07.245132+00:00,Epic Wolf Studio,1064842
beb7f365c69e1938,itch.io,Highway Warriors 2 (DEMO PHASE),,3D,Racing,,"windows, android",,https://jreo.itch.io/hw2,https://img.itch.zone/aW1nLzg4MzAyODkucG5n/315x250%23c/AJnsXY.png,2026-04-24T05:19:07.238664+00:00,Jreo,1514479
76c3549f6bf2cafb,itch.io,Hit-X,Hit X is Simply The Male Depression Cure.,3D,Action,,windows,,https://alexdevilish.itch.io/hit-x,https://img.itch.zone/aW1nLzE5MjE4Mjk2LmpwZw==/315x250%23c/EqUIZT.jpg,2026-04-24T05:19:06.818325+00:00,AlexDevilish,3217317
a47b280559a77b07,itch.io,Hoarder's Horrible House of Stuff,Escape your cluttered house in this 3d Puzzle Game!,3D,Puzzle,,"windows, macos",,https://alesan99.itch.io/hoarders-horrible-house-of-stuff,https://img.itch.zone/aW1nLzQ4NjYyOTAucG5n/315x250%23c/hGCLew.png,2026-04-24T05:19:07.198362+00:00,alesan99,866477
d2f8d79809b53e7e,itch.io,Holonomy,"Explore the non-euclidean surface of a die, using the effects of holonomy to solve puzzles.",3D,Platformer,,"windows, android",,https://fuzzyzilla.itch.io/holonomy,https://img.itch.zone/aW1nLzk1NDQ1NDAucG5n/315x250%23c/nj4sjF.png,2026-04-24T05:19:06.958143+00:00,Fuzzyzilla,1617160
b4e677b53e2c86ee,itch.io,Horse Divorce - GMTK Game Jam 2021,"A short, surreal puzzle game about horses falling in and out of love.",3D,Puzzle,,unknown,,https://shrimpcryptid.itch.io/horse-divorce,https://img.itch.zone/aW1nLzYyMTQwOTIucG5n/315x250%23c/lyiNOk.png,2026-04-24T05:19:07.060987+00:00,ShrimpCryptid,1083839
b9567651a0635873,itch.io,Human Shaped,It looks like you.,3D,Simulation,,windows,,https://boredleviathan.itch.io/human-shaped,https://img.itch.zone/aW1nLzI2ODM4NjExLmdpZg==/315x250%23c/XG5OcA.gif,2026-04-24T05:19:06.243638+00:00,Bored Leviathan,4487381
aaedd51f5a036a4e,itch.io,Hunting,My first game! A short horror game in which you hunt deer...,3D,,,"windows, macos",,https://kitsukell.itch.io/hunting,https://img.itch.zone/aW1nLzE4ODQ0NTI0LnBuZw==/315x250%23c/3UaO7e.png,2026-04-24T05:19:06.261025+00:00,KitsuKell,3155023
b5b627b2d321b64f,itch.io,Hypnagogia 1Â½ [Jam Demo],A hypnagogic interquel.,3D,Adventure,,windows,,https://sodaraptor.itch.io/hypnagogia-one-and-a-half,https://img.itch.zone/aW1nLzI1ODU3OTI1LnBuZw==/315x250%23c/Ubk86X.png,2026-04-24T05:19:07.233068+00:00,sodaraptor,4282645
672106a015d09a1e,itch.io,Hypnagogia å¬ç è¡,Explore strange interactive 3D dream worlds.,3D,Adventure,,windows,,https://sodaraptor.itch.io/hypnagogia,https://img.itch.zone/aW1nLzY3NDIxODIucG5n/315x250%23c/zvzuWz.png,2026-04-24T05:19:06.385949+00:00,sodaraptor,823776
d120856cb9e8ef37,itch.io,I have to go,Tragic tale of a policeman,3D,,,"windows, android",,https://perfectgame123.itch.io/i-have-to-go,https://img.itch.zone/aW1nLzI2MjQ5NDAzLnBuZw==/315x250%23c/cksMv8.png,2026-04-24T05:19:06.427486+00:00,PerfectGame123,4402790
f97fe0bbab815198,itch.io,I'm Not a Robot,a microgame about captchas!,3D,Simulation,,windows,,https://jakubh.itch.io/im-not-a-robot,https://img.itch.zone/aW1nLzI2NjE5MTcxLnBuZw==/315x250%23c/l8gwTZ.png,2026-04-24T05:19:06.774199+00:00,realjakub,4465131
804491295c53cae1,itch.io,IBUKI ä¼å¹,"A beat 'em up game about an ""oni"" (demon) making an escape from a shrine maiden",3D,Action,,windows,,https://markli.itch.io/ibuki,https://img.itch.zone/aW1nLzU0NTIwMjkuZ2lm/315x250%23c/iD9INM.gif,2026-04-24T05:19:06.950010+00:00,Mark Li,960837
050a8d987f1409b8,itch.io,IMSCARED - 2022 TEST BUILD,HELP ME MAKING A PROFITABLE ENTRY!,3D,,,windows,,https://mymadnessworks.itch.io/imscared2022test,https://img.itch.zone/aW1nLzkxNDQ3NjUuZ2lm/315x250%23c/fz2ucF.gif,2026-04-24T05:19:06.803189+00:00,Ivan Zanotti's MyMadnessWorks,1566427
825fb0a1ecbf983b,itch.io,ISLANDS: Non-Places,A surreal trip through the mundane,3D,,,"windows, macos",,https://carlburton.itch.io/islands,https://img.itch.zone/aW1hZ2UvNzY0MTYvNDU3MjUyLmpwZw==/315x250%23c/IbEV7k.jpg,2026-04-24T05:19:07.295171+00:00,Carlburton LLC,76416
a3edd2d1b54cd65d,itch.io,Idols of Ash,Horror climbing,3D,Adventure,,"windows, macos",,https://leafygames.itch.io/idols-of-ash,https://img.itch.zone/aW1nLzI2NDE0Njg0LnBuZw==/315x250%23c/Tmx8rW.png,2026-04-24T05:19:06.246616+00:00,Leafy Games,4433229
e061c6a38fb59222,itch.io,Idyllic Sim,FFXIV Raiding Practice Tool,3D,,,windows,,https://tizzidar.itch.io/idyllic-sim,https://img.itch.zone/aW1nLzI1NDk5NTQ2LnBuZw==/315x250%23c/ZNy7A%2F.png,2026-04-24T08:11:32.932540+00:00,Tizzidar,4266316
55272f1d050ab880,itch.io,Iketsuki,An atmospheric platformer set in a dying world.,3D,Platformer,,"windows, macos",,https://modus-interactive.itch.io/iketsuki,https://img.itch.zone/aW1nLzI2MzkzOTQuZ2lm/315x250%23c/xcZikM.gif,2026-04-24T05:19:06.786178+00:00,Modus Interactive,508812
323c3fac1009de0d,itch.io,Illusive Domain,Parry based boss rush action,3D,Action,,windows,,https://kemomic.itch.io/illusive-domain,https://img.itch.zone/aW1nLzI0ODI4NTMwLnBuZw==/315x250%23c/hXHl3H.png,2026-04-24T05:19:06.846449+00:00,kemomic,3195181
46dbab0cb81b76a4,itch.io,Imposter 3D: online horror,"There is an traitor among us, save astronauts and complete tasks solo or online",3D,,,"windows, android",,https://snowbat.itch.io/krisper-the-impostor,https://img.itch.zone/aW1nLzEzMTA0OTAyLnBuZw==/315x250%23c/qtlJXC.png,2026-04-24T05:19:07.263467+00:00,SnowBat,1228476
658cc41cfcc00c2c,itch.io,Inch by Inch,You are shrinking and must find the antidote!,3D,Platformer,,"windows, macos",,https://darelooks.itch.io/inch-by-inch,https://img.itch.zone/aW1hZ2UvMjI5NzEwLzExNzE5MzgucG5n/315x250%23c/CrtWb0.png,2026-04-24T05:19:06.742670+00:00,Dare Looks,229710
7cbf4a0980b784cc,itch.io,Insomnis Experiment,'Russian Sleep Experiment' inspired horror game,3D,,,windows,,https://vidas-salavejus.itch.io/insomnis-experiment,https://img.itch.zone/aW1nLzEzOTgwOTk3LnBuZw==/315x250%23c/y15zfS.png,2026-04-24T05:19:07.144147+00:00,Vidas Games,2360454
9206f2ddb1ba91ef,itch.io,Isolated Inhale,"Spaceship pilot simulator, sandbox horror",3D,Simulation,,"windows, macos",,https://curepotion.itch.io/isolated-inhale,https://img.itch.zone/aW1nLzI0MTk0NTA0LnBuZw==/315x250%23c/U%2B50px.png,2026-04-24T05:19:06.320829+00:00,CurePotion,3410567
dc4b81481441bcff,itch.io,JIVOKOST,,3D,Adventure,,windows,,https://ragekid55.itch.io/jivokost,https://img.itch.zone/aW1nLzI2MjY1MDI1LnBuZw==/315x250%23c/j0enwd.png,2026-04-24T05:19:07.226387+00:00,ragekid55,4401951
bb99fa0dc4d16697,itch.io,Jack in the Box,Laughing Jack Horror Game,3D,,,windows,,https://tayodevgames.itch.io/jack-in-the-box,https://img.itch.zone/aW1nLzE0ODMwNDYwLnBuZw==/315x250%23c/Ger27K.png,2026-04-24T05:19:06.937897+00:00,tayoDEV,2496614
4f8fabd6ce822332,itch.io,Juice Galaxy (formerly Juice World),Floppy ragdoll rpg sandbox with physics-based combat,3D,Role Playing,,"windows, macos",,https://fishlicka.itch.io/juice-galaxy,https://img.itch.zone/aW1nLzEzNDIzMDA4LnBuZw==/315x250%23c/RdYM64.png,2026-04-24T05:19:06.355222+00:00,fishlicka,590548
766f9e6016eeff17,itch.io,KARLSON,"Parkous-fps, Milk-Induced action shooter",3D,Action,,"windows, macos",,https://danidev.itch.io/karlson,https://img.itch.zone/aW1nLzI4NzY0NTgucG5n/315x250%23c/QSOcpw.png,2026-04-24T05:19:07.018834+00:00,Dani,550184
4b95c1968fc70f95,itch.io,Kill the Ice Age Baby Adventure: The Game,"Don't play this, you will lose brain cells",3D,Adventure,,"windows, macos",,https://kypello.itch.io/kill-the-ice-age-baby-adventure-the-game,https://img.itch.zone/aW1nLzMwNDkyMjkucG5n/315x250%23c/nmIykb.png,2026-04-24T05:19:06.512846+00:00,kypello,579020
907a63b2bbb8844b,itch.io,Kiosk (Demo),Short horror experience in a fast food kiosk,3D,Adventure,,"windows, macos",,https://vividev.itch.io/kiosk,https://img.itch.zone/aW1nLzE3MDI4MDY4LnBuZw==/315x250%23c/Hkkkc9.png,2026-04-24T05:19:06.550671+00:00,Vivi,2840340
a0059c9a4def1643,itch.io,Kura5: Bonds of the Undying,"Adventure game that uses local weather, based off of the Boktai series.",3D,Adventure,,windows,,https://chickenhat.itch.io/kura5-bonds-of-the-undying,https://img.itch.zone/aW1nLzIyNTQwOTguZ2lm/315x250%23c/CxhHdV.gif,2026-04-24T05:19:07.114182+00:00,ChickenHat,96194
b62ae3250aabb7e8,itch.io,LETHAL OMEN,Welcome to Moonlight Acres Family Camp!,3D,Shooter,,"windows, macos",,https://alpine-arts.itch.io/lethal-omen,https://img.itch.zone/aW1nLzQyNTg0NzQucG5n/315x250%23c/ApF4hC.png,2026-04-24T05:19:06.578527+00:00,Alpine Arts,761458
0823cc34d087d64c,itch.io,LIDAR.EXE,Use the lidar scanner to explore the area,3D,Adventure,,windows,,https://kenforest.itch.io/lidar-exe,https://img.itch.zone/aW1nLzk3MjUyODgucG5n/315x250%23c/7%2FRHKp.png,2026-04-24T05:19:07.186484+00:00,kenforest,1636763
d63da547e2ecfd6f,itch.io,LIMINAL DREAMS,Explore dreams worlds and discover the truth behind them.,3D,Adventure,,windows,,https://crimsongcat.itch.io/liminal-dreams,https://img.itch.zone/aW1nLzc2MTI3MjkucG5n/315x250%23c/jhBuI4.png,2026-04-24T05:19:07.138216+00:00,CrimsongCat,1228289
282a5043eca4090b,itch.io,Labyrinth.os,Lyrical Labyrinth Role Playing Game,3D,Role Playing,,windows,,https://dataerase.itch.io/labyrinthos,https://img.itch.zone/aW1nLzI2NjIwMjM5LnBuZw==/315x250%23c/%2FghusT.png,2026-04-24T05:19:06.585423+00:00,Dataerase,4390827
bf6f8b02c67e2876,itch.io,Lancer Tactics,Mecha RPG adapted from Lancer tabletop,3D,Strategy,,"windows, macos",,https://wick.itch.io/lancer-tactics,https://img.itch.zone/aW1nLzIyODg3NzU4LmdpZg==/315x250%23c/aGiLYH.gif,2026-04-24T05:19:06.298756+00:00,Olive,1667814
478a203f7b049318,itch.io,Leo's Amazing Subjects,A fun educational experience with Leo.,3D,Strategy,,"windows, android",,https://rexhax-games.itch.io/leo-amazing-subjects,https://img.itch.zone/aW1nLzEzODYyMTU1LnBuZw==/315x250%23c/zC2OfT.png,2026-04-24T05:19:07.025313+00:00,RexHax,1841275
3e4ab0872079b8b9,itch.io,Library of Babel 3D,Experience the Library of Babel from the short story by Jorge Luis Borges in 3D,3D,Simulation,,"windows, macos",,https://keiwan.itch.io/library-of-babel-3d,https://img.itch.zone/aW1nLzI4NDQ0ODUucG5n/315x250%23c/6pjfFb.png,2026-04-24T05:19:07.242319+00:00,Keiwan,85646
17b23aba1ff5e70a,itch.io,Libre TrainSim - Free Train Simulator for everyone,Train Simulator written in Godot Engine - Free for everyone,3D,Simulation,,"windows, android",,https://jean28518.itch.io/libre-train-sim,https://img.itch.zone/aW1nLzY2OTc0MzEuanBn/315x250%23c/aaXi7P.jpg,2026-04-24T05:19:07.038855+00:00,Jean28518,599406
19aaeb771b3e1a63,itch.io,Lihiman (Full Game),Cute 3D Family Horror (Full Game),3D,Simulation,,windows,,https://kiwidreams-01.itch.io/lihiman-full,https://img.itch.zone/aW1nLzI2NzE4MTY2LnBuZw==/315x250%23c/5gHhAZ.png,2026-04-24T05:19:06.274116+00:00,Kiwi Dreams,4401531
45cc10a1a2526ae2,itch.io,Lihiman (demo),Cute 3D Family Horror,3D,Simulation,,windows,,https://kiwidreams-01.itch.io/lihiman-demo,https://img.itch.zone/aW1nLzIzMjAyODM1LnBuZw==/315x250%23c/ki0ZmZ.png,2026-04-24T05:19:06.375422+00:00,Kiwi Dreams,3882322
8437b7bcb7090d71,itch.io,Liminal Gallery,Gallery where pictures become reality,3D,Puzzle,,windows,,https://kenforest.itch.io/liminal-gallery,https://img.itch.zone/aW1nLzI1MTkwMzMyLnBuZw==/315x250%23c/jnFxgN.png,2026-04-24T05:19:06.314261+00:00,kenforest,2171800
4022320aa7176a62,itch.io,LittleMina: Behind The Screen,,3D,Interactive Fiction,,"windows, macos",,https://idos.itch.io/littlemina,https://img.itch.zone/aW1nLzI2ODU2MTcyLnBuZw==/315x250%23c/XXO%2B3b.png,2026-04-24T05:19:06.452371+00:00,Idos,4497736
0c4537c9dd1a08d6,itch.io,Lord of Chaos,You were never meant to leave. A PSX-style horror game.,3D,Adventure,,windows,,https://hexnut-studios.itch.io/lord-of-chaos,https://img.itch.zone/aW1nLzI2NzIyOTA4LnBuZw==/315x250%23c/6UvcTp.png,2026-04-24T05:19:06.305198+00:00,Hexnut Studios,4405770
56afd751350a1bc9,itch.io,Lost in Vivo,,3D,,,windows,,https://akuma-kira.itch.io/lost-in-vivo,https://img.itch.zone/aW1nLzE1NTYyNjMuanBn/315x250%23c/%2FP%2FE7B.jpg,2026-04-24T05:19:06.758133+00:00,KIRA,315788
8e6739b83e4d37e4,itch.io,MADiSON Demo,A first person psychological horror game,3D,Survival,,unknown,,https://madisonvideogame.itch.io/madison-demo,https://img.itch.zone/aW1nLzY4MTkzNDEucG5n/315x250%23c/wacSNX.png,2026-04-24T05:19:07.154354+00:00,MADiSON Videogame,198979
5c27e58e2fbcfd4b,itch.io,Madness Combat FPS: Fueled by Hot Dogs,,3D,Shooter,,windows,,https://almost-friday.itch.io/fuelled-by-hot-dogs,https://img.itch.zone/aW1nLzEzNTUzMDk5LnBuZw==/315x250%23c/8Ou1bR.png,2026-04-24T05:19:07.022326+00:00,almost_friday,1785154
71f3df24b526993d,itch.io,Madness Inside,"Madness Inside takes you to an abandoned psych hospital, where Lt. Voight, chasing a criminal, uncovers dark secrets.",3D,Puzzle,,windows,,https://zv-games.itch.io/madness-inside,https://img.itch.zone/aW1nLzE5MDkxOTg2LnBuZw==/315x250%23c/nZJRuv.png,2026-04-24T05:19:06.411133+00:00,zv_games,3197596
f9620d5405a47b95,itch.io,Maid Cafe Coop,First person maid cafe simulator. Play in browser!,3D,Simulation,,unknown,,https://aranclanos.itch.io/maid-cafe-coop,https://img.itch.zone/aW1nLzI0MzgwNjE1LnBuZw==/315x250%23c/ctQSxT.png,2026-04-24T05:19:06.734125+00:00,Aranclanos,3052474
b9558c6eda9e957b,itch.io,Manic Miners: A LEGO Rock Raiders remake,Manic Miners: the Rock Raiders remake you've been waiting for.,3D,Strategy,,windows,,https://baraklava.itch.io/manic-miners,https://img.itch.zone/aW1nLzEzMTQ1NzA1LnBuZw==/315x250%23c/i%2BJ4qs.png,2026-04-24T05:19:06.406204+00:00,Baraklava,598634
4164f165bf20092b,itch.io,MapFriend,google maps horror game,3D,Interactive Fiction,,windows,,https://papercookies.itch.io/mapfriend,https://img.itch.zone/aW1nLzEwNTM0MTAyLmdpZg==/315x250%23c/9GJXJy.gif,2026-04-24T05:19:06.567322+00:00,adam pype,1788357
a1b459fbd6bd31f2,itch.io,Marble Marcher,A Fractal Racing Game,3D,Racing,,windows,,https://codeparade.itch.io/marblemarcher,https://img.itch.zone/aW1nLzE3NTA4NTIucG5n/315x250%23c/YPemck.png,2026-04-24T05:19:07.314836+00:00,CodeParade,351631
d4d09011aa60a158,itch.io,MarineGo - Survival Shooter Game,"A first-person shooter,  survival , adventure game",3D,Adventure,,windows,,https://marinegodev.itch.io/marinego,https://img.itch.zone/aW1nLzExOTc5MDIxLmdpZg==/315x250%23c/tO8YYS.gif,2026-04-24T05:19:06.418565+00:00,marinegodev,1954821
5d086ddeba58298d,itch.io,Martha's Dolls 2 ( DEMO ),,3D,Adventure,,windows,,https://ajbstudio.itch.io/marthas-dolls-2-demo,https://img.itch.zone/aW1nLzI1NzAwMzYwLnBuZw==/315x250%23c/JugmtY.png,2026-04-24T05:19:07.331386+00:00,AJB GAMES STUDIO,4302207
c4695b07dc89b362,itch.io,MiSide DEMO,Mita,3D,Simulation,,windows,,https://aihasto.itch.io/miside,https://img.itch.zone/aW1nLzEyOTQzOTYzLnBuZw==/315x250%23c/uY7ctb.png,2026-04-24T05:19:06.425176+00:00,Aihasto,2109443
cb71aa1cfbf4b9c3,itch.io,MiSide: Zero (Alpha),"""MiSide: Zero"" is a Fan Game developed by Voidway (Not affiliated with AIHASTO)",3D,,,windows,,https://voidwaygames.itch.io/misidezero,https://img.itch.zone/aW1nLzI0MTAxMTc5LnBuZw==/315x250%23c/%2BvL9Vi.png,2026-04-24T05:19:06.942823+00:00,Voidway,3833831
174cbe99c803ee74,itch.io,Midnight Ritual,You can stop the hunger. But not for free.,3D,Adventure,,windows,,https://pugsgames.itch.io/midnight-ritual,https://img.itch.zone/aW1nLzI1OTM2NjUzLnBuZw==/315x250%23c/ot2Ekk.png,2026-04-24T05:19:07.087830+00:00,PugsGames,4340927
c681f2dd1715b67a,itch.io,Milkman Karlson,Karlson is thristy,3D,Action,,"windows, macos, android",,https://danidev.itch.io/milkmankarlson,https://img.itch.zone/aW1nLzMzMjAwNTMucG5n/315x250%23c/uKu7fh.png,2026-04-24T05:19:07.128926+00:00,Dani,623087
7a1903f66ac62d41,itch.io,MindDecay,Horror game about drugs,3D,,,"windows, macos",,https://perfectgame123.itch.io/minddecay,https://img.itch.zone/aW1nLzI1MTIwMTcwLnBuZw==/315x250%23c/ysMYvX.png,2026-04-24T05:19:06.371040+00:00,PerfectGame123,4209819
cd1e4063c659c9d1,itch.io,Mine Clicker,Clicker game about mining.,3D,Simulation,,android,,https://twofar.itch.io/mineclicker,https://img.itch.zone/aW1nLzIyOTU4NDExLnBuZw==/315x250%23c/KaUWSo.png,2026-04-24T05:19:07.207588+00:00,TwoFar,3756135
a81e4ecd3e1d77e9,itch.io,Mine Souls III,An epic crossover between Dark Souls 3 and Minecraft.,3D,Action,,"windows, android",,https://dakharr.itch.io/mine-souls-3,https://img.itch.zone/aW1nLzk2OTUzMTcucG5n/315x250%23c/pqIHd6.png,2026-04-24T05:19:07.141280+00:00,dakharr,1190288
0eb681286b877877,itch.io,MoSimulator,FRC Driving Simulator,3D,Simulation,,"windows, macos",,https://mostudios.itch.io/mosimulator,https://img.itch.zone/aW1nLzE2OTc1NTY2LnBuZw==/315x250%23c/01SKKX.png,2026-04-24T05:19:06.782729+00:00,MoStudios,2710768
8d81a4f0d21d82f5,itch.io,Mouse Corp.,Mouse Corp.: What are friends for?,3D,Adventure,,"windows, macos",,https://thecatamites.itch.io/mouse-corp,https://img.itch.zone/aW1hZ2UvMTAzNTgvMzEwMzYucG5n/315x250%23c/j4u0DM.png,2026-04-24T05:19:07.027703+00:00,thecatamites,10358
3ea75f25a6f725b6,itch.io,Mushrooming,Picking mushrooms just turned deadly.,3D,Adventure,,windows,,https://roawrvideostore.itch.io/mushrooming,https://img.itch.zone/aW1nLzIwNjMwNDk5LmpwZw==/315x250%23c/VSBBgD.jpg,2026-04-24T05:19:07.072972+00:00,Roawr Video Store,3370333
4605644f42882d85,itch.io,NIGHT OF THE CONSUMERS,RETAIL IS HELL,3D,,,windows,,https://germfood.itch.io/nightoftheconsumers,https://img.itch.zone/aW1nLzIwNTUwMTkxLnBuZw==/315x250%23c/jPMNKw.png,2026-04-24T05:19:06.478072+00:00,germfood,564238
902d5d21a57c6ecb,itch.io,NOM NOM - Great Autumn Jam,A game about autumn jam and mantaining a small business.,3D,Simulation,,"windows, macos",,https://anaissalla.itch.io/nomnom,https://img.itch.zone/aW1nLzEwMzUzOTc1LmdpZg==/315x250%23c/3Bg13t.gif,2026-04-24T05:19:06.604007+00:00,AnaÃ¯s,1206162
9ea2129cd87e2576,itch.io,Nainaiâs Recipe,A game that captures the cooking feeling in stylized visuals.  A family story about how we lived together during 2020.,3D,Simulation,,"windows, macos",,https://houkanshan.itch.io/nainais-recipe,https://img.itch.zone/aW1nLzYwMjg0NjMucG5n/315x250%23c/puhbgt.png,2026-04-24T05:19:06.654473+00:00,Mai Hou,1037088
1ea87dc108f7d297,itch.io,Narrow One,ð¹ Capture The Flag Medieval Style ð¹,3D,Shooter,,unknown,,https://pelicanparty.itch.io/narrow-one,https://img.itch.zone/aW1nLzExMDY1NTg4LnBuZw==/315x250%23c/SxYAbI.png,2026-04-24T05:19:07.270620+00:00,Pelican Party,1050580
cab775f037c492f7,itch.io,Nazi Zombies: Portable,Call of Duty: Zombies remake built from Quake.,3D,Shooter,,windows,,https://nzp-team.itch.io/nazi-zombies-portable,https://img.itch.zone/aW1nLzE4NzE5OTQ2LnBuZw==/315x250%23c/g7TpMV.png,2026-04-24T05:19:06.455172+00:00,NZ:P Team,2385311
1f8e6d66390f4edc,itch.io,Nightmare SuperHighway,All expenses paid vacation to the decrepit city of sins falling apart at the seams,3D,Adventure,,windows,,https://korkskrew2000.itch.io/nightmare-superhighway,https://img.itch.zone/aW1nLzE2NzgwNjE4LnBuZw==/315x250%23c/DG0ySN.png,2026-04-24T08:11:32.926361+00:00,korkskrew2000,2805503
93628384525097e0,itch.io,Nip For Speed,,3D,Adventure,,windows,,https://knackelibang.itch.io/nip-for-speed,https://img.itch.zone/aW1nLzE0OTExNTYwLnBuZw==/315x250%23c/M9H3dk.png,2026-04-24T05:19:07.094935+00:00,Knackelibang,2502925
16329cda2c084f94,itch.io,No Players Online,you find an abandoned fps game on an old computer. you decide to play it.,3D,Shooter,,windows,,https://papercookies.itch.io/no-players-online,https://img.itch.zone/aW1nLzE1NjE4MDc4LmdpZg==/315x250%23c/v0O5bt.gif,2026-04-24T05:19:06.854492+00:00,adam pype,511571
82352bd115cae5aa,itch.io,Nocturnal Visit,Short horror game set in an abandoned house.,3D,Adventure,,"windows, macos",,https://moi0210.itch.io/nocturnal-visit,https://img.itch.zone/aW1nLzE4MDI4NTUxLmdpZg==/315x250%23c/yxOB9W.gif,2026-04-24T05:19:06.310898+00:00,MoiDev,1132984
77d2159a299f66cd,itch.io,Oceanwork,A short PS1 styled survival game,3D,Survival,,"windows, macos",,https://warrrkus.itch.io/oceanwork,https://img.itch.zone/aW1nLzU3OTMyMjMucG5n/315x250%23c/fB%2BfHm.png,2026-04-24T05:19:06.446347+00:00,Warkus,1016842
8c1a72cf56cea436,itch.io,Of Love and Eternity,A stylized horror adventure game,3D,Adventure,,"windows, macos",,https://acornbringer.itch.io/of-love-and-eternity,https://img.itch.zone/aW1nLzQ5NjIwMDguZ2lm/315x250%23c/%2FoyAIS.gif,2026-04-24T05:19:07.101942+00:00,acornbringer,772115
503f81d8b8a1d62a,itch.io,Off Them,You play as a perpetrator who will carry out mass attacks.,3D,Action,,"windows, android",,https://offthemholder.itch.io/off-them,https://img.itch.zone/aW1nLzI0MjczODExLmpwZw==/315x250%23c/Ikh3Gg.jpg,2026-04-24T05:19:06.662857+00:00,offthemholder,4072361
d5bdec281354a4e5,itch.io,"Ohayo, Merle",The morning started so well â¦,3D,Visual Novel,,"windows, macos",,https://riekay.itch.io/ohayo-merle,https://img.itch.zone/aW1nLzI2ODAwMTk1LmpwZw==/315x250%23c/QK0Kiu.jpg,2026-04-24T05:19:06.914654+00:00,Henni,4432088
201dff0aeb3d4923,itch.io,One Thousand Acts of Decency,Trapped in a Dome with eight hours to catch a killer,3D,Visual Novel,,"windows, macos, android",,https://domedev.itch.io/one-thousand-acts-of-decency,https://img.itch.zone/aW1nLzE2OTk1MDcwLnBuZw==/315x250%23c/iNH3tQ.png,2026-04-24T05:19:06.814417+00:00,domedev,1906763
4e5eaf1be27e85f8,itch.io,Overland,A squad-based survival strategy game with procedurally generated levels set in post-apocalyptic North America.,3D,Strategy,,"windows, macos",,https://finji.itch.io/overland,https://img.itch.zone/aW1nLzI0NDE0MDYucG5n/315x250%23c/6cq9J3.png,2026-04-24T05:19:06.946594+00:00,Finji,62104
9f7239a10e526c5b,itch.io,P.T.D,Can you solve the loop?,3D,Survival,,windows,,https://aaron-wise.itch.io/ptd,https://img.itch.zone/aW1nLzI2ODI4MDY3LmdpZg==/315x250%23c/WKKue2.gif,2026-04-24T05:19:06.365383+00:00,Aaron Wise,4446132
fe876a77184167a2,itch.io,PAIcom (furry computer assistant),The funniest and best furry (protogen) voice computer assistant there is! (Using your microphone you can talk to him!),3D,,,windows,,https://ovidiu-dendrino.itch.io/paicom-premium,https://img.itch.zone/aW1nLzIyMDkzNzUxLmpwZw==/315x250%23c/je4Cmr.jpg,2026-04-24T05:19:06.791285+00:00,Ovidiu Dendrino,1832831
63947a3cdd58d41d,itch.io,PANZER SHOOT,Hit and drive!,3D,Action,,windows,,https://rtsdimon.itch.io/panzershoot,https://img.itch.zone/aW1nLzU3MzEwNjkuZ2lm/315x250%23c/GqMOsA.gif,2026-04-24T05:19:06.903024+00:00,RtsDimon,1002252
f7f7f1e69ef85bba,itch.io,POOM,DOOM reinvented for PICO8,3D,Shooter,,"windows, macos",,https://freds72.itch.io/poom,https://img.itch.zone/aW1nLzQ0NjA1MDUucG5n/315x250%23c/%2F9ypZ7.png,2026-04-24T05:19:06.352923+00:00,freds72,796677
c29d47e4d837f9a5,itch.io,PSYCHO INN,You found somewhere to stay the night.. Turns out you might be staying forever!,3D,Survival,,windows,,https://rippers-lair.itch.io/psycho-inn,https://img.itch.zone/aW1nLzI2MDI3NTM2LmdpZg==/315x250%23c/eixcJx.gif,2026-04-24T05:19:06.254133+00:00,RIPPERS LAIR,4358995
ee0a8df55d5e09d2,itch.io,Paramnesia,"A short, low-poly psychological horror game, where you wander through the shifting spaces of your own mind",3D,Role Playing,,windows,,https://chuqiannn.itch.io/paramnesia,https://img.itch.zone/aW1nLzI2NzQwMDIxLnBuZw==/315x250%23c/pMIert.png,2026-04-24T08:11:32.922669+00:00,Chuqiannn,4314589
1a66188131488c4d,itch.io,Pawn Shop,It's your first day working night shift at a mysterious Pawn Shop...,3D,Adventure,,windows,,https://colourplay-games.itch.io/pawn-shop,https://img.itch.zone/aW1nLzI2MTM4NDQ0LmpwZw==/315x250%23c/jcQN4O.jpg,2026-04-24T05:19:06.466361+00:00,Colourplay Games,4379340
1514b1171e4a50b8,itch.io,Pegote,A card game where stickers twist the value of every card,3D,Simulation,,"windows, macos",,https://jvolonte.itch.io/pegote,https://img.itch.zone/aW1nLzI2Mzk1MzM5LnBuZw==/315x250%23c/NhRFd4.png,2026-04-24T05:19:06.408914+00:00,jvolonte,4414592
20dc594fcb5ccc7e,itch.io,Perfect Vermin,It's Not Violence.,3D,Action,,windows,,https://itsthetalia.itch.io/perfect-vermin,https://img.itch.zone/aW1nLzQwODA3ODAuZ2lm/315x250%23c/B6%2Be1Q.gif,2026-04-24T05:19:06.798202+00:00,ItsTheTalia,635197
e6e23cccaef4ecf5,itch.io,Pet the Pup at the Party,you are at a house party. you do not know anybody. the clock is ticking... can you find the pup at the party??,3D,,,"windows, macos",,https://grey2scale.itch.io/pet-the-pup,https://img.itch.zone/aW1hZ2UvMTY3NzE0Lzc3NjkzMC5naWY=/315x250%23c/TLceOi.gif,2026-04-24T05:19:07.192094+00:00,Will Herring,167714
ae9867eb2290dd69,itch.io,Pianosaurus,Poppy Playtime 4 Fangame,3D,Survival,,windows,,https://detectivepikac2.itch.io/pianosaurus,https://img.itch.zone/aW1nLzIwNTc4OTUzLmpwZw==/315x250%23c/%2BjfXBu.jpg,2026-04-24T05:19:06.749005+00:00,Derective,3449374
111ea52cb81012ed,itch.io,Picnic in the Oblivion (STALKER Mobile remake),"A story about person who named ""Gunslinger""",3D,Action,,windows,,https://alex1197.itch.io/pito,https://img.itch.zone/aW1nLzIzNzU4MzY2LmpwZw==/315x250%23c/%2Be%2FQhy.jpg,2026-04-24T05:19:06.891673+00:00,Leksii,120078
a8b3a123f4e6456e,itch.io,Pikabuu: Smile,This is happening now,3D,Simulation,,"windows, android",,https://joykeratif.itch.io/pikabuu-smile,https://img.itch.zone/aW1nLzE4Mzg4MDI3LnBuZw==/315x250%23c/sNNOps.png,2026-04-24T05:19:06.911149+00:00,Joykeratif,3074655
f92fa73123d175b0,itch.io,Pineapple on pizza,,3D,,,"windows, macos",,https://majorariatto.itch.io/pineapple-on-pizza,https://img.itch.zone/aW1nLzExNjU0MzgyLnBuZw==/315x250%23c/47g8mV.png,2026-04-24T05:19:06.362358+00:00,Majorariatto,1981495
871a9bf7c6930e16,itch.io,Pizzy's Parlor 1: The Beginning [V1.8 RELEASE],a sussy schoolgrounds inspired horror parody.,3D,Survival,,windows,,https://plownouse-studios.itch.io/pizzys-parlor,https://img.itch.zone/aW1nLzExOTI1MTU1LnBuZw==/315x250%23c/0vRYUa.png,2026-04-24T05:19:06.270445+00:00,plownouse studios,2027650
9740f2336977ab52,itch.io,Planet Crafter Alpha,You are sent on an hostile planet with one mission: make it habitable for Humans.,3D,Survival,,unknown,,https://mijugames.itch.io/planet-crafter-alpha,https://img.itch.zone/aW1nLzUyMzA0MzguanBn/315x250%23c/Zy3ObH.jpg,2026-04-24T05:19:07.042380+00:00,Miju Games,924981
f8187c86d1a02c3a,itch.io,Playtime with Percy,"A FNaF inspired horror game with a unique ""Tamagotchi"" twist.",3D,Survival,,windows,,https://fazie-funbear.itch.io/playtimewithpercy,https://img.itch.zone/aW1nLzEyMzY1ODMxLnBuZw==/315x250%23c/gwsD5m.png,2026-04-24T05:19:06.614193+00:00,FazieFunbear,2101073
2dbcb5932caba7ec,itch.io,PolyTrack,A high speed low-poly racing game.,3D,Racing,,"windows, macos, android",,https://kodub.itch.io/polytrack,https://img.itch.zone/aW1nLzI2MDUxNTMzLnBuZw==/315x250%23c/9Ods9%2B.png,2026-04-24T05:19:06.302256+00:00,Kodub,1829893
4680ebb2fe419181,itch.io,Poop Killer,Don't forget to flush!,3D,Adventure,,windows,,https://616games.itch.io/poop-killer,https://img.itch.zone/aW1nLzkwMjkzMjUucG5n/315x250%23c/hharzV.png,2026-04-24T05:19:07.078698+00:00,616 GAMES,1547052
27e82f45c9e27b97,itch.io,Poppy Playtime: Chapter 0 â An Unknown Fall,"A short, atmospheric horror experience set before the events of Poppy Playtime.",3D,Survival,,"windows, android",,https://toastedomelet.itch.io/an-unknown-fall,https://img.itch.zone/aW1nLzI0Njc1NDE5LnBuZw==/315x250%23c/6JJ3nl.png,2026-04-24T05:19:06.379042+00:00,Toasted Omelet,4140875
1614eac2c2a566d8,itch.io,Power Drill Massacre (Early Access),"A DRILLING good time!...  a VHS era, low poly slasher (ps1 style survival horror)",3D,Adventure,,"windows, macos",,https://puppetcombo.itch.io/pdm,https://img.itch.zone/aW1hZ2UvMTA3MDc3LzkwODUxMy5naWY=/315x250%23c/mII21O.gif,2026-04-24T05:19:06.340134+00:00,Puppet Combo,107077
624c7f1e3b9699a8,itch.io,Pressing Under Pressure,A short challenging puzzle clicker,3D,Puzzle,,unknown,,https://donitz.itch.io/pressing-under-pressure,https://img.itch.zone/aW1nLzU5ODc0MjUucG5n/315x250%23c/KxjDTx.png,2026-04-24T05:19:06.886095+00:00,Donitz,1047464
3084508705e0b77d,itch.io,Pretend it's not There,"Pretend that you can't see the monster, that may be the only way to survive.",3D,Adventure,,"windows, macos",,https://dreadloom-studios.itch.io/pretend-its-not-there,https://img.itch.zone/aW1nLzE4ODMxMDI3LnBuZw==/315x250%23c/HugC8f.png,2026-04-24T05:19:07.257229+00:00,Dreadloom,3148668
6c20331c89681c61,itch.io,Project Aether,All maps. All weapons. One game.,3D,Shooter,,windows,,https://verrial.itch.io/projectaether,https://img.itch.zone/aW1nLzIxNTM1OTYwLnBuZw==/315x250%23c/rqh4uU.png,2026-04-24T05:19:06.397018+00:00,Verrial,3243277
d92186f3cf84d986,itch.io,Project Feline (Prototype),Anime-style parkour action!,3D,Action,,windows,,https://raymondafcripps.itch.io/feline,https://img.itch.zone/aW1nLzMwNzYwNzUuanBn/315x250%23c/FrK3YN.jpg,2026-04-24T05:19:06.542386+00:00,Raymond Cripps,345441
2df7f5d8299080c4,itch.io,Project SEVER,"Submarine simulator, horror, exploration and maintenance",3D,Simulation,,"windows, macos, android",,https://mehozavr.itch.io/sever,https://img.itch.zone/aW1nLzE3NzA1MzYwLnBuZw==/315x250%23c/0R6Azo.png,2026-04-24T05:19:06.388095+00:00,Mehozavr,1939068
80af004790806aa9,itch.io,Project Teaser,,3D,Puzzle,,windows,,https://rickie7an.itch.io/project-teaser,https://img.itch.zone/aW1nLzI0MTI1NzkxLnBuZw==/315x250%23c/HWv0kz.png,2026-04-24T05:19:06.634744+00:00,RickiE7an,4047185
1e951d37ad998a83,itch.io,Project Wingman Alpha,3D Arcade Flight Sim Action Game,3D,Simulation,,windows,,https://rb-d2.itch.io/wingman,https://img.itch.zone/aW1hZ2UvNTcwMDAvMTI2MzQ5Mi5wbmc=/315x250%23c/xxFJD7.png,2026-04-24T05:19:07.134691+00:00,RB-D2,57000
91704105c829c9c4,itch.io,Putahe ng Ina Mo: Sinigang Edition,We bet you can't make the perfect Sinigang...Or can you?,3D,Survival,,"windows, macos",,https://chikonclub.itch.io/sinigang-game,https://img.itch.zone/aW1nLzM1MDYxNzYucG5n/315x250%23c/sUyeUC.png,2026-04-24T05:19:07.170208+00:00,chickon club,653118
0646a65fcf4247cc,itch.io,Pyromaniac DEMO,,3D,Adventure,,windows,,https://tayodevgames.itch.io/pyromaniac,https://img.itch.zone/aW1nLzIzNjUxNDk2LnBuZw==/315x250%23c/ZNh4e9.png,2026-04-24T05:19:07.146993+00:00,tayoDEV,2954210
dbe328a4271a846a,itch.io,RE:RUN,Sword-fight action,3D,Action,,windows,,https://danidev.itch.io/rerun,https://img.itch.zone/aW1nLzQwMTkzMDkucG5n/315x250%23c/Cz0S8T.png,2026-04-24T05:19:07.157270+00:00,Dani,724680
c47a042ba77a84aa,itch.io,REAVER Demo,REAVER is an ultra-fast-paced FPS that emphasizes on mobility and weapon mechanics to shred through arenas with style.,3D,Shooter,,windows,,https://crunkz.itch.io/reaver,https://img.itch.zone/aW1nLzg0MTc0NzAucG5n/315x250%23c/9vX2c3.png,2026-04-24T05:19:07.063080+00:00,crunkz,1442352
5e661c17a8e17b9b,itch.io,REDTAPE,EXPLORE A CORPORATE BUILDING THAT'S IN THE DEPTHS OF HELL,3D,Adventure,,windows,,https://chicogames.itch.io/redtape,https://img.itch.zone/aW1nLzU4ODY0MDAucG5n/315x250%23c/1eMHrO.png,2026-04-24T05:19:07.222689+00:00,chicogames,1016661
327ad3bc9da21fc9,itch.io,REPLAY,You Should Never Have Found This Game,3D,Platformer,,windows,,https://hengikken.itch.io/replay,https://img.itch.zone/aW1nLzIwMjczNzkyLnBuZw==/315x250%23c/gsGax1.png,2026-04-24T05:19:06.638262+00:00,Hengikken,2507610
cfd4298bd1feed78,itch.io,RIG Riot,A third-person mech-action roguelike,3D,Action,,windows,,https://sageboatman.itch.io/rig-riot,https://img.itch.zone/aW1nLzIwMzk0MzMyLmpwZw==/315x250%23c/fD6cOD.jpg,2026-04-24T05:19:06.882546+00:00,Sage,2733713
0309395afca2ddff,itch.io,Raft,An Oceanic Survival Game,3D,Adventure,,"windows, macos",,https://raft.itch.io/raft,https://img.itch.zone/aW1hZ2UvMTA0NzIwLzQ5MTI0OC5wbmc=/315x250%23c/s1Ba72.png,2026-04-24T05:19:06.720075+00:00,Redbeet Interactive,104720
31d9f055f41b3b28,itch.io,Ravenfield (Beta 5),Walk upon the Ravenfield with your BLUE allies!,3D,Shooter,,"windows, macos",,https://steelraven7.itch.io/ravenfield,https://img.itch.zone/aW1hZ2UvNDU4MzgvMzQzMzYzLnBuZw==/315x250%23c/3YUPTL.png,2026-04-24T05:19:06.671424+00:00,SteelRaven7,45838
2555fe08d8eb1206,itch.io,Reality Layer Zero,Occult Debating RPG,3D,Card Game,,windows,,https://act-novel.itch.io/reality-layer-zero,https://img.itch.zone/aW1nLzIzMjMwNzc4LnBuZw==/315x250%23c/U0Oxpl.png,2026-04-24T05:19:07.075187+00:00,Act-Novel,1511140
d9d35bbe1e3c38ac,itch.io,Red Handed,A stealth game where you have to get caught,3D,Action,,windows,,https://badpiggy.itch.io/red-handed,https://img.itch.zone/aW1nLzU0MjU2NzEuZ2lm/315x250%23c/2FxFky.gif,2026-04-24T05:19:06.587666+00:00,Bad Piggy,940924
e113e07a2c53ef9c,itch.io,RetroFab,Handheld electronic game simulations,3D,Simulation,,unknown,,https://itizso.itch.io/retrofab,https://img.itch.zone/aW1nLzg3MzYyMDIucG5n/315x250%23c/tF%2Fjh%2B.png,2026-04-24T05:19:06.559163+00:00,Itizso,1455512
4bc7f6e653393ddf,itch.io,Reunion: A Jeff The Killer Game,A short 3D Jeff The Killer Game,3D,,,"windows, macos",,https://tayodevgames.itch.io/reunion-jtk,https://img.itch.zone/aW1nLzEyNzE2NjAwLnBuZw==/315x250%23c/vSkyls.png,2026-04-24T05:19:06.800978+00:00,tayoDEV,2157766
efd832b5f87cebcc,itch.io,Revenge: Jane The Killer,Jane The Killer Game,3D,,,windows,,https://tayodevgames.itch.io/revenge-janethekiller,https://img.itch.zone/aW1nLzEzNjY0ODUwLnBuZw==/315x250%23c/%2BhhZ5S.png,2026-04-24T05:19:07.159610+00:00,tayoDEV,2302263
4bd9df6c6604ef2d,itch.io,Rexuiz FPS,Awesome mix of Quake and Unreal Tournament games,3D,Shooter,,"windows, macos, android",,https://rexuiz.itch.io/rexuiz-fps,https://img.itch.zone/aW1hZ2UvOTM5MjQvNjA3MDMxLmpwZw==/315x250%23c/5rV%2F92.jpg,2026-04-24T05:19:06.469147+00:00,rexuiz,93924
31cbb080d57faf2f,itch.io,Rigs of Rods,Soft Body Physics Simulator,3D,Simulation,,windows,,https://rigs-of-rods.itch.io/rigs-of-rods,https://img.itch.zone/aW1nLzE3NDg5OTEucG5n/315x250%23c/ZUVwMz.png,2026-04-24T05:19:06.565285+00:00,Rigs of Rods,351397
d0161d11ad1e9b14,itch.io,Rinse and Repeat,"After a long day, you take a shower. What's the worst that could happen?",3D,Survival,,windows,,https://hadriandev.itch.io/rinse-and-repeat,https://img.itch.zone/aW1nLzE2NzY0MDM0LmdpZg==/315x250%23c/HnJbar.gif,2026-04-24T05:19:06.440201+00:00,HadrianDev,2455042
99ede8ef46054ffa,itch.io,Roll The Dice (Again),An incremental semi-idle roguelike about rolling dice,3D,Simulation,,windows,,https://alvaroabad.itch.io/rollthediceagain,https://img.itch.zone/aW1nLzI2ODQyNzQxLnBuZw==/315x250%23c/%2FU9KKO.png,2026-04-24T05:19:06.934397+00:00,Alvaroabad,4499096
dde8711b379615ce,itch.io,Rotten Flesh - Find Your Dog With Microphone,Unique PS1 / PSX style creepy cosmic horror game where you have to find your dog with microphone.,3D,Action,,windows,,https://steelkrill.itch.io/rotten-flesh-find-your-dog-with-microphone,https://img.itch.zone/aW1nLzE0NzM3NjE1LnBuZw==/315x250%23c/qoxmas.png,2026-04-24T05:19:06.940140+00:00,Steelkrill Studio,2481521
9239c31e52130e18,itch.io,Roulette Hero,"Deckbuilder, dungeon crawler, wheel of fortune",3D,Strategy,,unknown,,https://vfqd.itch.io/roulette-hero,https://img.itch.zone/aW1nLzI0NTA2Nzk4LnBuZw==/315x250%23c/eK0u8c.png,2026-04-24T05:19:07.119119+00:00,vfqd,4111720
68f5d2cdaa4c2712,itch.io,Routine Feat,a summer emotion,3D,Adventure,,"windows, macos",,https://sad3d.itch.io/routine-feat,https://img.itch.zone/aW1nLzM0OTgyOTQuanBn/315x250%23c/3nifO8.jpg,2026-04-24T05:19:06.823424+00:00,sad3d,360748
a1b3d04189fb4b90,itch.io,SAD SATAN,WALK THROUGH HELL AND SUFFER,3D,Adventure,,unknown,,https://alexander-wiseman.itch.io/sad-satan,https://img.itch.zone/aW1nLzE2NzI0MzYzLmdpZg==/315x250%23c/%2BN3aJg.gif,2026-04-24T05:19:06.556103+00:00,ALEXANDER WISEMAN,2800412
c6028b02a9091b59,itch.io,SAVE OUR SOULS,An atmospheric Morse code indie,3D,Interactive Fiction,,windows,,https://steinhks.itch.io/save-our-souls,https://img.itch.zone/aW1nLzI2ODY0MTg5LnBuZw==/315x250%23c/nT4EUk.png,2026-04-24T05:19:06.888901+00:00,steinhks,4497795
a8edade81e2fa8ae,itch.io,SCP Containment Breach: HD Edition,(v0.4.2) HD remaster of SCP: Containment Breach,3D,Adventure,,windows,,https://cbhdedition.itch.io/containment-breach-hd-edition,https://img.itch.zone/aW1nLzI1NDkxMDI0LnBuZw==/315x250%23c/Ykqk4F.png,2026-04-24T05:19:07.104908+00:00,seÃ±orDane,2477056
fe2b9e58cb1bda94,itch.io,SIMON'S SHIFT (CHAPTER 2 IS OUT!),YOU WERENâT SUPPOSED TO SEE THIS!,3D,Action,,windows,,https://redcap-games.itch.io/simons-shift,https://img.itch.zone/aW1nLzI2NjcxMDIyLnBuZw==/315x250%23c/cuuKm5.png,2026-04-24T05:19:06.241085+00:00,Red Cap Games,4408070
cd335c2d9d3eccab,itch.io,SKINFACE,get close to the target by becoming their friend,3D,Action,,windows,,https://papercookies.itch.io/skinface,https://img.itch.zone/aW1nLzI1NDU1MDk1LmdpZg==/315x250%23c/CHudS8.gif,2026-04-24T05:19:06.323016+00:00,adam pype,4270123
12ab87f30d622e67,itch.io,SOURCEVOID ONLINE,Source Engine multiplayer exploration game inspired by INTERLOPER,3D,Survival,,windows,,https://333software.itch.io/sourcevoidonline,https://img.itch.zone/aW1nLzI2NzQ4OTcwLnBuZw==/315x250%23c/wQ0GpI.png,2026-04-24T05:19:06.678341+00:00,333 SOFTWARE,4003743
9f03e5c62d870d88,itch.io,STEREOGRAM,a split-screen platformer in a broken world,3D,Platformer,,windows,,https://managore.itch.io/stereogram,https://img.itch.zone/aW1nLzExMTY4MTQyLmdpZg==/315x250%23c/u0k%2FDL.gif,2026-04-24T05:19:07.279382+00:00,Daniel Linssen,1875049
cfb6e87fd8d87b32,itch.io,Sagebrush,Explore a cult compound in this narrative adventure game.,3D,Adventure,,"windows, macos",,https://redactgames.itch.io/sagebrush,https://img.itch.zone/aW1hZ2UvMTczNzk2LzEyNDE1NjkucG5n/315x250%23c/ajbdTc.png,2026-04-24T05:19:06.930640+00:00,Redact Games,173796
d6eafafb09bbe507,itch.io,Security Booth,A Short VHS PSX Horror Game.,3D,,,windows,,https://kyle-horwood.itch.io/security-booth,https://img.itch.zone/aW1nLzY1MzI5NzQuanBn/315x250%23c/2Qfky6.jpg,2026-04-24T05:19:06.390905+00:00,Kyle Horwood,1114634
82e87a6d8d767397,itch.io,Self-Checkout Unlimited,Explore and unravel the mall of your mind.,3D,Adventure,,"windows, macos",,https://argent-games.itch.io/self-checkout-unlimited,https://img.itch.zone/aW1nLzQyMzg3MjQuanBn/315x250%23c/K5VN1j.jpg,2026-04-24T05:19:07.117044+00:00,Argent Games,546140
e9b48850001011fb,itch.io,Selvema,A Short Horror Story,3D,Adventure,,windows,,https://wenudu.itch.io/selvema,https://img.itch.zone/aW1nLzI2NTIzNTEyLnBuZw==/315x250%23c/ugVe85.png,2026-04-24T05:19:06.293041+00:00,Wenudu,4443529
a2752be565cb89ea,itch.io,Shift At Midnight,Which Customers Are Doppelgangers?,3D,Simulation,,unknown,,https://bunmuen.itch.io/shiftatmidnight,https://img.itch.zone/aW1nLzIxNzk3Mzc0LnBuZw==/315x250%23c/yBthdY.png,2026-04-24T05:19:07.162600+00:00,bun muen,3663008
c9d37fb46eb96050,itch.io,Shredoka: Magical Girl Skateboarding,Shred your way through a dark dreamy skatepark-vania!,3D,Platformer,,unknown,,https://mrkogamedev.itch.io/shredoka-magical-girl-skateboarding,https://img.itch.zone/aW1nLzI2MTMyNDA3LnBuZw==/315x250%23c/7BYAvu.png,2026-04-24T05:19:06.279388+00:00,mrkogamedev,4327612
932f154a281c974b,itch.io,Side Hustle,Short PSX inspired Horror game at a carpet store in Weavemont,3D,Adventure,,windows,,https://wastyr.itch.io/side-hustle,https://img.itch.zone/aW1nLzIzODA5MzkzLnBuZw==/315x250%23c/Z5edTE.png,2026-04-24T05:19:06.826916+00:00,Wastyr,3992710
510d39231265820e,itch.io,Signal Garden,Dark incremental game about signal harvesting,3D,Simulation,,windows,,https://kenforest.itch.io/signal-garden,https://img.itch.zone/aW1nLzI2ODIwNjY3LnBuZw==/315x250%23c/k10XfE.png,2026-04-24T05:19:06.222434+00:00,kenforest,4498860
4deb559e50cefdd8,itch.io,Silence Of Life,Become a pixel anime girl!,3D,Role Playing,,"windows, android",,https://gamestergame.itch.io/silence-of-life,https://img.itch.zone/aW1nLzE3ODc4NzM4LnBuZw==/315x250%23c/3lVk4f.png,2026-04-24T05:19:06.982711+00:00,gamestergame,1335230
44b7146ff744e9ce,itch.io,Silent Wreckageï½å¯éæ²è¼ª,,3D,Survival,,windows,,https://abdeepecho.itch.io/silent-wreckage,https://img.itch.zone/aW1nLzI2NzQyNzI5LmpwZw==/315x250%23c/ObVASI.jpg,2026-04-24T05:19:06.534915+00:00,abDeepEcho,4485487
698609315489cbd6,itch.io,Sinner Maker,A mii maker inspired character creator with religious theme,3D,,,"windows, android",,https://sm-pantokrator.itch.io/sinner-maker,https://img.itch.zone/aW1nLzI1NTI3NTE2LnBuZw==/315x250%23c/wOAKnw.png,2026-04-24T05:19:06.710905+00:00,Pantokrator,4187249
453fbb5ee6d03612,itch.io,Sky On Fire : 1940 // PC & Mobile,Battle of britain/france simulator,3D,Simulation,,"windows, android",,https://isni.itch.io/sky-on-fire-1940,https://img.itch.zone/aW1nLzIzNTY4NDYwLnBuZw==/315x250%23c/vUSqr0.png,2026-04-24T05:19:06.619389+00:00,ISNI,481757
8918470bafc30af2,itch.io,Sky Rogue,"A fwooshy, intense, procedurally generated fly-em-up",3D,Simulation,,"windows, macos",,https://fractal-phase.itch.io/sky-rogue,https://img.itch.zone/aW1nLzI0MDczNjMucG5n/315x250%23c/c3uYpv.png,2026-04-24T05:19:06.806653+00:00,Fractal Phase,647
dca59587e4be8eca,itch.io,Slendytubbies 0,You said you could fix it before it was too late. You failed. It's time to deal with the consequences.,3D,Adventure,,windows,,https://hostgame-studio.itch.io/slendytubbies-0,https://img.itch.zone/aW1nLzIwMDM5Njk0LnBuZw==/315x250%23c/G%2Be4la.png,2026-04-24T05:19:06.358765+00:00,HostGame Studio,3241070
70a89edd019f14a7,itch.io,Slendytubbies 0 Records,Uncover the truth hidden in the records,3D,Adventure,,windows,,https://hostgame-studio.itch.io/slendytubbies-0-records,https://img.itch.zone/aW1nLzI2NDU2MzU4LnBuZw==/315x250%23c/tPLxKM.png,2026-04-24T05:19:06.334659+00:00,HostGame Studio,4439519
2ce477d142edd9c0,itch.io,Slide in the woods,"Ride it, see where it takes you.",3D,,,windows,,https://jonnys-games.itch.io/slide-in-the-woods,https://img.itch.zone/aW1nLzY0NTMyNTQucG5n/315x250%23c/%2F%2B08sq.png,2026-04-24T05:19:06.295222+00:00,Jonny's Games,1116521
5804b5eb637bcbc2,itch.io,Small Mouse Big House,"A tiny mouse, a huge house, and terrifying dangers in every corner.",3D,Adventure,,windows,,https://polypaw.itch.io/small-mouse-big-house,https://img.itch.zone/aW1nLzI1ODUyMTIzLmpwZw==/315x250%23c/AUNugJ.jpg,2026-04-24T05:19:06.690249+00:00,Polypaw,2924735
c9f79fc000372d2c,itch.io,Smash 'n Dab,Dadâs gotta impress a squad of rowdy teens with his sick dance moves!,3D,Action,,unknown,,https://grey2scale.itch.io/smash-n-dab,https://img.itch.zone/aW1nLzE3MTczNzEuZ2lm/315x250%23c/9v9aSV.gif,2026-04-24T05:19:07.051004+00:00,Will Herring,235237
2e2d0b658ee3173e,itch.io,Smiley Dusty,"Something smiles from Outside, learning what hunts in the night.",3D,Adventure,,windows,,https://polypaw.itch.io/smiley-dusty,https://img.itch.zone/aW1nLzI2MjAzMTE5LnBuZw==/315x250%23c/aMfPZI.png,2026-04-24T05:19:06.394304+00:00,Polypaw,2661630
2c5f9c36a4b92ff3,itch.io,Smug AI (voice assistant),The funniest AI computer assistant there is! (Using your microphone you can talk to her!),3D,,,windows,,https://ovidiu-dendrino.itch.io/smug-ai,https://img.itch.zone/aW1nLzE4NjUyMDU2LnBuZw==/315x250%23c/nwxEp1.png,2026-04-24T05:19:06.737037+00:00,Ovidiu Dendrino,3018674
1901fb1882e9f198,itch.io,Something Bad is on the Moon,Why We Haven't Been Back,3D,Adventure,,"windows, macos",,https://agerdev.itch.io/something-bad-on-the-moon,https://img.itch.zone/aW1nLzE2MTM3MDgzLnBuZw==/315x250%23c/jWWZyU.png,2026-04-24T05:19:07.250888+00:00,Matthew Ager,2700905
6cff1ea64af844a9,itch.io,Sonambula,short psychological horror experience that drifts through  uncharted thoughts of its main character,3D,Simulation,,windows,,https://fenixapple.itch.io/sonambula,https://img.itch.zone/aW1nLzI2MTI4Mjg3LnBuZw==/315x250%23c/JzUzi%2B.png,2026-04-24T05:19:07.048211+00:00,Fenixapple,4341166
3d96f1c6ae3a13e4,itch.io,Sonic Smackdown,,3D,Fighting,,windows,,https://arcforged.itch.io/sonic-smackdown,https://img.itch.zone/aW1nLzE0ODYwMDA4LnBuZw==/315x250%23c/w%2FwXfx.png,2026-04-24T05:19:07.194860+00:00,ArcForged,592295
3cdf12802376f3d3,itch.io,Sonic Suggests,you to play this game,3D,Platformer,,"windows, macos, android",,https://3di70r.itch.io/sonic-suggests,https://img.itch.zone/aW1hZ2UvMjM5MzU0LzExNDY3MTguanBn/315x250%23c/gL2ixc.jpg,2026-04-24T05:19:06.503114+00:00,3DI70R,239354
1408964188d52670,itch.io,Spiritrest,Short atmospheric adventure game,3D,Adventure,,windows,,https://warrrkus.itch.io/spiritrest,https://img.itch.zone/aW1nLzEwMjUxMzg4LnBuZw==/315x250%23c/USe93t.png,2026-04-24T05:19:06.972734+00:00,Warkus,1741876
f639cc39867d03f6,itch.io,Stay With Him,Psychopath wanted play. Part 2,3D,,,windows,,https://santiago-garcia.itch.io/stay-with-him,https://img.itch.zone/aW1nLzIzMDk3OTQ0LnBuZw==/315x250%23c/nUdk8G.png,2026-04-24T05:19:06.698799+00:00,Santiago Garcia,3790858
36ba1fdff49446a4,itch.io,StellarDrive (prototype),Build spaceships and explore the cosmos,3D,Simulation,,windows,,https://curious-owl-dev.itch.io/stellardrive,https://img.itch.zone/aW1nLzE1Nzk1NTY0LnBuZw==/315x250%23c/BEg246.png,2026-04-24T05:19:06.506710+00:00,Curious Owl,1822781
0ed9677a139da5f0,itch.io,Still Asleep,"You fall asleep in a horrible nightmare, now you need to wake up before it's too late...",3D,Adventure,,windows,,https://true-star-games.itch.io/still-asleep,https://img.itch.zone/aW1nLzI2NzA5MDMxLnBuZw==/315x250%23c/XKPDvb.png,2026-04-24T05:19:07.309079+00:00,True Star Games,4331021
da30e012b7da993b,itch.io,Stillness,"Survive the crash, endure the cold, stay still.",3D,Shooter,,windows,,https://apish-box-games.itch.io/stillness,https://img.itch.zone/aW1nLzI0ODc3MDYyLnBuZw==/315x250%23c/Hu97qd.png,2026-04-24T05:19:07.259380+00:00,Niven Hedinger,4173792
cad1313abe59381b,itch.io,Subconsciousism,Surreal dive into a fractured mind.,3D,Adventure,,"windows, macos",,https://disconfucius.itch.io/subconsciousism,https://img.itch.zone/aW1nLzI2MzQyMjMwLmdpZg==/315x250%23c/Sdx6VY.gif,2026-04-24T05:19:06.350011+00:00,Disconfucius,4410898
113c05d1b6a0bd88,itch.io,Summer of '58,A psychological horror the first person.,3D,,,windows,,https://emika-games.itch.io/summer-of-58,https://img.itch.zone/aW1nLzY1Mzc0ODcucG5n/315x250%23c/6TjuaO.png,2026-04-24T05:19:06.331202+00:00,EMIKA_GAMES,1128741
e2124c8201eeac69,itch.io,Swan Song (Demo),Solve puzzles in an old music box by creating your own music scales!,3D,Puzzle,,"windows, macos",,https://businessgoosestudios.itch.io/swan-song,https://img.itch.zone/aW1nLzI1NjM3ODA2LnBuZw==/315x250%23c/whMiIl.png,2026-04-24T05:19:06.538346+00:00,Business Goose Studios,2908057
b4cfcda98b41c5e0,itch.io,THE MIDNIGHT BUS,No way out - Psychological Horror,3D,Adventure,,windows,,https://itandfeel.itch.io/the-midnight-bus,https://img.itch.zone/aW1nLzE2NzQ5ODExLnBuZw==/315x250%23c/BXy8h%2F.png,2026-04-24T05:19:06.695141+00:00,itandfeel,2393159
00fdd589a112e434,itch.io,THE VHS PARADISE,"Serve customers, deal with thieves and strange people...",3D,,,"windows, android",,https://fedev21.itch.io/the-vhs-paradise,https://img.itch.zone/aW1nLzE5MTUwMzY4LmdpZg==/315x250%23c/OceRon.gif,2026-04-24T05:19:06.582370+00:00,fedev,2427530
b3c0b959f4ac4957,itch.io,TUNIC,"Be Brave, Little Fox",3D,Adventure,,"windows, macos",,https://finji.itch.io/tunic,https://img.itch.zone/aW1nLzgxMjAyODIucG5n/315x250%23c/q0X5MA.png,2026-04-24T05:19:06.754497+00:00,Finji,149772
04a0f758717891ef,itch.io,Tavern Master,Manage your own medieval tavern!,3D,Strategy,,unknown,,https://lukaglavonjic.itch.io/tavern-master,https://img.itch.zone/aW1nLzUxNTQ5ODEuanBn/315x250%23c/8Pzmdn.jpg,2026-04-24T05:19:07.070223+00:00,lukaglavonjic,722634
206d3964709e7baa,itch.io,Teke Teke: Moonlit Dread,Game based on a Japanese urban legend,3D,Survival,,windows,,https://ookii-tsuki.itch.io/teke-teke-moonlit-dread,https://img.itch.zone/aW1nLzEzNTAzOTE5LmdpZg==/315x250%23c/C2JFlw.gif,2026-04-24T05:19:06.283048+00:00,Medo,2271368
08064da238583323,itch.io,Tellyport 2025,,3D,Puzzle,,windows,,https://isart-digital.itch.io/tellyport,https://img.itch.zone/aW1nLzIxMzk2MzgzLmpwZw==/315x250%23c/rVcw6R.jpg,2026-04-24T05:19:07.058231+00:00,ISART DIGITAL,3481188
29d119891a28355b,itch.io,The Amazing Digital Circus: Lost Demo,,3D,Adventure,,windows,,https://yaman-studios.itch.io/the-amazing-digital-circus-lost-demo,https://img.itch.zone/aW1nLzIyODA5NDc5LnBuZw==/315x250%23c/sNy8Pd.png,2026-04-24T05:19:06.307356+00:00,Yaman Studios,3824882
589778bd2ef71acf,itch.io,The Arcade: A Stranger Things Experience,Stranger Things inspired experience,3D,Interactive Fiction,,windows,,https://thevoidvr.itch.io/the-arcade-a-stranger-things-experience,https://img.itch.zone/aW1nLzUzNjM4NjEucG5n/315x250%23c/MDtogb.png,2026-04-24T05:19:06.779286+00:00,TheVoid,945743
a47242ec97f4c420,itch.io,The Building 71 Incident,Play the VHS tape left by an employee of Building 71 as they delve into a mystery they never expected to unveil.,3D,Adventure,,windows,,https://scary-cube.itch.io/the-building-71-incident,https://img.itch.zone/aW1nLzEwODg4NDMzLnBuZw==/315x250%23c/F5aXFU.png,2026-04-24T05:19:06.830979+00:00,Scary Cube,1190255
ffaf320ed8063a98,itch.io,The Bunny Burrow,something's wrong with this nightclub,3D,Puzzle,,windows,,https://aplovestudio.itch.io/the-bunny-burrow,https://img.itch.zone/aW1nLzIyNTg2NzU5LnBuZw==/315x250%23c/qqJoWB.png,2026-04-24T05:19:07.110771+00:00,aplove,3789736
2e76233e94372ab9,itch.io,The Eastern Flower,Real-time tactics game inspired by japanimation,3D,Strategy,,windows,,https://chaikadev.itch.io/the-eastern-flower,https://img.itch.zone/aW1nLzIxMzY1NzE2LnBuZw==/315x250%23c/LFtgQe.png,2026-04-24T05:19:06.952108+00:00,chaikadev,2349122
831076622d6f99d6,itch.io,The Fields,Short PSX horror about missed bus,3D,Simulation,,windows,,https://fenixapple.itch.io/the-fields,https://img.itch.zone/aW1nLzI2MTY2MzQ5LnBuZw==/315x250%23c/Yalzw8.png,2026-04-24T05:19:06.674938+00:00,Fenixapple,4117483
5c273f8ba7322363,itch.io,The Hive,Alien Insect army under your control!,3D,Strategy,,windows,,https://skydome.itch.io/thehive,https://img.itch.zone/aW1nLzI0MzI4NDQ5LnBuZw==/315x250%23c/KNNlFe.png,2026-04-24T05:19:06.402795+00:00,Skydome Entertainment,85605
e2214fbd335f0fe7,itch.io,The Knife Sharpener,One knife at the time.,3D,Adventure,,windows,,https://pukogames.itch.io/theknifesharpener,https://img.itch.zone/aW1nLzI1OTYzMzE1LnBuZw==/315x250%23c/iP%2FZvp.png,2026-04-24T08:11:32.936137+00:00,Puko,4328028
8354278d2357218e,itch.io,The Lost Fear,Escape from your nightmare...,3D,Adventure,,windows,,https://rising-wolf-games.itch.io/the-lost-fear,https://img.itch.zone/aW1nLzEzNTY1OTI1LnBuZw==/315x250%23c/aO1XEp.png,2026-04-24T05:19:06.723480+00:00,Rising Wolf Games,2289267
c79011411736f4de,itch.io,The Man from the Window,"He'll soon be inside, and you can do nothing but hide...",3D,Action,,windows,,https://zed-technician.itch.io/the-man-from-the-window,https://img.itch.zone/aW1nLzg4MTQxMjcucG5n/315x250%23c/lpMeeK.png,2026-04-24T05:19:06.494879+00:00,Zed_Technician,1511976
cd4f806c79ba6ebe,itch.io,The Man from the Window 2,"Returning for another act, solving this one will take all your tact!",3D,,,windows,,https://zed-technician.itch.io/the-man-from-the-window-2,https://img.itch.zone/aW1nLzExMTIwMTcxLnBuZw==/315x250%23c/hYYAin.png,2026-04-24T05:19:06.594146+00:00,Zed_Technician,1891951
1d98669fdfc4a345,itch.io,The Not-Deer Stew,Follow the recipe. Don't die.,3D,Adventure,,windows,,https://roawrvideostore.itch.io/the-not-deer-stew,https://img.itch.zone/aW1nLzI0MjA5NDMzLnBuZw==/315x250%23c/OcxTiX.png,2026-04-24T05:19:06.866799+00:00,Roawr Video Store,4048383
2596afbbe30272c8,itch.io,The ONE Who Wouldn't Leave,Move to a new cityâ¦ only to discover that your apartment hides deadly secrets and a dangerous stalker.,3D,Action,,windows,,https://mario-dev.itch.io/the-one-who-wouldnt-leave,https://img.itch.zone/aW1nLzI1ODIzMTU1LnBuZw==/315x250%23c/IHKirC.png,2026-04-24T05:19:06.234682+00:00,Mario_dev,4326049
6cfcbde835ebcb21,itch.io,The Office Case,You've been assigned the task of investigating an office... something you'll regret.,3D,,,windows,,https://swatmydev.itch.io/the-office-case,https://img.itch.zone/aW1nLzI1MDcwNzA4LnBuZw==/315x250%23c/SX%2Bnq1.png,2026-04-24T05:19:07.290015+00:00,SwatmyDEV,4206624
e6eef29802f50b11,itch.io,The Orchid's Edge,A Combat Action Platformer where the player must defend the forest from mechanical invaders!,3D,Action,,windows,,https://cornflowerblue.itch.io/the-orchids-edge,https://img.itch.zone/aW1nLzEwOTg4MzQyLnBuZw==/315x250%23c/QnnMLX.png,2026-04-24T05:19:06.714433+00:00,CornflowerBlue,1870572
00ed85b15abb6b11,itch.io,The Other Side,Maintain a jury-rigged drill and use it to escape a corrupt shelter.,3D,,,windows,,https://mikeklubnika.itch.io/the-other-side,https://img.itch.zone/aW1nLzkxNTU4MDkucG5n/315x250%23c/bgxyUH.png,2026-04-24T05:19:07.003216+00:00,Mike Klubnika,1558803
5c07b2a17a8ea5ca,itch.io,The Past Within,A Two Player Adventure,3D,Adventure,,"windows, macos",,https://rustylake.itch.io/the-past-within,https://img.itch.zone/aW1nLzEwMDQ4ODE2LnBuZw==/315x250%23c/1ivjUb.png,2026-04-24T05:19:06.788997+00:00,Rusty Lake,1705691
c578abd6287de07a,itch.io,The Plant Shop,A cozy horror game where you craft plants for late-night customers while you manage a small plant shop.,3D,Simulation,,windows,,https://torigamedev.itch.io/the-plant-shop,https://img.itch.zone/aW1nLzIzOTAwOTk3LnBuZw==/315x250%23c/ijKyNg.png,2026-04-24T05:19:06.998282+00:00,Tori,4003804
0c63f03220d3484a,itch.io,The Radio Tower,You are sent to fix a radio tower at the edge of an evacuation zone to restore a cityâs communications.,3D,Adventure,,windows,,https://zagongames.itch.io/the-radio-tower,https://img.itch.zone/aW1nLzIzNjYwNTEwLnBuZw==/315x250%23c/l5OYLi.png,2026-04-24T05:19:06.225886+00:00,ZagonGames,3960718
84543c9d17806394,itch.io,The Saint,A first-person psychological horror set in a cursed forest village,3D,Adventure,,windows,,https://azzeddinetalhadev.itch.io/the-saint-full-game,https://img.itch.zone/aW1nLzI2NDMzNjEyLmpwZw==/315x250%23c/kwX0gD.jpg,2026-04-24T05:19:06.746142+00:00,Azzeddine Talha Dev,4436188
d6d6dde1c17a6e9f,itch.io,The Shopping List,Dont go shopping at night...,3D,Adventure,,windows,,https://jordiboi.itch.io/theshoppinglist,https://img.itch.zone/aW1nLzc2MTE0MzcuZ2lm/315x250%23c/7R7Gga.gif,2026-04-24T05:19:06.480960+00:00,JordiBoi,1253607
20825cc1ac0ae0cc,itch.io,The Tower at Tortenna,"Explore an ancient tower, unlock its mysteries",3D,Puzzle,,"windows, macos",,https://tower-team-international.itch.io/the-tower-at-tortenna,https://img.itch.zone/aW1hZ2UvMTg0MzU5Lzg2NTY4MS5naWY=/315x250%23c/l6XcrG.gif,2026-04-24T05:19:06.986212+00:00,Tower Team,184359
f7f882fcbefd22a1,itch.io,The Windows Are Gone,"Haunted by grief and guilt, you start seeing a house in your dreams. You feel it calling for you, so you answer it.",3D,Adventure,,windows,,https://scary-cube.itch.io/the-windows-are-gone,https://img.itch.zone/aW1nLzEzNTkxNjQ3LnBuZw==/315x250%23c/qR7YkW.png,2026-04-24T05:19:06.794766+00:00,Scary Cube,2293607
215f11681f4d10f4,itch.io,The lights went out,"A sinister story, told by the victim...",3D,Adventure,,windows,,https://616games.itch.io/the-lights-went-out,https://img.itch.zone/aW1nLzE0NDM2MTkxLnBuZw==/315x250%23c/lsd5pL.png,2026-04-24T05:19:06.764394+00:00,616 GAMES,2437747
6749368a1054ba83,itch.io,The one who pulls out the sword will be crowned king,,3D,Role Playing,,"windows, macos",,https://majorariatto.itch.io/sword-king,https://img.itch.zone/aW1nLzgxNzMwNjQucG5n/315x250%23c/8PhkGH.png,2026-04-24T05:19:06.960909+00:00,Majorariatto,1402633
15381352d17fbc2d,itch.io,They Are Here: Alien Abduction Horror,Inspired by such movies as âSignsâ and âThe X-Filesâ,3D,Adventure,,windows,,https://deklazon.itch.io/they-are-here,https://img.itch.zone/aW1nLzI1Mzk1NjE2LnBuZw==/315x250%23c/FpijtY.png,2026-04-24T05:19:06.422242+00:00,deklazon,929379
14c3a1879fcc3895,itch.io,They Came From a Communist Planet,"A socialist parable of greed, aliens, and riots.",3D,Action,,"windows, macos",,https://colestia.itch.io/they-came-from-a-communist-planet,https://img.itch.zone/aW1nLzI2NzU0NjkucG5n/315x250%23c/FiZGst.png,2026-04-24T05:19:07.090635+00:00,Colestia,491622
dadd79881c033240,itch.io,Thirteen and Half Cats,Find 13 and a half lost cats in the village.,3D,Adventure,,"windows, macos",,https://nekomatata.itch.io/thirteen-and-half-cats,https://img.itch.zone/aW1hZ2UvMTg1OTEwLzEyMjkxMzMucG5n/315x250%23c/UAKHco.png,2026-04-24T05:19:07.066520+00:00,Nekomatata,185910
d3b7a9105453c5e7,itch.io,Three Nights Lobotomized,FNAF got nothing on this,3D,Survival,,windows,,https://spoonzard.itch.io/three-nights-lobotomized,https://img.itch.zone/aW1nLzE2OTI3NDgzLnBuZw==/315x250%23c/C8w3v%2F.png,2026-04-24T05:19:06.629169+00:00,Spoonzard,2833342
8dcb7514be5a09ea,itch.io,Thunderhead,A Milk-Delivery Western Horror.,3D,Adventure,,windows,,https://roawrvideostore.itch.io/thunderhead,https://img.itch.zone/aW1nLzIxMjMxMzQ0LnBuZw==/315x250%23c/dJBEg5.png,2026-04-24T05:19:07.274216+00:00,Roawr Video Store,3527431
932e50063a7b68aa,itch.io,Toree 3D,A bite-sized PSX 3D Platformer with a few ...weird elements.,3D,Platformer,,windows,,https://siactro.itch.io/toree3d,https://img.itch.zone/aW1nLzU1ODEwMzUucG5n/315x250%23c/Q%2FOWZi.png,2026-04-24T05:19:06.669301+00:00,Siactro,920869
1b27eb00aa98f5ab,itch.io,Toripon é³¥ãã³,"Take photos of cute birds doing cute things, and make people happy on the internet!",3D,Adventure,,windows,,https://theladyvictoria.itch.io/toripon,https://img.itch.zone/aW1nLzE5ODIyODYuZ2lm/315x250%23c/XJlfAc.gif,2026-04-24T05:19:07.001006+00:00,Victoria,352197
dbbcc44469489d3a,itch.io,Tower Princess: I've come for YOU!,Don't you find strange that the knight conquers the princess just by saving her? fall in love with her in a special DATE,3D,Platformer,,windows,,https://awekteam.itch.io/towerprincess,https://img.itch.zone/aW1nLzczOTUzNDUucG5n/315x250%23c/YJ22L1.png,2026-04-24T05:19:07.325369+00:00,AweKteaM,221681
a00a8ca2d80c0a6f,itch.io,Transfur Chase,Runner in the Changed universe. Will you be able to escape,3D,Action,,"windows, android",,https://ones-k.itch.io/transfur-chase,https://img.itch.zone/aW1nLzE5ODU4Njc3LmpwZw==/315x250%23c/hu%2BzX4.jpg,2026-04-24T05:19:06.510099+00:00,One K,3254620
d46bf68eb56f5543,itch.io,Trees Hate You (demo),Do NOT trust the trees,3D,Adventure,,windows,,https://tykenn.itch.io/trees-hate-you,https://img.itch.zone/aW1nLzI0ODI0NjAwLnBuZw==/315x250%23c/H%2FkBOm.png,2026-04-24T05:19:06.218869+00:00,tykenn,3644469
57455a078b1d944f,itch.io,Typewriter Simulator,Realistic typewriter simulator with importing and exporting!,3D,Simulation,,windows,,https://papercookies.itch.io/typewriter-simulator,https://img.itch.zone/aW1nLzI4ODA0MDcuZ2lm/315x250%23c/iBVcsY.gif,2026-04-24T05:19:06.626393+00:00,adam pype,548303
c38e679f8dfc95ad,itch.io,ULTRAKILL PRELUDE WEB PORT,ultrakill prelude,3D,Shooter,,unknown,,https://cake-logic.itch.io/ultrakill-web-port,https://img.itch.zone/aW1nLzIxNzk2NTMwLnBuZw==/315x250%23c/HVmVHK.png,2026-04-24T05:19:06.442861+00:00,Cake Logic,3662880
23ec42e3116ee142,itch.io,ULTRAKILL Prelude,A fast-paced ultraviolent old school FPS with Character Action influences.,3D,Action,,windows,,https://hakita.itch.io/ultrakill-prelude,https://img.itch.zone/aW1nLzI0NDUwMjAucG5n/315x250%23c/7%2BI8cQ.png,2026-04-24T05:19:06.290165+00:00,Hakita,476005
cf6ae4751639f92a,itch.io,Unheard Scream,A co-op survival horror where you  must solve interconnected puzzles and hide from monster to escape the subway station.,3D,Puzzle,,windows,,https://limestudio.itch.io/unheard-scream,https://img.itch.zone/aW1nLzE5NzI5OTg2LnBuZw==/315x250%23c/N2wjhd.png,2026-04-24T05:19:06.399304+00:00,LimeStudio,3178952
1b9205aae665d8f3,itch.io,Unknown Tapes - Demo,Analog Dinosaurs Horror,3D,Adventure,,windows,,https://traviteam.itch.io/unknown-tapes-demo,https://img.itch.zone/aW1nLzE2MjczNzIyLmpwZw==/315x250%23c/s4iS0E.jpg,2026-04-24T05:19:06.707904+00:00,traviteam,2709861
006a2195d8c0ee7c,itch.io,Unreal Racing,Semi Arcade racing. Made with Unreal.,3D,Racing,,windows,,https://kronbits.itch.io/unreal-racing,https://img.itch.zone/aW1nLzEwMDk0NjI3LnBuZw==/315x250%23c/yk%2F3Vp.png,2026-04-24T05:19:06.921019+00:00,Kronbits,1120412
84eaaa86ba8aba92,itch.io,War-Torn,Multiplayer realistic infantry simulator,3D,Shooter,,windows,,https://kingoftheend.itch.io/war-torn,https://img.itch.zone/aW1nLzI1MjUwNDA3LnBuZw==/315x250%23c/g8WC9c.png,2026-04-24T05:19:06.686838+00:00,KingOfTheEnd,737015
4fa1a7325c35a2cf,itch.io,Warp The Fight,Multiplayer arena shooter with impossible spaces,3D,Shooter,,windows,,https://mrktosiek.itch.io/warp-the-fight,https://img.itch.zone/aW1nLzkxMzEwMDkucG5n/315x250%23c/e594oF.png,2026-04-24T05:19:06.909061+00:00,MrKtosiek,1277911
a748da9655fe12c1,itch.io,Wega's Challenge,Wega chases you through a maze,3D,Survival,,windows,,https://peeblo.itch.io/wegas-challenge,https://img.itch.zone/aW1nLzExMTY2NDExLnBuZw==/315x250%23c/E2mb5n.png,2026-04-24T05:19:06.861034+00:00,Peeblo,1899835
a88e0a6cc9bdb18c,itch.io,What Lives Below,8 months of development. Hunt sea monsters in this boss-rush-boat-sim-game,3D,Action,,"windows, macos",,https://st3b.itch.io/what-lives-below,https://img.itch.zone/aW1nLzUxOTAwMzgucG5n/315x250%23c/peJ0FF.png,2026-04-24T05:19:06.491436+00:00,st3b,918294
b4c8a2042d1662af,itch.io,What's on your train?,"Papers, Please on a lonely train checkpoint.",3D,Simulation,,windows,,https://vlad-len.itch.io/whats-on-your-train,https://img.itch.zone/aW1nLzI2ODYzNjQ1LnBuZw==/315x250%23c/EKCTwg.png,2026-04-24T05:19:06.434590+00:00,LeN,4487338
99cecd7db111f5c7,itch.io,Wheels of Aurelia,A narrative racing game set in the roaring Italian 70s,3D,,,"windows, macos",,https://santaragione.itch.io/wheelsofaurelia,https://img.itch.zone/aW1hZ2UvNDEyNDEvMzk3NzA0LnBuZw==/315x250%23c/MdbUyp.png,2026-04-24T05:19:07.322431+00:00,Santa Ragione,41241
136769118007e6ef,itch.io,Where The Goats Are,"Where The Goats Are is a slow-paced, meditative game about life and raising goats.",3D,,,"windows, macos",,https://memoryofgod.itch.io/where-the-goats-are,https://img.itch.zone/aW1hZ2UvMTUxMjcyLzY5MzUxNy5wbmc=/315x250%23c/%2F1lUsl.png,2026-04-24T05:19:06.994474+00:00,Memory of God,151272
8f7e18bbcb61e84f,itch.io,WolfQuest,Live the life of a wild wolf!,3D,Simulation,,"windows, macos",,https://eduweb.itch.io/wolfquest,https://img.itch.zone/aW1nLzIzMTMyNDEuanBlZw==/315x250%23c/Tcmasc.jpeg,2026-04-24T05:19:06.458934+00:00,eduweb,29736
807ade86857d6c6e,itch.io,Wrong Floor,do you want to be scared?,3D,,,"windows, macos",,https://n4ba.itch.io/wrong-floor,https://img.itch.zone/aW1nLzQ0Mjk3NTAucG5n/315x250%23c/b2Cnvy.png,2026-04-24T05:19:06.266889+00:00,N4bA,789648
d586a523f782ce2d,itch.io,Wuhu Island Explorer,Roam around freely in Wuhu Island without any restrictions,3D,Adventure,,"windows, macos",,https://atomiclugia.itch.io/wuhu-island-explorer,https://img.itch.zone/aW1nLzE2Njg2NDQ2LnBuZw==/315x250%23c/IDve2T.png,2026-04-24T05:19:06.810019+00:00,AtomicLugia,2795193
f1e9f177d9b0d8df,itch.io,Yume Nikki 3D,A surreal exploration game based on Yume Nikki universe,3D,Adventure,,windows,,https://zykoveddy.itch.io/yume-nikki-3d,https://img.itch.zone/aW1hZ2UvMzcwOTUvMTYxOTU5LmdpZg==/315x250%23c/7qKgxY.gif,2026-04-24T05:19:06.545940+00:00,Zykoveddy,37095
e7e19b18c0782d97,itch.io,Zera: Myths Awaken [Indefinite Hiatus],,3D,Platformer,,windows,,https://cyreides.itch.io/zerama,https://img.itch.zone/aW1nLzU1MjY2NDYucG5n/315x250%23c/zm1VNW.png,2026-04-24T05:19:06.770580+00:00,Cyreides,423593
29497c774c8b82c8,itch.io,Zoomies! Cat Racing,MULTIPLAYER NOW LIVE!!!,3D,Racing,,windows,,https://scarlet-games.itch.io/zoomies-cat-racing,https://img.itch.zone/aW1nLzk5NDg4OTYucG5n/315x250%23c/SqOP0H.png,2026-04-24T05:19:06.500982+00:00,Scarlet Games,1689029
353aac62629ecd78,itch.io,a night out.,go to a very normal and not strange house party.,3D,,,windows,,https://lamedeveloper.itch.io/a-night-out,https://img.itch.zone/aW1nLzY2MzQyNTYucG5n/315x250%23c/2CzAtQ.png,2026-04-24T05:19:07.166446+00:00,lamedeveloper,1143353
e7adcaeeb96a8201,itch.io,beaterCore,Racing game focused on car repair and maintenance,3D,Racing,,windows,,https://the-hellbox.itch.io/beatercore,https://img.itch.zone/aW1nLzI2NTAzODI1LnBuZw==/315x250%23c/7NrPJ0.png,2026-04-24T05:19:07.214012+00:00,The HellBox,4064671
b9ae1e8fb3aeecd5,itch.io,boil Noodles at Night,You can't sleep before eating noodles.. and decided to boil the noodles,3D,Adventure,,windows,,https://rmarydk.itch.io/boil-noodles-at-night,https://img.itch.zone/aW1nLzEzNjE1NDc2LnBuZw==/315x250%23c/aHXUde.png,2026-04-24T05:19:07.131144+00:00,arydk,2290683
9b84ec0d06a0df05,itch.io,i am still here,"on ghosts, places and people",3D,Interactive Fiction,,unknown,,https://haraiva.itch.io/i-am-still-here,https://img.itch.zone/aW1nLzcyNzA2MDMucG5n/315x250%23c/6S6amA.png,2026-04-24T05:19:06.877075+00:00,haraiva,845975
6deb6e792460ce30,itch.io,iiMii Maker,PC/Mobile Mii Maker Remake!,3D,,,android,,https://nivium.itch.io/iimii-maker,https://img.itch.zone/aW1nLzIxNjAxMzY1LnBuZw==/315x250%23c/FvO6Hz.png,2026-04-24T05:19:07.054632+00:00,Nivium,3630023
104fdd5ee2a7f2d8,itch.io,last seen online,Look through a stranger's computer. A horror puzzle game.,3D,Puzzle,,unknown,,https://qwook.itch.io/last-seen-online,https://img.itch.zone/aW1nLzE5MjQ0NDc5LnBuZw==/315x250%23c/wtflM3.png,2026-04-24T05:19:06.338008+00:00,qwook,2421088
b6db92887efb1739,itch.io,orchids to dusk,contemplative multiplayer game about death and acceptance,3D,,,"windows, macos",,https://polclarissou.itch.io/orchids-to-dusk,https://img.itch.zone/aW1hZ2UvNDA0MTUvMTg5Mjc2LmdpZg==/315x250%23c/1ahuCK.gif,2026-04-24T05:19:06.681292+00:00,Pol Clarissou,40415
a8effb59816247f4,itch.io,seijunDROP,Help your classmate find her brother.,3D,Adventure,,windows,,https://aspsyxia.itch.io/seijundrop,https://img.itch.zone/aW1nLzEyMzE1Mzk3LnBuZw==/315x250%23c/YahOEW.png,2026-04-24T05:19:06.702359+00:00,Aspsyxia,2030675
145e5c970b710bc1,itch.io,â§ THE SALVATION PROJECT â§,"Because if you don't care, TÌ¸ÌÌ¿HÌµÌÍEÌµÌÍYÌ¶ÌÌ Ì¸ÍÌWÌ¸ÌÍIÌµÍÍLÌ·ÌÌLÌ¸ÌÌ",3D,Adventure,,windows,,https://lenat-1.itch.io/salvation-project,https://img.itch.zone/aW1nLzY5MjYzMzguZ2lm/315x250%23c/R87bbe.gif,2026-04-24T05:19:06.974876+00:00,Lenat_1,1181569
bb9700eacbd62de4,matterport,1-Car Garage,,3d-tour | virtual-tour | matterport,virtual-tour,Matterport,browser,,https://matterport.com/space/f8rUptJQ39w,,2026-04-24T08:12:28.600326+00:00,,
cd9879d6d1f8b6b6,matterport,103 Industrial Drive,,3d-tour | virtual-tour | matterport,virtual-tour,Matterport,browser,,https://matterport.com/space/CwMGYNx4MyN,,2026-04-24T08:12:28.664666+00:00,,
4c2fd9f7ea35be35,matterport,12 Briercroft Office Park,,3d-tour | virtual-tour | matterport,virtual-tour,Matterport,browser,,https://matterport.com/space/SSBNZeA5U4C,,2026-04-24T08:12:28.660966+00:00,,
ff17fd1be7d9e172,matterport,1221 Washington Flats,,3d-tour | virtual-tour | matterport,virtual-tour,Matterport,browser,,https://matterport.com/space/UDw2UanapEg,,2026-04-24T08:12:28.587007+00:00,,
0f4f8835a5f02a2c,matterport,12301 Vista Lane,,3d-tour | virtual-tour | matterport,virtual-tour,Matterport,browser,,https://matterport.com/space/wBEFkyJTUnW,,2026-04-24T08:12:28.823088+00:00,,
77b7b17b9f683a27,matterport,"1800 Bryan Ave, Winter Park, FL 32789",,3d-tour | virtual-tour | matterport,virtual-tour,Matterport,browser,,https://matterport.com/space/CTDicdvsbEn,,2026-04-24T08:12:28.828742+00:00,,
70368e5315d55f4e,matterport,"1885 N Hibiscus Dr, North Miami, FL 33181",,3d-tour | virtual-tour | matterport,virtual-tour,Matterport,browser,,https://matterport.com/space/MC9zDt6bgEM,,2026-04-24T08:12:28.820006+00:00,,
fe2ea41c7004dc4d,matterport,1922 Bernice Way,,3d-tour | virtual-tour | matterport,virtual-tour,Matterport,browser,,https://matterport.com/space/WWfaGEfEPrJ,,2026-04-24T08:12:28.812485+00:00,,
f7a80645363a0240,matterport,2024 Showcase Of Homes,,3d-tour | virtual-tour | matterport,virtual-tour,Matterport,browser,,https://matterport.com/space/d7Kai9ZKt4D,,2026-04-24T08:12:28.711001+00:00,,
ee2d4c3a97dd2d42,matterport,"290 Ridgewood Rd, Key Biscayne, FL 33149",,3d-tour | virtual-tour | matterport,virtual-tour,Matterport,browser,,https://matterport.com/space/tCpXNXu89VY,,2026-04-24T08:12:28.816449+00:00,,
43925e410c7d74da,matterport,3734 Chase Ave,,3d-tour | virtual-tour | matterport,virtual-tour,Matterport,browser,,https://matterport.com/space/5m4i274y1aV,,2026-04-24T08:12:28.825477+00:00,,
6f032c31ea3f58bd,matterport,"4345 Mount Paran Pkwy NW, Atlanta Ga",,3d-tour | virtual-tour | matterport,virtual-tour,Matterport,browser,,https://matterport.com/space/sMNBzkGd1cJ,,2026-04-24T08:12:28.808307+00:00,,
5b9506f9de7447d4,matterport,84A,,3d-tour | virtual-tour | matterport,virtual-tour,Matterport,browser,,https://matterport.com/space/qyZnwF637R1,,2026-04-24T08:12:28.804275+00:00,,
099bda2d6521efe0,matterport,858 Camino Ranchitos,,3d-tour | virtual-tour | matterport,virtual-tour,Matterport,browser,,https://matterport.com/space/ozeBERkP1wW,,2026-04-24T08:12:28.832462+00:00,,
57ed515bdcd3028f,matterport,Air BnB Rental - Captured with iPhone,,3d-tour | virtual-tour | matterport,virtual-tour,Matterport,browser,,https://matterport.com/space/BxeZPN7PQWL,,2026-04-24T08:12:28.592926+00:00,,
4d62940672f8530a,matterport,Apollo3D Demo - Defurnish & External 3D scanning,,3d-tour | virtual-tour | matterport,virtual-tour,Matterport,browser,,https://matterport.com/space/tSEqqDiyTPC,,2026-04-24T08:12:28.800529+00:00,,
b4ee3f4a38bd7831,matterport,Ardent Maschinfabrik Pvt Ltd,,3d-tour | virtual-tour | matterport,virtual-tour,Matterport,browser,,https://matterport.com/space/uB2E3DXZZL5,,2026-04-24T08:12:28.845003+00:00,,
ea04453f3dd7812f,matterport,Art from Africa and the African Diaspora,,3d-tour | virtual-tour | matterport,virtual-tour,Matterport,browser,,https://matterport.com/space/8CLY6gjL7ya,,2026-04-24T08:12:28.793197+00:00,,
22e500517bcab391,matterport,"Assumption of the Virgin Mary, Moldovan Church",,3d-tour | virtual-tour | matterport,virtual-tour,Matterport,browser,,https://matterport.com/space/H6uCm4ZaRNs,,2026-04-24T08:12:28.720601+00:00,,
f8cf47dfc45696ac,matterport,Austrian Alps Cavern,,3d-tour | virtual-tour | matterport,virtual-tour,Matterport,browser,,https://matterport.com/space/maGhkJdAymC,,2026-04-24T08:12:28.564220+00:00,,
573d313c75d601e8,matterport,Bahá'í House of Worship at sunrise,,3d-tour | virtual-tour | matterport,virtual-tour,Matterport,browser,,https://matterport.com/space/WyNVGLJYWUs,,2026-04-24T08:12:28.716909+00:00,,
a08b4725402c1649,matterport,Basílica de Santa María,,3d-tour | virtual-tour | matterport,virtual-tour,Matterport,browser,,https://matterport.com/space/c3oS6m6stHz,,2026-04-24T08:12:28.739881+00:00,,
20477ae7d32b863b,matterport,Bayfield Heritage Association Main Museum Tour,,3d-tour | virtual-tour | matterport,virtual-tour,Matterport,browser,,https://matterport.com/space/BAEWbDCYENF,,2026-04-24T08:12:28.788201+00:00,,
50a800141b88d75d,matterport,Biserica Sfinții Trei Ierarhi - Flămânzi,,3d-tour | virtual-tour | matterport,virtual-tour,Matterport,browser,,https://matterport.com/space/mEoE4TXRJZk,,2026-04-24T08:12:28.748921+00:00,,
405977db4440af97,matterport,Bluegrasscoms,,3d-tour | virtual-tour | matterport,virtual-tour,Matterport,browser,,https://matterport.com/space/1M3u7bTaeuo,,2026-04-24T08:12:28.674958+00:00,,
776b0fe222a8b483,matterport,Brownsville South Padre Island International Airport,,3d-tour | virtual-tour | matterport,virtual-tour,Matterport,browser,,https://matterport.com/space/WC4vyySuvHc,,2026-04-24T08:12:28.863138+00:00,,
f68b90a6e70ec5a6,matterport,Buffalo Botanical Gardens,,3d-tour | virtual-tour | matterport,virtual-tour,Matterport,browser,,https://matterport.com/space/Sf6wPm9oCas,,2026-04-24T08:12:28.622951+00:00,,
9ce53ec97a7b3abd,matterport,CASITA VERDE,,3d-tour | virtual-tour | matterport,virtual-tour,Matterport,browser,,https://matterport.com/space/xuKM7XxQoQH,,2026-04-24T08:12:28.540459+00:00,,
d37b054b8b6f3d84,matterport,CASTELLET DE LA MUGA,,3d-tour | virtual-tour | matterport,virtual-tour,Matterport,browser,,https://matterport.com/space/4vzRgt6D5ov,,2026-04-24T08:12:28.796887+00:00,,
d858a997b73b0f37,matterport,CCS HQ (copy),,3d-tour | virtual-tour | matterport,virtual-tour,Matterport,browser,,https://matterport.com/space/jTxkJxL2d8B,,2026-04-24T08:12:28.860078+00:00,,
28ca0cfde356c92d,matterport,Capital Region International Airport,,3d-tour | virtual-tour | matterport,virtual-tour,Matterport,browser,,https://matterport.com/space/eeu3PmqYSue,,2026-04-24T08:12:28.865414+00:00,,
f4d0013b0426e1d9,matterport,Cave Ledenika,,3d-tour | virtual-tour | matterport,virtual-tour,Matterport,browser,,https://matterport.com/space/xPtaPgnuecy,,2026-04-24T08:12:28.553505+00:00,,
b942926adf594781,matterport,Chaucer Barn - The Gardens,,3d-tour | virtual-tour | matterport,virtual-tour,Matterport,browser,,https://matterport.com/space/WKN9gZ3R5Ve,,2026-04-24T08:12:28.762880+00:00,,
14fc67aad78d05a1,matterport,Church of Michael the Archangel,,3d-tour | virtual-tour | matterport,virtual-tour,Matterport,browser,,https://matterport.com/space/THJsspTkc4m,,2026-04-24T08:12:28.744967+00:00,,
7b76bd5181e4cb15,matterport,"Clockwise | River House, Belfast",,3d-tour | virtual-tour | matterport,virtual-tour,Matterport,browser,,https://matterport.com/space/pgd5xXe7TWi,,2026-04-24T08:12:28.693286+00:00,,
4dba8e9592bb7b01,matterport,Clínica El Golf - Centro Materno,,3d-tour | virtual-tour | matterport,virtual-tour,Matterport,browser,,https://matterport.com/space/7HVUR76VcYt,,2026-04-24T08:12:28.691054+00:00,,
3f8d300fea7212d1,matterport,Concord Park Assisted Living and Memory Care,,3d-tour | virtual-tour | matterport,virtual-tour,Matterport,browser,,https://matterport.com/space/bUxiR8pJEah,,2026-04-24T08:12:28.612597+00:00,,
8ec8a8c3c0110060,matterport,Conservatory of Flowers Exterior,,3d-tour | virtual-tour | matterport,virtual-tour,Matterport,browser,,https://matterport.com/space/qHaosd3tkeN,,2026-04-24T08:12:28.639144+00:00,,
269974eddb502be6,matterport,Daisy Street Office Park,,3d-tour | virtual-tour | matterport,virtual-tour,Matterport,browser,,https://matterport.com/space/7DzzhvBRVAw,,2026-04-24T08:12:28.657318+00:00,,
ee274990007451dc,matterport,Demo Industrial Sacaning,,3d-tour | virtual-tour | matterport,virtual-tour,Matterport,browser,,https://matterport.com/space/Q3tJNr4Moyx,,2026-04-24T08:12:28.668200+00:00,,
62822ba1ca56cf0d,matterport,EW LLC Building,,3d-tour | virtual-tour | matterport,virtual-tour,Matterport,browser,,https://matterport.com/space/NAfHqVZGjo8,,2026-04-24T08:12:28.841241+00:00,,
c2986a0009942fe5,matterport,EZUMI 2021 Spring Summer Collection  [ Untitled: 8874],,3d-tour | virtual-tour | matterport,virtual-tour,Matterport,browser,,https://matterport.com/space/o2PhajV5u33,,2026-04-24T08:12:28.628909+00:00,,
77d1899184e0ad51,matterport,Ecological Botanical Gardens Bayreuth,,3d-tour | virtual-tour | matterport,virtual-tour,Matterport,browser,,https://matterport.com/space/RhmykU2T72U,,2026-04-24T08:12:28.651077+00:00,,
4bc39695087171f7,matterport,Eesti Loodusmuuseumi näitus „Müstiline ürgmeri“,,3d-tour | virtual-tour | matterport,virtual-tour,Matterport,browser,,https://matterport.com/space/nfDr6bzK157,,2026-04-24T08:12:28.573529+00:00,,
e16daa6e4900bfce,matterport,Ermida de São Sebastião,,3d-tour | virtual-tour | matterport,virtual-tour,Matterport,browser,,https://matterport.com/space/TdTzSfRyUQ9,,2026-04-24T08:12:28.724286+00:00,,
ce2d985b102bfafd,matterport,Finest Design Nest,,3d-tour | virtual-tour | matterport,virtual-tour,Matterport,browser,,https://matterport.com/space/BurduUEhqn9,,2026-04-24T08:12:28.680788+00:00,,
b405a62cd1a19c26,matterport,Flights of Fancy,,3d-tour | virtual-tour | matterport,virtual-tour,Matterport,browser,,https://matterport.com/space/ZQD43ijWLKc,,2026-04-24T08:12:28.654134+00:00,,
0d5fa60e0a4b0328,matterport,Galway Fresh Student Living - Student Accommodation - Virtual Tours,,3d-tour | virtual-tour | matterport,virtual-tour,Matterport,browser,,https://matterport.com/space/3oZLH1Ui4NC,,2026-04-24T08:12:28.619986+00:00,,
566eb8ba8065180a,matterport,General Simón Bolívar Memorial,,3d-tour | virtual-tour | matterport,virtual-tour,Matterport,browser,,https://matterport.com/space/zMGZdMVm3Am,,2026-04-24T08:12:28.768332+00:00,,
da27eea0e923d5be,matterport,Himeji Garden,,3d-tour | virtual-tour | matterport,virtual-tour,Matterport,browser,,https://matterport.com/space/Hw2J371adQv,,2026-04-24T08:12:28.708098+00:00,,
981e799013161a6e,matterport,History is all Around Us - Connecticut’s Old State House,,3d-tour | virtual-tour | matterport,virtual-tour,Matterport,browser,,https://matterport.com/space/ZYz3KM3JPqB,,2026-04-24T08:12:28.784657+00:00,,
c311e1417050049e,matterport,Homestead 2-Car Garage,,3d-tour | virtual-tour | matterport,virtual-tour,Matterport,browser,,https://matterport.com/space/7Yp9VoMcoA5,,2026-04-24T08:12:28.604238+00:00,,
737459be02ef61ea,matterport,Japanese Garden at Park Clingendael in The Hague (2018/06/06),,3d-tour | virtual-tour | matterport,virtual-tour,Matterport,browser,,https://matterport.com/space/w8QjsA3NEHP,,2026-04-24T08:12:28.697060+00:00,,
e6507aae3759702d,matterport,Kasugai Gardens,,3d-tour | virtual-tour | matterport,virtual-tour,Matterport,browser,,https://matterport.com/space/wUiWCt3f2VX,,2026-04-24T08:12:28.625229+00:00,,
59ad09afe1527074,matterport,Leeds Beckett - Carnegie School of Sport,,3d-tour | virtual-tour | matterport,virtual-tour,Matterport,browser,,https://matterport.com/space/U7c7cFmprDH,,2026-04-24T08:12:28.836103+00:00,,
d8fd277c953e494c,matterport,Legacy Reserve at Old Town,,3d-tour | virtual-tour | matterport,virtual-tour,Matterport,browser,,https://matterport.com/space/g6DL9tE2Wiy,,2026-04-24T08:12:28.589246+00:00,,
466f011ce92c1db0,matterport,Lincoln Memorial,,3d-tour | virtual-tour | matterport,virtual-tour,Matterport,browser,,https://matterport.com/space/LrwLY6XQLB7,,2026-04-24T08:12:28.791018+00:00,,
666003047ef19131,matterport,Long Beach Civic Center - 1st Floor,,3d-tour | virtual-tour | matterport,virtual-tour,Matterport,browser,,https://matterport.com/space/SSAwj6RVyzg,,2026-04-24T08:12:28.688173+00:00,,
e209c2feb6b6b59d,matterport,Luxury Jersey City Condo,,3d-tour | virtual-tour | matterport,virtual-tour,Matterport,browser,,https://matterport.com/space/xx2LgDvGFvA,,2026-04-24T08:12:28.606616+00:00,,
fb74480a5ab6c9ff,matterport,Maniniholo Dry Cave,,3d-tour | virtual-tour | matterport,virtual-tour,Matterport,browser,,https://matterport.com/space/kJrx5wPqR9E,,2026-04-24T08:12:28.567974+00:00,,
2c4c829e565b1feb,matterport,Matthiessen Lake Waterfall - Matthiessen State Park,,3d-tour | virtual-tour | matterport,virtual-tour,Matterport,browser,,https://matterport.com/space/7ZSGM81Mced,,2026-04-24T08:12:28.580292+00:00,,
a02dc18ca0b38863,matterport,Mexican Cultural Institute,,3d-tour | virtual-tour | matterport,virtual-tour,Matterport,browser,,https://matterport.com/space/rY6CgeQbXGy,,2026-04-24T08:12:28.772149+00:00,,
eabea15b5722f4ee,matterport,Michigan Central - Grand Hall,,3d-tour | virtual-tour | matterport,virtual-tour,Matterport,browser,,https://matterport.com/space/fPHFw71DL14,,2026-04-24T08:12:28.780977+00:00,,
b45b3224057176af,matterport,Mitchell Caverns,,3d-tour | virtual-tour | matterport,virtual-tour,Matterport,browser,,https://matterport.com/space/aRGwje8aXc3,,2026-04-24T08:12:28.545560+00:00,,
3c218aa60397f6cd,matterport,Mother Earth Gardens Estate,,3d-tour | virtual-tour | matterport,virtual-tour,Matterport,browser,,https://matterport.com/space/s4M9MDd8ny7,,2026-04-24T08:12:28.704470+00:00,,
6221ffb8c9b99e50,matterport,Mr Fogg’s Botanical Tavern,,3d-tour | virtual-tour | matterport,virtual-tour,Matterport,browser,,https://matterport.com/space/vvcAWiGXJYY,,2026-04-24T08:12:28.648137+00:00,,
bedd06f8f8594f2d,matterport,National Lacrosse Hall of Fame and Museum,,3d-tour | virtual-tour | matterport,virtual-tour,Matterport,browser,,https://matterport.com/space/EbGfUeJG6q2,,2026-04-24T08:12:28.765395+00:00,,
d97640a1a22e344c,matterport,Nature Discovery Centre,,3d-tour | virtual-tour | matterport,virtual-tour,Matterport,browser,,https://matterport.com/space/QfVGzPzYUvR,,2026-04-24T08:12:28.571220+00:00,,
40ce4f88184a58f9,matterport,Neutra VDL Studio and Residences,,3d-tour | virtual-tour | matterport,virtual-tour,Matterport,browser,,https://matterport.com/space/PPQvJFuw6Nc,,2026-04-24T08:12:28.596463+00:00,,
d0fbd2cb4997f5f8,matterport,Opera Gallery New York,,3d-tour | virtual-tour | matterport,virtual-tour,Matterport,browser,,https://matterport.com/space/rA1S5s4imf6,,2026-04-24T08:12:28.856413+00:00,,
81248fb65118d3e4,matterport,Operating Theatre 10 & 11 at Hull University Teaching Hospitals NHS Trust built by Helix Construction Management Services,,3d-tour | virtual-tour | matterport,virtual-tour,Matterport,browser,,https://matterport.com/space/fvVXVn144wg,,2026-04-24T08:12:28.852552+00:00,,
878c9aff4da7a97d,matterport,Oxford Museum of Natural History,,3d-tour | virtual-tour | matterport,virtual-tour,Matterport,browser,,https://matterport.com/space/Sfkr3s8RkC2,,2026-04-24T08:12:28.576700+00:00,,
2fa630dd12977cbe,matterport,PARQUE NATURAL SIERRA DE BAZA - Centro de Visitantes Narváez - Sendero universal de Baza,,3d-tour | virtual-tour | matterport,virtual-tour,Matterport,browser,,https://matterport.com/space/wcCuVrT7EtG,,2026-04-24T08:12:28.549097+00:00,,
2351221e662341bc,matterport,Palace Of Fine Arts,,3d-tour | virtual-tour | matterport,virtual-tour,Matterport,browser,,https://matterport.com/space/ozYMY8PADUi,,2026-04-24T08:12:28.636037+00:00,,
be0764588263da09,matterport,"Penthouse, Dubai",,3d-tour | virtual-tour | matterport,virtual-tour,Matterport,browser,,https://matterport.com/space/oyaicKWaEQw,,2026-04-24T08:12:28.583936+00:00,,
7ee6c4495fed3d3b,matterport,Pharmacy Shared Services Center Cleanroom,,3d-tour | virtual-tour | matterport,virtual-tour,Matterport,browser,,https://matterport.com/space/hcGmJG8kMtJ,,2026-04-24T08:12:28.672013+00:00,,
15d86d53201b3151,matterport,Platinum Resort Assisted Living at Berry Springs,,3d-tour | virtual-tour | matterport,virtual-tour,Matterport,browser,,https://matterport.com/space/TuWfF9yXjun,,2026-04-24T08:12:28.616325+00:00,,
c8944c0f0de0658b,matterport,ROOFTOP DE LA TOUR CRAYON A LYON,,3d-tour | virtual-tour | matterport,virtual-tour,Matterport,browser,,https://matterport.com/space/AjBXJkPSzLD,,2026-04-24T08:12:28.684459+00:00,,
1ef467c836b75901,matterport,Restored 1908 Kansas City Shirtwaist in Historic Hyde Park - Virtual Tour,,3d-tour | virtual-tour | matterport,virtual-tour,Matterport,browser,,https://matterport.com/space/NBAjjV2wJhY,,2026-04-24T08:12:28.775164+00:00,,
8c8afb2766685172,matterport,Sacred Heart Catholic Church,,3d-tour | virtual-tour | matterport,virtual-tour,Matterport,browser,,https://matterport.com/space/wSqPQFPQbtC,,2026-04-24T08:12:28.753006+00:00,,
ce088153a8f82703,matterport,Sand Dune Arch,,3d-tour | virtual-tour | matterport,virtual-tour,Matterport,browser,,https://matterport.com/space/mpPt6pedPar,,2026-04-24T08:12:28.556638+00:00,,
33063d5262ead655,matterport,Silver Creek Assisted Living,,3d-tour | virtual-tour | matterport,virtual-tour,Matterport,browser,,https://matterport.com/space/6ky1uqVHQjh,,2026-04-24T08:12:28.608906+00:00,,
d5b60ba72c0b45dc,matterport,St Joseph Hospital | Nashua NH,,3d-tour | virtual-tour | matterport,virtual-tour,Matterport,browser,,https://matterport.com/space/6We5y92Uhjr,,2026-04-24T08:12:28.848771+00:00,,
7d151cee36514578,matterport,St Mary Church,,3d-tour | virtual-tour | matterport,virtual-tour,Matterport,browser,,https://matterport.com/space/vvs6Fbi7YjH,,2026-04-24T08:12:28.728026+00:00,,
e55a883b456f4eec,matterport,St Patrick’s Church,,3d-tour | virtual-tour | matterport,virtual-tour,Matterport,browser,,https://matterport.com/space/9iMZeMnzabo,,2026-04-24T08:12:28.742757+00:00,,
9333aab2a4a19035,matterport,St. Helena - Garden Of Gethsemane,,3d-tour | virtual-tour | matterport,virtual-tour,Matterport,browser,,https://matterport.com/space/k61GfeQyY29,,2026-04-24T08:12:28.756576+00:00,,
97aa3bab380f9f3f,matterport,St. Helena - St. Paul's Garden,,3d-tour | virtual-tour | matterport,virtual-tour,Matterport,browser,,https://matterport.com/space/yfaVKXwHv9E,,2026-04-24T08:12:28.760016+00:00,,
8412d2217551d7ee,matterport,St. Helena Catholic Church,,3d-tour | virtual-tour | matterport,virtual-tour,Matterport,browser,,https://matterport.com/space/MNLeETiYs87,,2026-04-24T08:12:28.733381+00:00,,
3ea52bd4dbf1f575,matterport,St. John’s Lutheran Church,,3d-tour | virtual-tour | matterport,virtual-tour,Matterport,browser,,https://matterport.com/space/VkUYXosUvfT,,2026-04-24T08:12:28.777336+00:00,,
9dd84fc4251aca35,matterport,St. Thomas Aquinas Catholic Church,,3d-tour | virtual-tour | matterport,virtual-tour,Matterport,browser,,https://matterport.com/space/bGzuKg5WP8k,,2026-04-24T08:12:28.730947+00:00,,
a3624b0f7be8539d,matterport,Templo del Oratorio de San Felipe Neri,,3d-tour | virtual-tour | matterport,virtual-tour,Matterport,browser,,https://matterport.com/space/yAb2Smw84PF,,2026-04-24T08:12:28.736422+00:00,,
fefa9de65144597f,matterport,The Funhouse House,,3d-tour | virtual-tour | matterport,virtual-tour,Matterport,browser,,https://matterport.com/space/ptXmwAvGuk6,,2026-04-24T08:12:28.632375+00:00,,
b2916536eaf50110,matterport,"The Walled Garden, The Grange Hampshire",,3d-tour | virtual-tour | matterport,virtual-tour,Matterport,browser,,https://matterport.com/space/ytTwV7ZoqNR,,2026-04-24T08:12:28.700657+00:00,,
fceda714304392d1,matterport,Urgent Care Castleview,,3d-tour | virtual-tour | matterport,virtual-tour,Matterport,browser,,https://matterport.com/space/N7S77xecxvS,,2026-04-24T08:12:28.677935+00:00,,
bd274ef9cd2aecad,matterport,WOW!house 2024,,3d-tour | virtual-tour | matterport,virtual-tour,Matterport,browser,,https://matterport.com/space/yWJbnEotRKM,,2026-04-24T08:12:28.713882+00:00,,
b0dcd45c8eae730f,matterport,"Warehouse, Laboratory, Production Area & Offices circa. 22416 sq.ft.",,3d-tour | virtual-tour | matterport,virtual-tour,Matterport,browser,,https://matterport.com/space/7ffnfBNamei,,2026-04-24T08:12:28.839031+00:00,,
b6964f44dd0afb89,matterport,Wire Pass Slot Canyon,,3d-tour | virtual-tour | matterport,virtual-tour,Matterport,browser,,https://matterport.com/space/T1Fk1nSwnra,,2026-04-24T08:12:28.560342+00:00,,
6c38cecc42d9b47c,matterport,日中線のしだれ桜（さくらのトンネル）,,3d-tour | virtual-tour | matterport,virtual-tour,Matterport,browser,,https://matterport.com/space/Mc5rEAJDXfh,,2026-04-24T08:12:28.641410+00:00,,
fbcff4e0a5f93ad0,matterport,고양시 녹색치유식물원,,3d-tour | virtual-tour | matterport,virtual-tour,Matterport,browser,,https://matterport.com/space/Ri2Yz5tLt73,,2026-04-24T08:12:28.644516+00:00,,
ccd158db59c8ebe5,opengameart,"""Bazza's Brew"" - Low Poly 3D Beer Can Model",,,,,multiplatform,,https://opengameart.org/content/bazzas-brew-low-poly-3d-beer-can-model,,2026-04-24T08:13:23.202663+00:00,,
b02343f44ae0d4c9,opengameart,"""UNCLEDAD'S Golden Lager"" Low Poly Beer Can Model",,,,,multiplatform,,https://opengameart.org/content/uncledads-golden-lager-low-poly-beer-can-model,,2026-04-24T08:13:23.190991+00:00,,
1200e01b105b73c5,opengameart,3D Book Template,,,,,multiplatform,,https://opengameart.org/content/3d-book-template,,2026-04-24T08:13:23.464743+00:00,,
3c780524f5997d5d,opengameart,3D Car Model for Unity & Unreal Engine | Ready for Car Controller 🚗,,,,,multiplatform,,https://opengameart.org/content/3d-car-model-for-unity-unreal-engine-ready-for-car-controller-%F0%9F%9A%97,,2026-04-24T08:13:23.245172+00:00,,
cc4a522206913c88,opengameart,3D Character Base Model,,,,,multiplatform,,https://opengameart.org/content/3d-character-base-model,,2026-04-24T08:13:23.193195+00:00,,
03836fe0e1dbae1d,opengameart,3D Compass,,,,,multiplatform,,https://opengameart.org/content/3d-compass,,2026-04-24T08:13:23.424820+00:00,,
a0d1ceb1f9ce9bfb,opengameart,3D Male Base Model (Work in Progress): Feel Free to Modify and Improve,,,,,multiplatform,,https://opengameart.org/content/3d-male-base-model-work-in-progress-feel-free-to-modify-and-improve,,2026-04-24T08:13:23.276388+00:00,,
a8209256bb9ca4b9,opengameart,3D Missile Model (Cherry Blast),,,,,multiplatform,,https://opengameart.org/content/3d-missile-model-cherry-blast,,2026-04-24T08:13:23.059811+00:00,,
5c3b264bf7ed0e1c,opengameart,"3D Model of a Computer, Monitor, and Desk",,,,,multiplatform,,https://opengameart.org/content/3d-model-of-a-computer-monitor-and-desk,,2026-04-24T08:13:22.958878+00:00,,
b01fcecfaf602a3a,opengameart,3D Model of a Mug and a Coffee table,,,,,multiplatform,,https://opengameart.org/content/3d-model-of-a-mug-and-a-coffee-table,,2026-04-24T08:13:23.110881+00:00,,
58d3e61a3b7ca7ca,opengameart,3D Piano Model,,,,,multiplatform,,https://opengameart.org/content/3d-piano-model,,2026-04-24T08:13:23.312445+00:00,,
378745a936552ea2,opengameart,3D Retro Pixel Car,,,,,multiplatform,,https://opengameart.org/content/3d-retro-pixel-car,,2026-04-24T08:13:23.489218+00:00,,
342172be3db87302,opengameart,3D Spikes spheres,,,,,multiplatform,,https://opengameart.org/content/3d-spikes-spheres,,2026-04-24T08:13:23.404843+00:00,,
c90e85762030d3d5,opengameart,3D Turret PBR texture + Flat Diff Texture,,,,,multiplatform,,https://opengameart.org/content/3d-turret-pbr-texture-flat-diff-texture,,2026-04-24T08:13:23.387046+00:00,,
54ed108d2113bee5,opengameart,3D chibi rigged model,,,,,multiplatform,,https://opengameart.org/content/3d-chibi-rigged-model,,2026-04-24T08:13:23.074760+00:00,,
e05e0ed18479b80f,opengameart,3D model Turret,,,,,multiplatform,,https://opengameart.org/content/3d-model-turret,,2026-04-24T08:13:22.936567+00:00,,
de6c5eceed01a25c,opengameart,3d Keycard,,,,,multiplatform,,https://opengameart.org/content/3d-keycard,,2026-04-24T08:13:23.428338+00:00,,
ff40fd54ce81c2f3,opengameart,3d Santa (Raw Model),,,,,multiplatform,,https://opengameart.org/content/3d-santa-raw-model,,2026-04-24T08:13:23.256632+00:00,,
94c3ef15fe9ad163,opengameart,3d female model,,,,,multiplatform,,https://opengameart.org/content/3d-female-model,,2026-04-24T08:13:23.272494+00:00,,
145e9ffcf22d24cd,opengameart,A 3D signal effect for Unity + Satellite 3D Model,,,,,multiplatform,,https://opengameart.org/content/a-3d-signal-effect-for-unity-satellite-3d-model,,2026-04-24T08:13:23.233697+00:00,,
1f4b75cfae4a6847,opengameart,AK47 model Low Poly,,,,,multiplatform,,https://opengameart.org/content/ak47-model-low-poly,,2026-04-24T08:13:23.248882+00:00,,
86d8fc4a1849ea02,opengameart,Abstract RTS Model Pack,,,,,multiplatform,,https://opengameart.org/content/abstract-rts-model-pack,,2026-04-24T08:13:23.174994+00:00,,
2a182039ffe8dce4,opengameart,Air hockey models puck and striker,,,,,multiplatform,,https://opengameart.org/content/air-hockey-models-puck-and-striker,,2026-04-24T08:13:23.456872+00:00,,
304f59738ae6a8a4,opengameart,Animated 3D Dragon Model,,,,,multiplatform,,https://opengameart.org/content/animated-3d-dragon-model,,2026-04-24T08:13:23.000406+00:00,,
5682fc5cefd9cf49,opengameart,"Anime girl model (rigged, textured, high poly)",,,,,multiplatform,,https://opengameart.org/content/anime-girl-model-rigged-textured-high-poly,,2026-04-24T08:13:22.925044+00:00,,
60948198742fc38d,opengameart,Ant 3D Model + Rigging + Animated (Low-poly-ish),,,,,multiplatform,,https://opengameart.org/content/ant-3d-model-rigging-animated-low-poly-ish,,2026-04-24T08:13:23.323110+00:00,,
25e9baa428674ea8,opengameart,Antonov an-28 3d model,,,,,multiplatform,,https://opengameart.org/content/antonov-an-28-3d-model,,2026-04-24T08:13:23.240262+00:00,,
ea4ef060a496a5f6,opengameart,Asteroid model,,,,,multiplatform,,https://opengameart.org/content/asteroid-model,,2026-04-24T08:13:22.980996+00:00,,
5fb80add081b99df,opengameart,Blender Airplane Rigged Model OGA,,,,,multiplatform,,https://opengameart.org/content/blender-airplane-rigged-model-oga,,2026-04-24T08:13:23.303823+00:00,,
8ed55c9df47fe6bb,opengameart,Bowling Alley Model,,,,,multiplatform,,https://opengameart.org/content/bowling-alley-model,,2026-04-24T08:13:22.975026+00:00,,
dd82d416496dc055,opengameart,Bug model thing,,,,,multiplatform,,https://opengameart.org/content/bug-model-thing,,2026-04-24T08:13:22.984648+00:00,,
4a5fa033b9516527,opengameart,Bullfrog Support Mech (model),,,,,multiplatform,,https://opengameart.org/content/bullfrog-support-mech-model,,2026-04-24T08:13:23.139801+00:00,,
7dd87b5f2abcc507,opengameart,Canine low poly,,,,,multiplatform,,https://opengameart.org/content/canine-low-poly,,2026-04-24T08:13:23.372883+00:00,,
78dd6b08ee4461a6,opengameart,Character Base Model,,,,,multiplatform,,https://opengameart.org/content/character-base-model,,2026-04-24T08:13:23.047886+00:00,,
548873e062b0a647,opengameart,Construction Barrier 3D,,,,,multiplatform,,https://opengameart.org/content/construction-barrier-3d,,2026-04-24T08:13:23.401068+00:00,,
71ddcefc63ac1d28,opengameart,Dagger ( not low poly 3D model),,,,,multiplatform,,https://opengameart.org/content/dagger-not-low-poly-3d-model,,2026-04-24T08:13:23.214774+00:00,,
150cca8d7ea57021,opengameart,Danish Light Automatic Rifle Model 54 + Underbarrel Grenade Launcher,,,,,multiplatform,,https://opengameart.org/content/danish-light-automatic-rifle-model-54-underbarrel-grenade-launcher,,2026-04-24T08:13:23.289298+00:00,,
bbcf3972944f300e,opengameart,Devastated castle(only model),,,,,multiplatform,,https://opengameart.org/content/devastated-castleonly-model,,2026-04-24T08:13:23.094946+00:00,,
dd0a6a3baaa44879,opengameart,Dino Character Low Poly Model,,,,,multiplatform,,https://opengameart.org/content/dino-character-low-poly-model,,2026-04-24T08:13:23.283788+00:00,,
cde4a14802ec6de7,opengameart,Eldritch Portal (Model with PBR Textures),,,,,multiplatform,,https://opengameart.org/content/eldritch-portal-model-with-pbr-textures,,2026-04-24T08:13:23.236841+00:00,,
af87b0d0a3bb0139,opengameart,Elf House 3D Low Poly Pack,,,,,multiplatform,,https://opengameart.org/content/elf-house-3d-low-poly-pack,,2026-04-24T08:13:23.468458+00:00,,
4068b2a225328481,opengameart,Elite Soldier Model,,,,,multiplatform,,https://opengameart.org/content/elite-soldier-model,,2026-04-24T08:13:22.977204+00:00,,
8e06c457b9a628af,opengameart,FLARE Model - Horse,,,,,multiplatform,,https://opengameart.org/content/flare-model-horse,,2026-04-24T08:13:22.911713+00:00,,
0285a32082f8cd89,opengameart,FLARE Model - Troll,,,,,multiplatform,,https://opengameart.org/content/flare-model-troll,,2026-04-24T08:13:22.915843+00:00,,
205d7def991fbeb9,opengameart,Fallout Shelter Alien Blaster Model,,,,,multiplatform,,https://opengameart.org/content/fallout-shelter-alien-blaster-model,,2026-04-24T08:13:23.177221+00:00,,
29061c18d284ed59,opengameart,Fallout Shelter: Institute Living Quarters Props,,,,,multiplatform,,https://opengameart.org/content/fallout-shelter-institute-living-quarters-props,,2026-04-24T08:13:23.449106+00:00,,
67a5248e039d8828,opengameart,Fan 3D Model (Uncomplete),,,,,multiplatform,,https://opengameart.org/content/fan-3d-model-uncomplete,,2026-04-24T08:13:23.199886+00:00,,
7384745f8eb77aa7,opengameart,Fantasy Melee Weapons,,,,,multiplatform,,https://opengameart.org/content/fantasy-melee-weapons,,2026-04-24T08:13:23.437481+00:00,,
0ea9bc46a421b6e4,opengameart,Female model updateFemale model update,,,,,multiplatform,,https://opengameart.org/content/female-model-updatefemale-model-update,,2026-04-24T08:13:23.068440+00:00,,
ef3201444d85fa0e,opengameart,Fence 3D,,,,,multiplatform,,https://opengameart.org/content/fence-3d,,2026-04-24T08:13:23.370645+00:00,,
9bd5c1e86bbff720,opengameart,Fire Fly Suit Model,,,,,multiplatform,,https://opengameart.org/content/fire-fly-suit-model,,2026-04-24T08:13:23.044411+00:00,,
f5fb04a9c8103da7,opengameart,Foot Base Model,,,,,multiplatform,,https://opengameart.org/content/foot-base-model-0,,2026-04-24T08:13:23.211920+00:00,,
7289eb98fbee7e9d,opengameart,Free 1980 - MidPoly Retro Rooms Free low-poly 3D model,,,,,multiplatform,,https://opengameart.org/content/free-1980-midpoly-retro-rooms-free-low-poly-3d-model,,2026-04-24T08:13:23.345573+00:00,,
c05c9d1fed8e4e4c,opengameart,Free 3D Models by ShareTextures,,,,,multiplatform,,https://opengameart.org/content/free-3d-models-by-sharetextures,,2026-04-24T08:13:23.348698+00:00,,
9f8f643428316a81,opengameart,Free Fantasy Medieval Town Props Unity Assets low-poly 3D model,,,,,multiplatform,,https://opengameart.org/content/free-fantasy-medieval-town-props-unity-assets-low-poly-3d-model,,2026-04-24T08:13:23.188107+00:00,,
7ba18b168ee0b935,opengameart,Free Low Poly Game Asset - 3D Blocks,,,,,multiplatform,,https://opengameart.org/content/free-low-poly-game-asset-3d-blocks,,2026-04-24T08:13:23.352214+00:00,,
fdf35ccadb2eec8f,opengameart,Free Low Poly Game Asset - 3D Hex Blocks,,,,,multiplatform,,https://opengameart.org/content/free-low-poly-game-asset-3d-hex-blocks,,2026-04-24T08:13:23.355235+00:00,,
4d60d002607d88cb,opengameart,"Free, Low Poly 3D Race car model 🏍️🏁🚦🏆",,,,,multiplatform,,https://opengameart.org/content/free-low-poly-3d-race-car-model-%F0%9F%8F%8D%EF%B8%8F%F0%9F%8F%81%F0%9F%9A%A6%F0%9F%8F%86,,2026-04-24T08:13:23.252754+00:00,,
87c874bcc5bc6ba9,opengameart,Frog low poly animated 3d model,,,,,multiplatform,,https://opengameart.org/content/frog-low-poly-animated-3d-model,,2026-04-24T08:13:23.330754+00:00,,
bc6b9a460c6cea22,opengameart,Future Robot Model,,,,,multiplatform,,https://opengameart.org/content/future-robot-model,,2026-04-24T08:13:23.004103+00:00,,
6a3e4f22c3e0dc6e,opengameart,Gas Wall Lantern 3D Model,,,,,multiplatform,,https://opengameart.org/content/gas-wall-lantern-3d-model,,2026-04-24T08:13:23.035925+00:00,,
06d17dac55561a1a,opengameart,Generic low poly human,,,,,multiplatform,,https://opengameart.org/content/generic-low-poly-human,,2026-04-24T08:13:23.476500+00:00,,
3e2c00775636596d,opengameart,German 70s hatchback lowpoly,,,,,multiplatform,,https://opengameart.org/content/german-70s-hatchback-lowpoly,,2026-04-24T08:13:23.360679+00:00,,
51ff64b21088b56c,opengameart,Giant Baobab Low Poly Tree Model,,,,,multiplatform,,https://opengameart.org/content/giant-baobab-low-poly-tree-model,,2026-04-24T08:13:23.286923+00:00,,
a6068742c462d485,opengameart,Goblin Model (Free Monsters),,,,,multiplatform,,https://opengameart.org/content/goblin-model-free-monsters,,2026-04-24T08:13:22.964517+00:00,,
d834728895a662f4,opengameart,Hand axe low poly,,,,,multiplatform,,https://opengameart.org/content/hand-axe-low-poly,,2026-04-24T08:13:23.484025+00:00,,
8419be45b83d47c5,opengameart,High-rise building model,,,,,multiplatform,,https://opengameart.org/content/high-rise-building-model,,2026-04-24T08:13:23.306746+00:00,,
63766f60e8f1347e,opengameart,Horn Head model,,,,,multiplatform,,https://opengameart.org/content/horn-head-model,,2026-04-24T08:13:23.132707+00:00,,
a5b952cf2040d712,opengameart,Horror School Props,,,,,multiplatform,,https://opengameart.org/content/horror-school-props,,2026-04-24T08:13:23.376492+00:00,,
c69f0a0929c7ae65,opengameart,Human Foot 3D Model,,,,,multiplatform,,https://opengameart.org/content/human-foot-3d-model,,2026-04-24T08:13:23.300344+00:00,,
c74574d2de492c7e,opengameart,Human Low Poly,,,,,multiplatform,,https://opengameart.org/content/human-low-poly,,2026-04-24T08:13:23.364208+00:00,,
ea2520ad6d410f03,opengameart,Human Model Ready for Animation,,,,,multiplatform,,https://opengameart.org/content/human-model-ready-for-animation,,2026-04-24T08:13:23.062716+00:00,,
1a325dc914aeccb4,opengameart,Java Duchess - Model Sheets,,,,,multiplatform,,https://opengameart.org/content/java-duchess-model-sheets,,2026-04-24T08:13:23.113737+00:00,,
5901c93d94fe0f66,opengameart,Johnny Boom - Low Poly Human Model,,,,,multiplatform,,https://opengameart.org/content/johnny-boom-low-poly-human-model,,2026-04-24T08:13:23.243085+00:00,,
8fd713a9509052fb,opengameart,LOW POLY 3D MODEL PACKS,,,,,multiplatform,,https://opengameart.org/content/low-poly-3d-model-packs,,2026-04-24T08:13:23.325410+00:00,,
745bf4d73919b4bd,opengameart,Lawo Character 3d Model wth scratch svg,,,,,multiplatform,,https://opengameart.org/content/lawo-character-3d-model-wth-scratch-svg,,2026-04-24T08:13:23.336523+00:00,,
e98fdd55ea336a55,opengameart,Lighthouse Model,,,,,multiplatform,,https://opengameart.org/content/lighthouse-model,,2026-04-24T08:13:22.929115+00:00,,
c9673fd78b9e6fcc,opengameart,Long hairstyle for male model,,,,,multiplatform,,https://opengameart.org/content/long-hairstyle-for-male-model,,2026-04-24T08:13:23.032009+00:00,,
e2a0ccc4dc94a35c,opengameart,Longsword Model,,,,,multiplatform,,https://opengameart.org/content/longsword-model,,2026-04-24T08:13:23.088340+00:00,,
ff298e0b09d850ed,opengameart,Low Poly 3D Flying Saucer Model,,,,,multiplatform,,https://opengameart.org/content/low-poly-3d-flying-saucer-model,,2026-04-24T08:13:23.168673+00:00,,
9fdeb32a3e86035e,opengameart,Low Poly Dude,,,,,multiplatform,,https://opengameart.org/content/low-poly-dude,,2026-04-24T08:13:23.452943+00:00,,
1bd044c779b3a2c6,opengameart,Low Poly Honey Bun 3D,,,,,multiplatform,,https://opengameart.org/content/low-poly-honey-bun-3d,,2026-04-24T08:13:23.440619+00:00,,
08199dbf64a560f4,opengameart,Low Poly Male Anime Style Model,,,,,multiplatform,,https://opengameart.org/content/low-poly-male-anime-style-model,,2026-04-24T08:13:23.108022+00:00,,
7c2e38efd9ce50b9,opengameart,Low Poly Male Model,,,,,multiplatform,,https://opengameart.org/content/low-poly-male-model,,2026-04-24T08:13:23.126709+00:00,,
ca863b0740467086,opengameart,Low Poly Model,,,,,multiplatform,,https://opengameart.org/content/low-poly-model,,2026-04-24T08:13:23.064960+00:00,,
8b6fdbd3aae448ff,opengameart,Low Poly Objects Landscape,,,,,multiplatform,,https://opengameart.org/content/low-poly-objects-landscape,,2026-04-24T08:13:23.487019+00:00,,
bcab6742d1749d23,opengameart,Low Poly Pachy Dinosaur,,,,,multiplatform,,https://opengameart.org/content/low-poly-pachy-dinosaur,,2026-04-24T08:13:23.408661+00:00,,
5a7dfa7f6ab36dff,opengameart,Low Poly Penguin w/ Skeleton,,,,,multiplatform,,https://opengameart.org/content/low-poly-penguin-w-skeleton,,2026-04-24T08:13:23.480421+00:00,,
54e6dcbdbef75668,opengameart,Low Poly Robot,,,,,multiplatform,,https://opengameart.org/content/low-poly-robot-0,,2026-04-24T08:13:23.397269+00:00,,
48e0d6b472c1da04,opengameart,Low Poly Speaker,,,,,multiplatform,,https://opengameart.org/content/low-poly-speaker,,2026-04-24T08:13:23.419808+00:00,,
e494ce3781a4094a,opengameart,Low Poly/Mobile Astronaut (rigged and .blend),,,,,multiplatform,,https://opengameart.org/content/low-polymobile-astronaut-rigged-and-blend,,2026-04-24T08:13:23.357364+00:00,,
3e26e5ed8f124b8e,opengameart,Low poly 3D Pigeon model (rigged + animated) [untextured],,,,,multiplatform,,https://opengameart.org/content/low-poly-3d-pigeon-model-rigged-animated-untextured,,2026-04-24T08:13:23.260510+00:00,,
6494fe29465619e4,opengameart,Low poly Survival axe,,,,,multiplatform,,https://opengameart.org/content/low-poly-survival-axe,,2026-04-24T08:13:23.393227+00:00,,
1bd43ac66afe8ac4,opengameart,Low poly Sword 3D model,,,,,multiplatform,,https://opengameart.org/content/low-poly-sword-3d-model,,2026-04-24T08:13:23.296611+00:00,,
c398be6384464479,opengameart,Low poly biplane airplane model,,,,,multiplatform,,https://opengameart.org/content/low-poly-biplane-airplane-model,,2026-04-24T08:13:23.224376+00:00,,
6ba849bb26e40e44,opengameart,Low poly stylized Rifle (AK-47),,,,,multiplatform,,https://opengameart.org/content/low-poly-stylized-rifle-ak-47,,2026-04-24T08:13:23.431805+00:00,,
be1f89a190f86abc,opengameart,Low poly warrior model made as parts (no skeleton),,,,,multiplatform,,https://opengameart.org/content/low-poly-warrior-model-made-as-parts-no-skeleton,,2026-04-24T08:13:23.316331+00:00,,
80035f37d0f7ef5c,opengameart,Low poly wood log,,,,,multiplatform,,https://opengameart.org/content/low-poly-wood-log,,2026-04-24T08:13:23.412437+00:00,,
887794b0d6096175,opengameart,Low-Poly Bridge,,,,,multiplatform,,https://opengameart.org/content/low-poly-bridge,,2026-04-24T08:13:23.367831+00:00,,
d4beff225632cd2f,opengameart,Low-Poly Katana,,,,,multiplatform,,https://opengameart.org/content/low-poly-katana,,2026-04-24T08:13:23.433909+00:00,,
73dfe5fab99a4e81,opengameart,Low-poly male human model [Blender],,,,,multiplatform,,https://opengameart.org/content/low-poly-male-human-model-blender,,2026-04-24T08:13:23.100821+00:00,,
883c9cb49a5e754f,opengameart,Lowpoly Molotov,,,,,multiplatform,,https://opengameart.org/content/lowpoly-molotov,,2026-04-24T08:13:23.421964+00:00,,
0bae2d8210352e19,opengameart,Lowpoly Trajan's column model,,,,,multiplatform,,https://opengameart.org/content/lowpoly-trajans-column-model,,2026-04-24T08:13:23.038692+00:00,,
20d7093262919ba7,opengameart,Lowpoly light plane,,,,,multiplatform,,https://opengameart.org/content/lowpoly-light-plane,,2026-04-24T08:13:23.461356+00:00,,
2bf1d8434bc762e2,opengameart,Magnum model,,,,,multiplatform,,https://opengameart.org/content/magnum-model,,2026-04-24T08:13:22.945306+00:00,,
89c049756353ce0b,opengameart,Male Base Mesh,,,,,multiplatform,,https://opengameart.org/content/male-base-mesh,,2026-04-24T08:13:23.445038+00:00,,
981065eed4cda114,opengameart,"Mars 3D model (exaggerated, multiple textures)",,,,,multiplatform,,https://opengameart.org/content/mars-3d-model-exaggerated-multiple-textures,,2026-04-24T08:13:23.129112+00:00,,
2a0181d6a2d37e66,opengameart,Mech Character Model,,,,,multiplatform,,https://opengameart.org/content/mech-character-model,,2026-04-24T08:13:22.961069+00:00,,
d18b3fbee0890304,opengameart,MiG-9 Orbital Tactical Model,,,,,multiplatform,,https://opengameart.org/content/mig-9-orbital-tactical-model,,2026-04-24T08:13:23.332976+00:00,,
0d1dba29fb72fbcb,opengameart,Mid poly human,,,,,multiplatform,,https://opengameart.org/content/mid-poly-human,,2026-04-24T08:13:23.383975+00:00,,
8aa50a8f338ebd96,opengameart,Military Base 3d Model,,,,,multiplatform,,https://opengameart.org/content/military-base-3d-model,,2026-04-24T08:13:23.264443+00:00,,
fd02f732784b58d0,opengameart,Monkey 3D model. Rigged. FBX.,,,,,multiplatform,,https://opengameart.org/content/monkey-3d-model-rigged-fbx,,2026-04-24T08:13:23.007174+00:00,,
4922a009f8192ee0,opengameart,Muscle Car 3D Model,,,,,multiplatform,,https://opengameart.org/content/muscle-car-3d-model,,2026-04-24T08:13:22.918820+00:00,,
113cc5b986b829eb,opengameart,Muscleboy 3D Model,,,,,multiplatform,,https://opengameart.org/content/muscleboy-3d-model,,2026-04-24T08:13:23.320065+00:00,,
bd32976e90f59250,opengameart,Muzzle flash (with model),,,,,multiplatform,,https://opengameart.org/content/muzzle-flash-with-model,,2026-04-24T08:13:22.997402+00:00,,
12fcea2cd0188a77,opengameart,Need help with clothing this model.,,,,,multiplatform,,https://opengameart.org/content/need-help-with-clothing-this-model,,2026-04-24T08:13:23.184298+00:00,,
ca27ce1d343d5b7e,opengameart,Neptunian Museum - Museum Model,,,,,multiplatform,,https://opengameart.org/content/neptunian-museum-museum-model,,2026-04-24T08:13:23.141972+00:00,,
5aef58e0c914ce64,opengameart,Numbers model,,,,,multiplatform,,https://opengameart.org/content/numbers-model,,2026-04-24T08:13:23.216987+00:00,,
c904542f21aba912,opengameart,Open Tempest 3D Venusian model; textured,,,,,multiplatform,,https://opengameart.org/content/open-tempest-3d-venusian-model-textured,,2026-04-24T08:13:23.041680+00:00,,
9da65b312078e6d7,opengameart,PBR FIREAXE MODEL + ICON,,,,,multiplatform,,https://opengameart.org/content/pbr-fireaxe-model-icon,,2026-04-24T08:13:23.052923+00:00,,
fbf9c61ed5dc8538,opengameart,PS1 style Caveman 3D model [rigged],,,,,multiplatform,,https://opengameart.org/content/ps1-style-caveman-3d-model-rigged,,2026-04-24T08:13:23.280273+00:00,,
42c1529887d82fa2,opengameart,Pencil low poly 3d model,,,,,multiplatform,,https://opengameart.org/content/pencil-low-poly-3d-model,,2026-04-24T08:13:23.104455+00:00,,
51dee569e27a26de,opengameart,Penguin low poly animated 3d model,,,,,multiplatform,,https://opengameart.org/content/penguin-low-poly-animated-3d-model,,2026-04-24T08:13:23.343230+00:00,,
9c8c7b9c29159f13,opengameart,Plant Allium 3D model,,,,,multiplatform,,https://opengameart.org/content/plant-allium-3d-model,,2026-04-24T08:13:23.080799+00:00,,
708bc166a6d2da73,opengameart,Plant Brassica Rapa 3D model,,,,,multiplatform,,https://opengameart.org/content/plant-brassica-rapa-3d-model,,2026-04-24T08:13:23.050723+00:00,,
28a2e447448919c9,opengameart,Plant Equisetum 3D model,,,,,multiplatform,,https://opengameart.org/content/plant-equisetum-3d-model,,2026-04-24T08:13:23.072072+00:00,,
fb7c736ce2a47291,opengameart,Ponytail hair style for female model,,,,,multiplatform,,https://opengameart.org/content/ponytail-hair-style-for-female-model,,2026-04-24T08:13:23.022002+00:00,,
c34ffc80d2768e4d,opengameart,Pool Table 3D Model,,,,,multiplatform,,https://opengameart.org/content/pool-table-3d-model,,2026-04-24T08:13:23.028511+00:00,,
7fe1dd3ab6167679,opengameart,"Post-apocalyptic model pack: barrel, footlocker, frozen corpse fragments, mailbox and destroyed house",,,,,multiplatform,,https://opengameart.org/content/post-apocalyptic-model-pack-barrel-footlocker-frozen-corpse-fragments-mailbox-and-destroyed,,2026-04-24T08:13:23.156752+00:00,,
f8e1beb4071eee6d,opengameart,RC Car Model,,,,,multiplatform,,https://opengameart.org/content/rc-car-model,,2026-04-24T08:13:22.921230+00:00,,
00d6ce1d0a49f546,opengameart,RIng Model (3D not low poly),,,,,multiplatform,,https://opengameart.org/content/ring-model-3d-not-low-poly,,2026-04-24T08:13:23.154696+00:00,,
78ec49d43955655f,opengameart,RRS Model 208,,,,,multiplatform,,https://opengameart.org/content/rrs-model-208,,2026-04-24T08:13:23.328404+00:00,,
6a9d9cc9c11fa5a5,opengameart,Realtime Rancher's 3D Model Pack,,,,,multiplatform,,https://opengameart.org/content/realtime-ranchers-3d-model-pack,,2026-04-24T08:13:23.172170+00:00,,
eee065ba4a9acee8,opengameart,"Rigged, textured Dwarf model",,,,,multiplatform,,https://opengameart.org/content/rigged-textured-dwarf-model,,2026-04-24T08:13:22.933002+00:00,,
580558aa2466981c,opengameart,Saguaro Cactus Model,,,,,multiplatform,,https://opengameart.org/content/saguaro-cactus-model,,2026-04-24T08:13:23.220513+00:00,,
f0a1793e1ff8ca68,opengameart,Sara 3D Model,,,,,multiplatform,,https://opengameart.org/content/sara-3d-model,,2026-04-24T08:13:22.956086+00:00,,
535d95103f40c1ac,opengameart,Sara 3D Model (Blender 2.91),,,,,multiplatform,,https://opengameart.org/content/sara-3d-model-blender-291,,2026-04-24T08:13:23.151830+00:00,,
65351bbcd9e50b38,opengameart,Sara 3d model,,,,,multiplatform,,https://opengameart.org/content/sara-3d-model-1,,2026-04-24T08:13:22.943008+00:00,,
bb22a324b8609acf,opengameart,Shipwrecked boat model,,,,,multiplatform,,https://opengameart.org/content/shipwrecked-boat-model,,2026-04-24T08:13:23.092210+00:00,,
c2c143c9412063e6,opengameart,Short punk hair style for female model,,,,,multiplatform,,https://opengameart.org/content/short-punk-hair-style-for-female-model,,2026-04-24T08:13:23.116544+00:00,,
398246722119addb,opengameart,Side parting hairstyle for male model,,,,,multiplatform,,https://opengameart.org/content/side-parting-hairstyle-for-male-model,,2026-04-24T08:13:23.084581+00:00,,
f1f94cae3449d504,opengameart,Simple Characters,,,,,multiplatform,,https://opengameart.org/content/simple-characters-0,,2026-04-24T08:13:23.472248+00:00,,
bb2d4707064dcd33,opengameart,Simple Potion flask (3D Model),,,,,multiplatform,,https://opengameart.org/content/simple-potion-flask-3d-model,,2026-04-24T08:13:23.123787+00:00,,
49b52b5c53bc760d,opengameart,Simple Strawberry Model,,,,,multiplatform,,https://opengameart.org/content/simple-strawberry-model,,2026-04-24T08:13:23.196539+00:00,,
df39fccf6ba087e4,opengameart,Simple Sword Model 152 tris,,,,,multiplatform,,https://opengameart.org/content/simple-sword-model-152-tris,,2026-04-24T08:13:23.136273+00:00,,
1152ec1c2f8ab220,opengameart,Skin for Tiby model Female Version,,,,,multiplatform,,https://opengameart.org/content/skin-for-tiby-model-female-version,,2026-04-24T08:13:23.180609+00:00,,
3175d0bb4a0f2931,opengameart,Snail 3D Model,,,,,multiplatform,,https://opengameart.org/content/snail-3d-model,,2026-04-24T08:13:22.940048+00:00,,
52c251f19628e250,opengameart,Snake low poly animated 3d model,,,,,multiplatform,,https://opengameart.org/content/snake-low-poly-animated-3d-model,,2026-04-24T08:13:23.309624+00:00,,
da3806b1c5695679,opengameart,Spaceship 3D Model#1 (.blend),,,,,multiplatform,,https://opengameart.org/content/spaceship-3d-model1-blend,,2026-04-24T08:13:22.992014+00:00,,
947f6bbed10a538a,opengameart,Spaceship 3D Model#2 (.blend),,,,,multiplatform,,https://opengameart.org/content/spaceship-3d-model2-blend,,2026-04-24T08:13:22.995142+00:00,,
714ac6fd06e0dd5c,opengameart,Spaceship 3D Model#3 (.blend),,,,,multiplatform,,https://opengameart.org/content/spaceship-3d-model3-blend,,2026-04-24T08:13:22.988197+00:00,,
2b9488601b739a44,opengameart,Spacestation 3D Model#1 (.blend),,,,,multiplatform,,https://opengameart.org/content/spacestation-3d-model1-blend,,2026-04-24T08:13:22.971873+00:00,,
4c2de4c04b557bcf,opengameart,Spatial 3D Model,,,,,multiplatform,,https://opengameart.org/content/spatial-3d-model,,2026-04-24T08:13:23.016056+00:00,,
0a38a835281816b5,opengameart,Sprite Base Model,,,,,multiplatform,,https://opengameart.org/content/sprite-base-model,,2026-04-24T08:13:22.968352+00:00,,
1f2d248467d8d1a5,opengameart,Stylized Low Poly Character,,,,,multiplatform,,https://opengameart.org/content/stylized-low-poly-character,,2026-04-24T08:13:23.380194+00:00,,
9b653a5c3d77273e,opengameart,Sword Model,,,,,multiplatform,,https://opengameart.org/content/sword-model,,2026-04-24T08:13:23.160345+00:00,,
d3c781978066aad5,opengameart,Target 3D Model,,,,,multiplatform,,https://opengameart.org/content/target-3d-model,,2026-04-24T08:13:23.268432+00:00,,
5ea471404edbd9cc,opengameart,The Machine (Model Textured and Rigged),,,,,multiplatform,,https://opengameart.org/content/the-machine-model-textured-and-rigged,,2026-04-24T08:13:23.208459+00:00,,
2f9f6906f8aa4373,opengameart,Tiby 3D rigged model,,,,,multiplatform,,https://opengameart.org/content/tiby-3d-rigged-model,,2026-04-24T08:13:22.948850+00:00,,
51739625577ef4dc,opengameart,Tower Model,,,,,multiplatform,,https://opengameart.org/content/tower-model,,2026-04-24T08:13:22.952587+00:00,,
3ece78c0c039f65c,opengameart,Tree Stump Model,,,,,multiplatform,,https://opengameart.org/content/tree-stump-model,,2026-04-24T08:13:23.012355+00:00,,
fb9e3aa4ff8648dd,opengameart,UFO model,,,,,multiplatform,,https://opengameart.org/content/ufo-model,,2026-04-24T08:13:23.148397+00:00,,
8734cea844f9eb24,opengameart,Ultra Low Poly Revolver,,,,,multiplatform,,https://opengameart.org/content/ultra-low-poly-revolver,,2026-04-24T08:13:23.416257+00:00,,
479d470b29a99270,opengameart,Upcomb hair style for male model,,,,,multiplatform,,https://opengameart.org/content/upcomb-hair-style-for-male-model,,2026-04-24T08:13:23.024997+00:00,,
b244e1b2cc490f3b,opengameart,WW1 (WWI) Airplane model obj.,,,,,multiplatform,,https://opengameart.org/content/ww1-wwi-airplane-model-obj,,2026-04-24T08:13:23.119929+00:00,,
caff276588150a2b,opengameart,Warrior Female - 3D model,,,,,multiplatform,,https://opengameart.org/content/warrior-female-3d-model,,2026-04-24T08:13:23.340172+00:00,,
c34b9d105e8aca96,opengameart,Winged Mecha Model and Iso sprites,,,,,multiplatform,,https://opengameart.org/content/winged-mecha-model-and-iso-sprites,,2026-04-24T08:13:23.165879+00:00,,
24597a592acbb7b8,opengameart,Winter Tree low poly 3D model,,,,,multiplatform,,https://opengameart.org/content/winter-tree-low-poly-3d-model,,2026-04-24T08:13:23.097096+00:00,,
ccebb5cb48fd32c7,opengameart,Wolf 3D Model,,,,,multiplatform,,https://opengameart.org/content/wolf-3d-model,,2026-04-24T08:13:23.009508+00:00,,
2f6b5976aa633332,opengameart,Wooden Bridge 3D model,,,,,multiplatform,,https://opengameart.org/content/wooden-bridge-3d-model,,2026-04-24T08:13:23.077193+00:00,,
7317722bda108a63,opengameart,Xonotic Shotgun Model [WIP],,,,,multiplatform,,https://opengameart.org/content/xonotic-shotgun-model-wip,,2026-04-24T08:13:23.144849+00:00,,
7433ddd81202a4d9,opengameart,[cge] Car model with comic-style texture,,,,,multiplatform,,https://opengameart.org/content/cge-car-model-with-comic-style-texture,,2026-04-24T08:13:23.163827+00:00,,
d435be564313a631,opengameart,character bases  Model Lowpoly,,,,,multiplatform,,https://opengameart.org/content/character-bases-model-lowpoly,,2026-04-24T08:13:23.293483+00:00,,
24837bf390223d9f,opengameart,cross-country vehicle 3D model,,,,,multiplatform,,https://opengameart.org/content/cross-country-vehicle-3d-model,,2026-04-24T08:13:23.230746+00:00,,
685b0c4dde3cc3c6,opengameart,low poly 3D model for survival game,,,,,multiplatform,,https://opengameart.org/content/low-poly-3d-model-for-survival-game,,2026-04-24T08:13:23.204916+00:00,,
2ac56726f663cb16,opengameart,low poly elephant model,,,,,multiplatform,,https://opengameart.org/content/low-poly-elephant-model,,2026-04-24T08:13:23.018989+00:00,,
b0a29dadab599bbd,opengameart,low-poly biped model,,,,,multiplatform,,https://opengameart.org/content/low-poly-biped-model,,2026-04-24T08:13:23.056316+00:00,,
11f9c0d9bdb4a6fe,opengameart,sleigh bell 3d model,,,,,multiplatform,,https://opengameart.org/content/sleigh-bell-3d-model,,2026-04-24T08:13:23.227929+00:00,,
dd353c997c4b1510,opengameart,snappaKappa 3d,,,,,multiplatform,,https://opengameart.org/content/snappakappa-3d,,2026-04-24T08:13:23.389348+00:00,,
40f93e3afd9825b5,sketchfab,0401a947-d4af-4973-827d-ef7f4e76a5de,,,,,browser,,https://sketchfab.com/3d-models/none-cc70e6467758470a9b45327d322d25cd,https://media.sketchfab.com/models/cc70e6467758470a9b45327d322d25cd/thumbnails/8699fe92181e4d1d96336560b752e460/5d105f1b74034578a5ece6193c584975.jpeg,2026-04-24T08:12:18.317034+00:00,ahovanesyan,cc70e6467758470a9b45327d322d25cd
43d26089d8489e18,sketchfab,1,,,,,browser,,https://sketchfab.com/3d-models/none-fcc3121c978b4c20870c91eabff85994,https://media.sketchfab.com/models/fcc3121c978b4c20870c91eabff85994/thumbnails/25175afeb5384f84ad5c2ba0bad2ead2/7c27471b087d4aa58f809ded2fe76514.jpeg,2026-04-24T08:12:18.717265+00:00,wildcookapp,fcc3121c978b4c20870c91eabff85994
4e908a86254135f3,sketchfab,123,,,,,browser,,https://sketchfab.com/3d-models/none-ab6afcb575d0460983810fb485a0ae5c,https://media.sketchfab.com/models/ab6afcb575d0460983810fb485a0ae5c/thumbnails/fea536c664e9412e8788c1c3f59af10d/51f0b1dfb567483a8c8bc62e200f3239.jpeg,2026-04-24T08:12:18.780726+00:00,1986LEI,ab6afcb575d0460983810fb485a0ae5c
5271e799e647c28d,sketchfab,14453 Blocking Personaje,,,,,browser,,https://sketchfab.com/3d-models/none-4c36b38bc5944a15ac210c8daec51986,https://media.sketchfab.com/models/4c36b38bc5944a15ac210c8daec51986/thumbnails/75445578082c43258dd5fbc801911174/ddd2d9921d0e4882864b2b2b057da1f4.jpeg,2026-04-24T08:12:18.327813+00:00,gaboco316,4c36b38bc5944a15ac210c8daec51986
7c68ddf1e498171c,sketchfab,2.5D Tree,Week 2 assignment of CGMA course by Ashleigh Warner!,,,,browser,,https://sketchfab.com/3d-models/none-76cd2e648b7940b9b61b164f46008102,https://media.sketchfab.com/models/76cd2e648b7940b9b61b164f46008102/thumbnails/41852b3551634e50bf9584b9701ba824/968991ca1eae4e2e838f52c66d29dfc8.jpeg,2026-04-24T08:12:18.868282+00:00,kyeongseo,76cd2e648b7940b9b61b164f46008102
0e9bdaa6ba18de0c,sketchfab,20/09/2704,,,,,browser,,https://sketchfab.com/3d-models/none-1bead9383fbf4a93ae135cb49b8c37b1,https://media.sketchfab.com/models/1bead9383fbf4a93ae135cb49b8c37b1/thumbnails/8f02e8425a5c4303b7c93665d5f295ce/600b5aa3cadd49878787fa8949c27e13.jpeg,2026-04-24T08:12:18.475806+00:00,TimDFA,1bead9383fbf4a93ae135cb49b8c37b1
9289a1dbcbe947e7,sketchfab,210393,http://staircon.com/ <br>Export by <b>Hovinikkarit Oy</b> (lic 3047),stair | staircase | staircon,,,browser,,https://sketchfab.com/3d-models/none-52facfe9aeef458eb9c865ab5279c637,https://media.sketchfab.com/models/52facfe9aeef458eb9c865ab5279c637/thumbnails/ce154e94459d48aebafea6921eaf67f8/5e2c0862afb84d4d9dad4bdd03a60eca.jpeg,2026-04-24T08:12:18.791927+00:00,Hovi-portaat,52facfe9aeef458eb9c865ab5279c637
d5fed60c20ea4cd8,sketchfab,3456789012,,,,,browser,,https://sketchfab.com/3d-models/none-246f3fe5ab9743788910c8849a48764b,https://media.sketchfab.com/models/246f3fe5ab9743788910c8849a48764b/thumbnails/54b0c24f6ade43cf907a8fac4cc56385/f6ab671de28b45218fde8fa7d7096025.jpeg,2026-04-24T08:12:18.592869+00:00,pintor20,246f3fe5ab9743788910c8849a48764b
be5d1327e828917a,sketchfab,3D,,,,,browser,,https://sketchfab.com/3d-models/none-0269ce6b8775435ab6052f0f290fd928,https://media.sketchfab.com/models/0269ce6b8775435ab6052f0f290fd928/thumbnails/61ba84e2ce5e4efc8bcd639405efd34f/718c1d960eb443d08ea3dba1cba17db0.jpeg,2026-04-24T08:12:18.440435+00:00,harcoconstrucoes,0269ce6b8775435ab6052f0f290fd928
ddddc70bbd37f3b8,sketchfab,3D PASSARELA EXTERNA,,,,,browser,,https://sketchfab.com/3d-models/none-9315889e05984909990ee8e22bf13b66,https://media.sketchfab.com/models/9315889e05984909990ee8e22bf13b66/thumbnails/cbdff9af707e42d195f3266bf3af99d7/83e0ce5a4cc4474ebb96ae011e7850c6.jpeg,2026-04-24T08:12:18.443913+00:00,mbampa,9315889e05984909990ee8e22bf13b66
a78ee5fa633f140c,sketchfab,3D test,,,,,browser,,https://sketchfab.com/3d-models/none-ef4b2ba8df864e34a67045e8d3a44e18,https://media.sketchfab.com/models/ef4b2ba8df864e34a67045e8d3a44e18/thumbnails/15a3970263dc49c8adeb21d3f434518d/f6836d7c201a4cdda93e5a019c63957e.jpeg,2026-04-24T08:12:18.462779+00:00,smollbean18,ef4b2ba8df864e34a67045e8d3a44e18
16b711fff807dab7,sketchfab,443110D,,,,,browser,354.2 KB,https://sketchfab.com/3d-models/none-5efd4bc4ce784bfa860d2844bdfef576,https://media.sketchfab.com/models/5efd4bc4ce784bfa860d2844bdfef576/thumbnails/c55f222bc8b74da5bbd6eeea327c0c75/772b62ea9f2e453daf9a50c9d65e7f1d.jpeg,2026-04-24T08:12:18.616839+00:00,orasteemu,5efd4bc4ce784bfa860d2844bdfef576
20f0f9fe860ebc75,sketchfab,48080131(2021) HANSAPRISMA,,,,,browser,868.0 KB,https://sketchfab.com/3d-models/none-6c1a034b10b849599f4183bb75ff2ab2,https://media.sketchfab.com/models/6c1a034b10b849599f4183bb75ff2ab2/thumbnails/139bccf98d1b47df87ac4e05af7a46bc/d723041ff7014a07863fa6908ccc9802.jpeg,2026-04-24T08:12:18.384565+00:00,orasteemu,6c1a034b10b849599f4183bb75ff2ab2
0169a6a81e0d5187,sketchfab,56899,,,,,browser,,https://sketchfab.com/3d-models/none-9d06dca603c145d58f9a182d4d47d311,https://media.sketchfab.com/models/9d06dca603c145d58f9a182d4d47d311/thumbnails/a49be2aea5284a91804c451358627d2b/4ddd6fa62d2a472e89c0061c2c534592.jpeg,2026-04-24T08:12:18.392818+00:00,WestwoodStairs,9d06dca603c145d58f9a182d4d47d311
7e36154348653b9d,sketchfab,6646M,Building exported from Pamir.,pamir,,,browser,,https://sketchfab.com/3d-models/none-814993aa3b6e435fbbbd464626978dd2,https://media.sketchfab.com/models/814993aa3b6e435fbbbd464626978dd2/thumbnails/bfdceb79be374d7aa6892412b83e6cad/ebbdbf08503b497a953c033c0a1ebbd2.jpeg,2026-04-24T08:12:18.602878+00:00,MuirTimberSystems,814993aa3b6e435fbbbd464626978dd2
c7ae43016bafec34,sketchfab,"6842GA - Campion Homes, Queensgate - Block N",Building exported from Pamir.,pamir,,,browser,,https://sketchfab.com/3d-models/none-3be36580d28c425d8896b6c2c622b5c3,https://media.sketchfab.com/models/3be36580d28c425d8896b6c2c622b5c3/thumbnails/0cde8720e09441798240d03912f4d081/cd73990986284b01a6f07fcd6c225067.jpeg,2026-04-24T08:12:18.406901+00:00,MuirTimberSystems,3be36580d28c425d8896b6c2c622b5c3
ee31bca3cbdb82fe,sketchfab,6926A- JC Builders - Lancaster Crescent Lane,Building exported from Pamir.,pamir,,,browser,,https://sketchfab.com/3d-models/none-d13951f78c484ee9be69cd7a8a40b191,https://media.sketchfab.com/models/d13951f78c484ee9be69cd7a8a40b191/thumbnails/be309e241d5d46fd8b1ee2e254177d6d/97ba3c7b2f414e5ea18ec0fc0a7e8b01.jpeg,2026-04-24T08:12:18.524681+00:00,MuirTimberSystems,d13951f78c484ee9be69cd7a8a40b191
38f249999434f0a9,sketchfab,882-21,http://staircon.com/ <br>Export by <b>Solli Trappefabrikk AS</b> (lic 2160),stair | staircase | staircon,,,browser,,https://sketchfab.com/3d-models/none-e9a4b3b98d83414d9afc89a434c84a22,https://media.sketchfab.com/models/e9a4b3b98d83414d9afc89a434c84a22/thumbnails/1f447411821e4346a87e5092d744e1b5/f62bb473dfc644e2a4e5c80fc5f486e0.jpeg,2026-04-24T08:12:18.784667+00:00,Sollitrapp,e9a4b3b98d83414d9afc89a434c84a22
38b2921dc6c2fcd3,sketchfab,9-birk-heavy,,,,,browser,,https://sketchfab.com/3d-models/none-2c11ee2aed5f44ba86348ebecd7e0e14,https://media.sketchfab.com/models/2c11ee2aed5f44ba86348ebecd7e0e14/thumbnails/d04da548f84044e5a0d9958708cccbfe/a14d1d58d06c49c2b78718f7f0fa18d7.jpeg,2026-04-24T08:12:18.365165+00:00,rmattox,2c11ee2aed5f44ba86348ebecd7e0e14
9b0f7a0bb668942e,sketchfab,93133GBRZ,,substancepainter | substance,,,browser,,https://sketchfab.com/3d-models/none-271fe0cdf5d841c5aab1160ed002e943,https://media.sketchfab.com/models/271fe0cdf5d841c5aab1160ed002e943/thumbnails/9ca43da62f334b1995aa4b406409ab19/d5c111fff5a4466b908fd0bf0ae2a82e.jpeg,2026-04-24T08:12:18.559104+00:00,Kenroy Home,271fe0cdf5d841c5aab1160ed002e943
720c522eac359f30,sketchfab,ADAL_S1002-1RN_Toffee_LowBack_WithRightArm,,,,,browser,4.9 MB,https://sketchfab.com/3d-models/none-2ff576f3180344a9a861bfe538dd4566,https://media.sketchfab.com/models/2ff576f3180344a9a861bfe538dd4566/thumbnails/c1e2004069b142c59816004cc5241979/b40a2e1fdc684197a4e6a7334130e70c.jpeg,2026-04-24T08:12:18.400125+00:00,Adal,2ff576f3180344a9a861bfe538dd4566
296738f1c01225ea,sketchfab,ANIM2300_F21_PolyProject1_Seeto_Model_V001,Nintendo Switch,,,,browser,,https://sketchfab.com/3d-models/none-979793bed21146f69a16ddd8d2d8707c,https://media.sketchfab.com/models/979793bed21146f69a16ddd8d2d8707c/thumbnails/e56d59cec42f49feb4633c87cddd725b/0bf45fe2ec3c45d6a93337d604177ab6.jpeg,2026-04-24T08:12:18.848044+00:00,Vallkyriie,979793bed21146f69a16ddd8d2d8707c
8060373005e8a442,sketchfab,Ae6203fb-d758-4bf9-9b44-f1ae5970c845,park,,,,browser,,https://sketchfab.com/3d-models/none-54e393fa29f049c190cd34b4c8f8357d,https://media.sketchfab.com/models/54e393fa29f049c190cd34b4c8f8357d/thumbnails/1de5f0ebda154629abfcfa25308fd0e3/a2105011b15a4ccdab9c7c30c49619b9.jpeg,2026-04-24T08:12:18.574889+00:00,cavadaw,54e393fa29f049c190cd34b4c8f8357d
19ff1aaa2e70ff52,sketchfab,Amazing Krunk-Fulffy,,,,,browser,,https://sketchfab.com/3d-models/none-6743a20c5bf344a49637e34177a21171,https://media.sketchfab.com/models/6743a20c5bf344a49637e34177a21171/thumbnails/e4646cf679724e7681bf4305549cf577/25b6e41ce54146e99bd4c2f20ef72ad1.jpeg,2026-04-24T08:12:18.760334+00:00,Lelelan,6743a20c5bf344a49637e34177a21171
742109f2e8d941f5,sketchfab,Amazing Wluff- Maimu,,,,,browser,,https://sketchfab.com/3d-models/none-156370f2217b4c39be970cc285d12390,https://media.sketchfab.com/models/156370f2217b4c39be970cc285d12390/thumbnails/467b81aca3674fc2beb58aa80f9ead7e/675f5975b8914c7e8cbf9f07bc6bd07b.jpeg,2026-04-24T08:12:18.663051+00:00,rddrs056,156370f2217b4c39be970cc285d12390
353d2edaf262622b,sketchfab,Animation Test,,,,,browser,,https://sketchfab.com/3d-models/none-71460be0cf244dec843d9ed26fb51593,https://media.sketchfab.com/models/71460be0cf244dec843d9ed26fb51593/thumbnails/edd96767155f4d93acc556c5fa62ff5f/b34c91fa4b5b4148b549dfb298ddbcd0.jpeg,2026-04-24T08:12:18.684703+00:00,eundo,71460be0cf244dec843d9ed26fb51593
aff68add41d37918,sketchfab,Antique,,,,,browser,,https://sketchfab.com/3d-models/none-1764ce19fe694639b867646630ff1ab6,https://media.sketchfab.com/models/1764ce19fe694639b867646630ff1ab6/thumbnails/5a4c1544e2b3462ba32bfc42a658a251/19de7085f58b4f0ea9eb8adf79f654a0.jpeg,2026-04-24T08:12:18.640598+00:00,crystalmesh,1764ce19fe694639b867646630ff1ab6
80f628c6ac2aed7e,sketchfab,Artifact #1,,,,,browser,,https://sketchfab.com/3d-models/none-220c0d4e80a34238ae09156a0e8b9fc4,https://media.sketchfab.com/models/220c0d4e80a34238ae09156a0e8b9fc4/thumbnails/393e0dccf76140a4b78593dd93745812/44d911ceb29b46ccb044c697013f352b.jpeg,2026-04-24T08:12:18.517176+00:00,jurisgraphix.com,220c0d4e80a34238ae09156a0e8b9fc4
42f031d4316f5f88,sketchfab,Automata Assembly V15,,,,,browser,,https://sketchfab.com/3d-models/none-f11db52bfda84d9bb9710e9b3f6b1955,https://media.sketchfab.com/models/f11db52bfda84d9bb9710e9b3f6b1955/thumbnails/7eb28d3767d749ef9d755d8266dd5c51/0848546b2d0443918cef17d98f64df27.jpeg,2026-04-24T08:12:18.203715+00:00,gdavis91,f11db52bfda84d9bb9710e9b3f6b1955
7c3bdb18b5d7a541,sketchfab,AzizaCafe_Layout,,,,,browser,,https://sketchfab.com/3d-models/none-df0187e5c7e146578233cd09ae226f2f,https://media.sketchfab.com/models/df0187e5c7e146578233cd09ae226f2f/thumbnails/89cf913647494201a67e771c8c29aa40/edec549f0ef74677a1ccb5d1661e94e8.jpeg,2026-04-24T08:12:18.679021+00:00,Orepeleg,df0187e5c7e146578233cd09ae226f2f
fa131fc5e3db150d,sketchfab,BEVERAGE STATIONS,,,,,browser,,https://sketchfab.com/3d-models/none-23ea84f7afab4c929ed221472cc981a6,https://media.sketchfab.com/models/23ea84f7afab4c929ed221472cc981a6/thumbnails/ce5b99787b22438da50aab06f5576d8c/d1c3d49ea0584e45baf38a4516fb652e.jpeg,2026-04-24T08:12:18.447790+00:00,Deivid.Cesar,23ea84f7afab4c929ed221472cc981a6
63c21873d432c1af,sketchfab,Base para Silos,,,,,browser,,https://sketchfab.com/3d-models/none-7353d65e42564596b490797eaf6db160,https://media.sketchfab.com/models/7353d65e42564596b490797eaf6db160/thumbnails/afd5d8fc2c654c26846aa700f0c32757/531ae15154514715a2cdafecc5bf69bc.jpeg,2026-04-24T08:12:18.311968+00:00,edjr_rr,7353d65e42564596b490797eaf6db160
97702bcb2fb7862a,sketchfab,Best Air Purifier,"Hey, if you are looking for air purifier then visit us and get top air purifier reviews and guides. You can also check [air purifiers for your car ](https://homeheavenz.com/best-air-purifier-for-car/)",,,,browser,,https://sketchfab.com/3d-models/none-798435fc983e47dda0fdbcf6e36b921c,https://media.sketchfab.com/models/798435fc983e47dda0fdbcf6e36b921c/thumbnails/b3da5c766f234a5ebd2460d7d954bbb8/0df98199d6dd4c6a8a39dbceba55e48e.jpeg,2026-04-24T08:12:18.732869+00:00,Jaky45,798435fc983e47dda0fdbcf6e36b921c
32d13a7f56f47b84,sketchfab,BlankFilemmm_obj,,,,,browser,,https://sketchfab.com/3d-models/none-97d08b400cff4c9d846bdcf342ed2e36,https://media.sketchfab.com/models/97d08b400cff4c9d846bdcf342ed2e36/thumbnails/796da7f1c769430199441d6f9c7a928a/5faf4e9fc0fe421185416bdac7201980.jpeg,2026-04-24T08:12:18.263082+00:00,00x01x00,97d08b400cff4c9d846bdcf342ed2e36
ccf30674be4079be,sketchfab,Bottle Opner New Design Edit 1 Ohne,,,,,browser,,https://sketchfab.com/3d-models/none-1211efed7157469182ddb1e0e579dad2,https://media.sketchfab.com/models/1211efed7157469182ddb1e0e579dad2/thumbnails/1c314fcbcdc348bab67f94072530f227/67edee61b59648458870bdc4d5a1e64e.jpeg,2026-04-24T08:12:18.852009+00:00,hemank,1211efed7157469182ddb1e0e579dad2
b069fac46f0e547c,sketchfab,Bueno Blox,,,,,browser,,https://sketchfab.com/3d-models/none-60379c3b68ad47c096bc4c9322171159,https://media.sketchfab.com/models/60379c3b68ad47c096bc4c9322171159/thumbnails/1140600bbbfb405c9ae4e732fb15f34a/3684c62d46324955a3977aa70bf58703.jpeg,2026-04-24T08:12:18.725150+00:00,johblox,60379c3b68ad47c096bc4c9322171159
e8a4242feab29a3f,sketchfab,Caneco,Meu primeiro modelo 3D de sempre,,,,browser,,https://sketchfab.com/3d-models/none-29d6150b860d423abe3660882203bde5,https://media.sketchfab.com/models/29d6150b860d423abe3660882203bde5/thumbnails/46e07929c705425782e8979b937ef680/0fd0bea25ff542f6b18d25e8fd86abe8.jpeg,2026-04-24T08:12:18.212608+00:00,Vinicius.Santos3,29d6150b860d423abe3660882203bde5
5ecd9c25ba361151,sketchfab,Carrot Book,,,,,browser,5.2 MB,https://sketchfab.com/3d-models/none-40314c86bf3243faa4100ab9d8694394,https://media.sketchfab.com/models/40314c86bf3243faa4100ab9d8694394/thumbnails/3d518814321d4fc080ec132ac5c9718a/29497f7c630c47a0b8e0c0d4d732940e.jpeg,2026-04-24T08:12:18.237174+00:00,Silversea-Media-SG,40314c86bf3243faa4100ab9d8694394
a6743075b9326cca,sketchfab,Chapel Front,,,,,browser,,https://sketchfab.com/3d-models/none-21a33c2698e6403a88eb0e469121e04f,https://media.sketchfab.com/models/21a33c2698e6403a88eb0e469121e04f/thumbnails/38eeebbbdbdd4ec3b034db07e34ed32a/80e33780a41a4b7da57fc2c02de0c713.jpeg,2026-04-24T08:12:18.300674+00:00,michael35432,21a33c2698e6403a88eb0e469121e04f
2ad9996ec42aa4e7,sketchfab,Classroom,,,,,browser,,https://sketchfab.com/3d-models/none-0045543d4bf24559ad9a296d35896758,https://media.sketchfab.com/models/0045543d4bf24559ad9a296d35896758/thumbnails/4b3f7e430521444e8d2c1ac4ef1bc842/af810700c57d4afb87676d7369dc8388.jpeg,2026-04-24T08:12:18.580910+00:00,yapaani,0045543d4bf24559ad9a296d35896758
c20a5c9fcc0de3ab,sketchfab,CrazyHorse 2103&2105 10_9_21,,,,,browser,,https://sketchfab.com/3d-models/none-d76144ccb97e434bad04f907d813b1d3,https://media.sketchfab.com/models/d76144ccb97e434bad04f907d813b1d3/thumbnails/cdc0fb61e4b14546a79b7bbc6f6e81da/cfab56f83af746879124dfa1df1e0dd0.jpeg,2026-04-24T08:12:18.804875+00:00,IlliaChyzh,d76144ccb97e434bad04f907d813b1d3
9f0bb9d386820abf,sketchfab,Crypt Project FBX3,Crypt project that I have been working on,,,,browser,,https://sketchfab.com/3d-models/none-c4d87a1b31974c748023ac1de1970c5b,https://media.sketchfab.com/models/c4d87a1b31974c748023ac1de1970c5b/thumbnails/40c21514a3cd428e946eb1e04baa23fa/d3aab3ec5f714a99866ddcbcbfd44cbc.jpeg,2026-04-24T08:12:18.535139+00:00,Mike_Simmons,c4d87a1b31974c748023ac1de1970c5b
5503ef5a9947c4de,sketchfab,DEFINITIVO,,,,,browser,,https://sketchfab.com/3d-models/none-b5c0fa36bc7c4bae8108bb403906e76f,https://media.sketchfab.com/models/b5c0fa36bc7c4bae8108bb403906e76f/thumbnails/a7bea7a988c74450ad1f58089ca96bfd/e394fa9974e34f7e870e58f2994a4287.jpeg,2026-04-24T08:12:18.190764+00:00,Juan.Andres.Molina,b5c0fa36bc7c4bae8108bb403906e76f
f918d425fe3f3832,sketchfab,Dagger Activity,,,,,browser,,https://sketchfab.com/3d-models/none-2c1b5f3c99db48aeb79c793f82c33f11,https://media.sketchfab.com/models/2c1b5f3c99db48aeb79c793f82c33f11/thumbnails/3b283e3e651142b5a006bd59a8d5d4d4/50ff60955e6c4d458f71b91aace6a856.jpeg,2026-04-24T08:12:18.821295+00:00,Kei,2c1b5f3c99db48aeb79c793f82c33f11
a057eaf6169c0100,sketchfab,Dana_Ni_3D_Diorama,Witch's Room,autdigitaldesign,,,browser,,https://sketchfab.com/3d-models/none-ff7b5a5fa4b94100aad7e8fc13270c75,https://media.sketchfab.com/models/ff7b5a5fa4b94100aad7e8fc13270c75/thumbnails/30f49aeb76f846cfb00c435b7789c7f5/287ae3f5c78744dbb9aeba0b53b34983.jpeg,2026-04-24T08:12:18.647866+00:00,1Dana1,ff7b5a5fa4b94100aad7e8fc13270c75
1be17af2d81c0d5a,sketchfab,Desk,,,,,browser,,https://sketchfab.com/3d-models/none-388dcde00a74494ea47a854b7f1407c0,https://media.sketchfab.com/models/388dcde00a74494ea47a854b7f1407c0/thumbnails/87f155ac7fe449bebb1dead3718526a0/087d1e9a0db0449f8ee66bd05051f425.jpeg,2026-04-24T08:12:18.692209+00:00,chiu60917,388dcde00a74494ea47a854b7f1407c0
0be0634bb856f0e2,sketchfab,Desktop,dddd,,,,browser,,https://sketchfab.com/3d-models/none-560a1b91008b48f89003745bc00697c3,https://media.sketchfab.com/models/560a1b91008b48f89003745bc00697c3/thumbnails/0c476dd6f29448f393cba5210e5dac57/12d85cedb4ad4e51998570ad7b464173.jpeg,2026-04-24T08:12:18.427994+00:00,rosenose,560a1b91008b48f89003745bc00697c3
47b06bcdff2a34da,sketchfab,Diorama casita de perro,,,,,browser,,https://sketchfab.com/3d-models/none-076b1852f0bd437fa52d0b1d32d637ec,https://media.sketchfab.com/models/076b1852f0bd437fa52d0b1d32d637ec/thumbnails/330f1b06f28b496e8de861cb377641c9/721870f7fddf46c489bf08e840c5628d.jpeg,2026-04-24T08:12:18.721135+00:00,jorge7443,076b1852f0bd437fa52d0b1d32d637ec
cba7715115a495fb,sketchfab,Domo,"Domo Sonoro
Sonidos Inmersivos
Andrés Reyes",,,,browser,,https://sketchfab.com/3d-models/none-6aedae5aae3c4070964059e8314959c6,https://media.sketchfab.com/models/6aedae5aae3c4070964059e8314959c6/thumbnails/9a4799f0d26e496f9b9df24a99e4ae88/a1cbb37d5b2941ffb7a5db39fbc13774.jpeg,2026-04-24T08:12:18.756678+00:00,CoolLamall,6aedae5aae3c4070964059e8314959c6
24ffd993946c7d93,sketchfab,Dpi Test DD,Debris Catcher proof of concept DD,houdini,,,browser,,https://sketchfab.com/3d-models/none-3955041a1e3f4a52bd0f00bbe7ead3f1,https://media.sketchfab.com/models/3955041a1e3f4a52bd0f00bbe7ead3f1/thumbnails/d5d9bfef5abf4675b48dfb2247da7a0a/1c23f6a2aea944eea9e923c255985aa0.jpeg,2026-04-24T08:12:18.681615+00:00,back2mine14,3955041a1e3f4a52bd0f00bbe7ead3f1
5940d140a7e11a23,sketchfab,Dumpster,,substancepainter | substance,,,browser,,https://sketchfab.com/3d-models/none-87410de1883b4a82814f297a15dfc825,https://media.sketchfab.com/models/87410de1883b4a82814f297a15dfc825/thumbnails/91ccaea824ab4c478cb096b51dfdcc28/a9e16c18c12b4722b2e1f14c850a0a36.jpeg,2026-04-24T08:12:18.818957+00:00,Timichang,87410de1883b4a82814f297a15dfc825
8480757d3f33cc76,sketchfab,ESTRUTURA_,,,,,browser,,https://sketchfab.com/3d-models/none-35b8ad1619494e42ab70ffac97aefe4e,https://media.sketchfab.com/models/35b8ad1619494e42ab70ffac97aefe4e/thumbnails/b470dc702a494c0e92b8eecb05ea0817/9df67e34a963443d94041523ecd08b7b.jpeg,2026-04-24T08:12:18.599976+00:00,jonh112541,35b8ad1619494e42ab70ffac97aefe4e
377770a2d5ff85d9,sketchfab,Ensamble Ejercico02,Diseño y ensamble de partes,,,,browser,,https://sketchfab.com/3d-models/none-26f035090496457d9418af286ee02bcf,https://media.sketchfab.com/models/26f035090496457d9418af286ee02bcf/thumbnails/ec0872a9ba7c4df78c91198f42698c24/b31b3a52cc07410ebcace4a1a2ba04a1.jpeg,2026-04-24T08:12:18.268776+00:00,ROBERTVASQUEZ,26f035090496457d9418af286ee02bcf
dfc99f5f2f9588ec,sketchfab,Export3D,,,,,browser,,https://sketchfab.com/3d-models/none-230fb77cc8604744b5e40155807d60d2,https://media.sketchfab.com/models/230fb77cc8604744b5e40155807d60d2/thumbnails/d35d04c90cc24bc1949b460ea455f518/77955f680b2a40f2ba2cb5f4b2fd25a1.jpeg,2026-04-24T08:12:18.556065+00:00,Gisele.Escher,230fb77cc8604744b5e40155807d60d2
a2d8ccf6975509fe,sketchfab,Export_Jaehee Kim,Export from Jaehee Kim,,,,browser,,https://sketchfab.com/3d-models/none-b14154842e8648c4b88b7b449e679aa5,https://media.sketchfab.com/models/b14154842e8648c4b88b7b449e679aa5/thumbnails/9d29d292dda14d77941e475ce053da7d/82613ad2ddc643a6a5fec1b9c351140c.jpeg,2026-04-24T08:12:18.208994+00:00,jehee1122,b14154842e8648c4b88b7b449e679aa5
ebb2ffddad2a9d0d,sketchfab,FGM - 1,Mimodelo 3D generado con el software de fotogrametría 3DF Zephyr v6.004 processing 33 images,3df-zephyr,,,browser,,https://sketchfab.com/3d-models/none-bbc68dda99204184b8085603ffa77edb,https://media.sketchfab.com/models/bbc68dda99204184b8085603ffa77edb/thumbnails/d62cf4d208454721a49d5c4d257de1b2/cc7d850e69ab44e3b9bca9960ee2e2cf.jpeg,2026-04-24T08:12:18.605200+00:00,Grupo.Sense,bbc68dda99204184b8085603ffa77edb
b11cedd6947ae33c,sketchfab,Factory_High,,,,,browser,,https://sketchfab.com/3d-models/none-3034c21e3d294a91b65dc80b2613306a,https://media.sketchfab.com/models/3034c21e3d294a91b65dc80b2613306a/thumbnails/fb871ced9e034a19ba7f3ead4afb0cec/7c1d3dcf12b74bc88ab619d58c8b6953.jpeg,2026-04-24T08:12:18.609015+00:00,madebythings,3034c21e3d294a91b65dc80b2613306a
0cbe534086e8854f,sketchfab,Familia De Productos - Vamo a Juga?,"Diseño 2 - Catedra Garbarini.
Estudiantes: 
- Ignacio Novas Ruiz
- Ignacio Moreno
- Pedro Uribelarrea",,,,browser,,https://sketchfab.com/3d-models/none-3d626b02b1054e52ba61203246626ad1,https://media.sketchfab.com/models/3d626b02b1054e52ba61203246626ad1/thumbnails/568720775aaa43619795cc5105c13d20/c28549d4cf6b45409954fa659afa3b37.jpeg,2026-04-24T08:12:18.532017+00:00,nachonovasruiz12,3d626b02b1054e52ba61203246626ad1
feca253ff0a4e366,sketchfab,Final v20,,,,,browser,,https://sketchfab.com/3d-models/none-6fcc228952024f848ebca813df630585,https://media.sketchfab.com/models/6fcc228952024f848ebca813df630585/thumbnails/5725f0b37baa48de9239637ae570bb86/ad39ad692d25428c889c198f76af075b.jpeg,2026-04-24T08:12:18.409368+00:00,hugooreg,6fcc228952024f848ebca813df630585
fa100f42cbc06f9c,sketchfab,Fliver Nave Lancha,,,,,browser,,https://sketchfab.com/3d-models/none-5c7b2a5c46cb4a46bf615a634ed1f2f0,https://media.sketchfab.com/models/5c7b2a5c46cb4a46bf615a634ed1f2f0/thumbnails/12db09b21df64360b449401bb25cfdbc/47cb09dd5cf141088f11bd43687436ae.jpeg,2026-04-24T08:12:18.396247+00:00,emmettbr,5c7b2a5c46cb4a46bf615a634ed1f2f0
ec47bbf2d1b6c41d,sketchfab,Flower 01,,tiltbrush,,,browser,,https://sketchfab.com/3d-models/none-6c0ce29efafb4044ad2e2a22e6a6ebd4,https://media.sketchfab.com/models/6c0ce29efafb4044ad2e2a22e6a6ebd4/thumbnails/639bb90cf733405194789e894d0afd4c/798dd64268664bb78800fea2a5fd34c0.jpeg,2026-04-24T08:12:18.459948+00:00,GraysonChalmers,6c0ce29efafb4044ad2e2a22e6a6ebd4
f89c8cee3d73ca54,sketchfab,Frontenac House SD3 Sunny Monolithic,,,,,browser,4.7 MB,https://sketchfab.com/3d-models/none-f0ebb788f3214d93ba203ddbd4e2710d,https://media.sketchfab.com/models/f0ebb788f3214d93ba203ddbd4e2710d/thumbnails/b81680dc275c413c92195cee77dc0732/912fabb31e8d4b33b6acddbd03df7a4f.jpeg,2026-04-24T08:12:18.232076+00:00,freelandbuck,f0ebb788f3214d93ba203ddbd4e2710d
c81fcb0b634fec48,sketchfab,Frozen Freezing Lazer,,,,,browser,,https://sketchfab.com/3d-models/none-799077244d4a42d5a05b31894b12da47,https://media.sketchfab.com/models/799077244d4a42d5a05b31894b12da47/thumbnails/009b0613244746fbb17a47fd9eb0d876/ce8c4253a49947b5a207171b428cbe03.jpeg,2026-04-24T08:12:18.359866+00:00,kennedyc1409,799077244d4a42d5a05b31894b12da47
e79ef085096f7488,sketchfab,Galaxy,,,,,browser,,https://sketchfab.com/3d-models/none-1753dbf5ec174fab95e044e4ff394b15,https://media.sketchfab.com/models/1753dbf5ec174fab95e044e4ff394b15/thumbnails/a9e7fad55bfc4af6bb9a5e855a71061f/b44d87d6487b4c5bb6e6ac106bbdf7a0.jpeg,2026-04-24T08:12:18.829094+00:00,Saverio Tosi Innocenti,1753dbf5ec174fab95e044e4ff394b15
54371be3b813d55e,sketchfab,Galaxy,,,,,browser,,https://sketchfab.com/3d-models/none-3ebd7b30ed8a4cb79ae682ce86d17618,https://media.sketchfab.com/models/3ebd7b30ed8a4cb79ae682ce86d17618/thumbnails/c7cdae9c935140d9b6b2371a13710805/a33a394a58074899a813ab0730b4b863.jpeg,2026-04-24T08:12:18.833013+00:00,Saverio Tosi Innocenti,3ebd7b30ed8a4cb79ae682ce86d17618
a7fe9974596c20b2,sketchfab,Garbage House,Am Model I did based on someone else concept,substancepainter | substance,,,browser,,https://sketchfab.com/3d-models/none-e38f01ec1c904aad9f7d0b7f4b6cb4ac,https://media.sketchfab.com/models/e38f01ec1c904aad9f7d0b7f4b6cb4ac/thumbnails/a2e5cfc95a864885b854079bb69a59e1/462fbff5fc414937b3264990ca04c2bf.jpeg,2026-04-24T08:12:18.564710+00:00,3DShanart,e38f01ec1c904aad9f7d0b7f4b6cb4ac
f9d65bf3d6f5f65b,sketchfab,Gate Environment,,,,,browser,,https://sketchfab.com/3d-models/none-ef95776c2646456abb2e1bd84e10d5a5,https://media.sketchfab.com/models/ef95776c2646456abb2e1bd84e10d5a5/thumbnails/1f0ee6fdc8ee42d3b7989f22d2759d57/a2ec13831bc24f3cb979c6c9734a9210.jpeg,2026-04-24T08:12:18.872144+00:00,frontpolar,ef95776c2646456abb2e1bd84e10d5a5
f20d634bdc224e88,sketchfab,Grave,,null | realitycapture,,,browser,,https://sketchfab.com/3d-models/none-2055d358607447a3ac0f66deaf7bc6c8,https://media.sketchfab.com/models/2055d358607447a3ac0f66deaf7bc6c8/thumbnails/155580ca566a4f659c7065d50bf0bb3d/e239aac5dbc740e8a5ad6bbb5bf5b9e0.jpeg,2026-04-24T08:12:18.488940+00:00,sindel,2055d358607447a3ac0f66deaf7bc6c8
6dfaa63dbda0b233,sketchfab,Hand Binary,,,,,browser,,https://sketchfab.com/3d-models/none-03d329d63dbe48b4809e33e5d037f419,https://media.sketchfab.com/models/03d329d63dbe48b4809e33e5d037f419/thumbnails/808f8fb3a29143a681c4492eda4cbf7f/f1010a25fc5f4da2be70d935245c27bb.jpeg,2026-04-24T08:12:18.650735+00:00,noorani.noorain,03d329d63dbe48b4809e33e5d037f419
8eca1f597ddeb519,sketchfab,Herotest1,,,,,browser,120.5 MB,https://sketchfab.com/3d-models/none-b5b3a76704564e509ca9d10a172a1fd3,https://media.sketchfab.com/models/b5b3a76704564e509ca9d10a172a1fd3/thumbnails/ae203f06903947aa8734d3ee859e0c99/87ad63864f3c490ab63320c870265292.jpeg,2026-04-24T08:12:18.244269+00:00,Wang_Yuhan,b5b3a76704564e509ca9d10a172a1fd3
2e37852580e26a43,sketchfab,Hologram,This is my building and a oart of our 3D model for our makerfaire project.,,,,browser,,https://sketchfab.com/3d-models/none-241c5bb8270245519a3ca31b1ccfb29a,https://media.sketchfab.com/models/241c5bb8270245519a3ca31b1ccfb29a/thumbnails/0d413c136926444da1f4bbf0f6a7853b/d58464dd9e574a22b23201dfe6a11d43.jpeg,2026-04-24T08:12:18.347813+00:00,Nickventura05,241c5bb8270245519a3ca31b1ccfb29a
22909eaf5e32e1b1,sketchfab,House,,,,,browser,,https://sketchfab.com/3d-models/none-f04534a98cd14e6f87d17bc4b3ff0b39,https://media.sketchfab.com/models/f04534a98cd14e6f87d17bc4b3ff0b39/thumbnails/163b57e31f204050bc85f1d05e9ebfa0/538435ee7d7348c7a94d747ffd52b21e.jpeg,2026-04-24T08:12:18.314860+00:00,HMmmMmMMm,f04534a98cd14e6f87d17bc4b3ff0b39
f86af4c1c1ec8e29,sketchfab,House02_1084C106,,,,,browser,,https://sketchfab.com/3d-models/none-c540e6f6a6f84a4fb7363b67014ad281,https://media.sketchfab.com/models/c540e6f6a6f84a4fb7363b67014ad281/thumbnails/5f2265d20e1a4dccbb400bf2cdad0850/e83eba6899214dfc9fe4f973d3b8ac97.jpeg,2026-04-24T08:12:18.624318+00:00,1084c106,c540e6f6a6f84a4fb7363b67014ad281
cdf5a50dd84be5fa,sketchfab,Il mio eccezionale scena 3D,Il mio modello 3D generato con il software di fotogrammetria 3DF Zephyr  v6.006 processing 9 images,3df-zephyr,,,browser,,https://sketchfab.com/3d-models/none-a22129f2af5245129ce396c2048ada9e,https://media.sketchfab.com/models/a22129f2af5245129ce396c2048ada9e/thumbnails/bd5356c4c06648dc804f921e9a26de82/c5f11cd13e2f4b0b81869cf01a6da70f.jpeg,2026-04-24T08:12:18.666001+00:00,ariele-santello,a22129f2af5245129ce396c2048ada9e
aeb5728f6b15e54e,sketchfab,Incredible Rottis- Robo (1),,,,,browser,,https://sketchfab.com/3d-models/none-0bc68e541c684596ba0449eb3a92d34f,https://media.sketchfab.com/models/0bc68e541c684596ba0449eb3a92d34f/thumbnails/b269aeed899047e79053f7c997855bb8/22e3e8c8b99349d7ad63d0b2d7cc54ec.jpeg,2026-04-24T08:12:18.352969+00:00,Ryan Guo,0bc68e541c684596ba0449eb3a92d34f
b58054a0904b2e17,sketchfab,J07252AA,Building exported from Pamir.,pamir,,,browser,182.6 KB,https://sketchfab.com/3d-models/none-6ceedad5e023457da125f9cde5617ffc,https://media.sketchfab.com/models/6ceedad5e023457da125f9cde5617ffc/thumbnails/826eec5af90942c4bd19726e73a85504/1ba3cc9920b54280977e6d9e2bba688d.jpeg,2026-04-24T08:12:18.420556+00:00,Jacksons Timber,6ceedad5e023457da125f9cde5617ffc
767460345ccdf010,sketchfab,J07500AC,Building exported from Pamir.,pamir,,,browser,3.4 MB,https://sketchfab.com/3d-models/none-33fa6c49b08845da8bcf9a0d04d0eb97,https://media.sketchfab.com/models/33fa6c49b08845da8bcf9a0d04d0eb97/thumbnails/f4a850260cbe4f8dbd4f77bc077ab1cc/0fe9c1771ab44e47a3fe29aa6db16302.jpeg,2026-04-24T08:12:18.750832+00:00,Jacksons Timber,33fa6c49b08845da8bcf9a0d04d0eb97
fea6da66b497b81d,sketchfab,Jar1,Jar demo 0518,,,,browser,,https://sketchfab.com/3d-models/none-5eede6f43c864fc0a33e31775d65d440,https://media.sketchfab.com/models/5eede6f43c864fc0a33e31775d65d440/thumbnails/76791b8b2ae24ed3920eaf2fc8c5c713/0842f3e69f9e48a7badd8a9f40df6c22.jpeg,2026-04-24T08:12:18.206061+00:00,ttbug,5eede6f43c864fc0a33e31775d65d440
3234f18e1372d7fc,sketchfab,Kasa Bottom Low,,,,,browser,,https://sketchfab.com/3d-models/none-fdc727e2db9a4dc6bb5aa743cad7b437,https://media.sketchfab.com/models/fdc727e2db9a4dc6bb5aa743cad7b437/thumbnails/683a0e2048874d97a18288e5787489a9/d28d6c4fbd134c6d8c4d5d98572a9fc0.jpeg,2026-04-24T08:12:18.372292+00:00,3D.Sakamoto.Ver7,fdc727e2db9a4dc6bb5aa743cad7b437
1b0059ab635ba662,sketchfab,KrisShop_SKIN INC OXY RECHARGE BUBBLE MASK,,,,,browser,,https://sketchfab.com/3d-models/none-f5de08a9aa4548cb8ee665c4c2f54f3e,https://media.sketchfab.com/models/f5de08a9aa4548cb8ee665c4c2f54f3e/thumbnails/20e74b6431c74886ba0475b4cf98dbd8/e08189a629db478e9a45ccccbf2cf076.jpeg,2026-04-24T08:12:18.193093+00:00,Silversea-Media-SG,f5de08a9aa4548cb8ee665c4c2f54f3e
cd6ea2538deedd6f,sketchfab,L031747,,,,,browser,43.3 MB,https://sketchfab.com/3d-models/none-a7524a7ad5184689bfac97ea28bb20ab,https://media.sketchfab.com/models/a7524a7ad5184689bfac97ea28bb20ab/thumbnails/8d2bc2ac446c4c9996de50c4f6dd3060/832be7bb7bc944de81192937bf776e0b.jpeg,2026-04-24T08:12:18.528264+00:00,Deleted member,a7524a7ad5184689bfac97ea28bb20ab
ccad91f9da7f8dad,sketchfab,L047971,,,,,browser,45.0 MB,https://sketchfab.com/3d-models/none-e3c5835392464fc5a415e29ddb4b9fd5,https://media.sketchfab.com/models/e3c5835392464fc5a415e29ddb4b9fd5/thumbnails/ab160f78788b4056a057af5bec06f2ac/ed6d65dfcaa04a309f8d3909c30fd060.jpeg,2026-04-24T08:12:18.337209+00:00,Deleted member,e3c5835392464fc5a415e29ddb4b9fd5
0e4fd9cf167c415d,sketchfab,L047973,,,,,browser,43.5 MB,https://sketchfab.com/3d-models/none-125654a3443640b78ccc1ed5ce4bd69f,https://media.sketchfab.com/models/125654a3443640b78ccc1ed5ce4bd69f/thumbnails/526933ecc18046968e8c5eda6dcc517f/23e8819f19cd48a6b096a8532b65aecd.jpeg,2026-04-24T08:12:18.333537+00:00,Deleted member,125654a3443640b78ccc1ed5ce4bd69f
9ac26a9583092145,sketchfab,L050004,,,,,browser,106.8 MB,https://sketchfab.com/3d-models/none-56a8f9605ace45bf82c6945f6a706ad6,https://media.sketchfab.com/models/56a8f9605ace45bf82c6945f6a706ad6/thumbnails/e1762f36be0b40278682b29425d89b9b/084915568b3c409d9a831bc625aab1d1.jpeg,2026-04-24T08:12:18.752995+00:00,danbscs1,56a8f9605ace45bf82c6945f6a706ad6
89b1592a47f304b8,sketchfab,L051931,,,,,browser,58.5 MB,https://sketchfab.com/3d-models/none-2ee2fde6d9e44a138bf4e6bf9bcaac9a,https://media.sketchfab.com/models/2ee2fde6d9e44a138bf4e6bf9bcaac9a/thumbnails/988ce1af1bab412cb7035caf24ff992c/19a12f59504c42d9a27d1c6f25b6c2cc.jpeg,2026-04-24T08:12:18.520825+00:00,danbscs1,2ee2fde6d9e44a138bf4e6bf9bcaac9a
47448e24a944d2d6,sketchfab,L052081,,,,,browser,129.7 MB,https://sketchfab.com/3d-models/none-bab51b1967334bd09e6b2dde77a4b419,https://media.sketchfab.com/models/bab51b1967334bd09e6b2dde77a4b419/thumbnails/218c87de425e46edb8ad809c94e188c6/9a154eef251f4b9eb06f3665fbccd5e9.jpeg,2026-04-24T08:12:18.552423+00:00,danbscs1,bab51b1967334bd09e6b2dde77a4b419
ac6c418da27762de,sketchfab,L052084,,,,,browser,125.2 MB,https://sketchfab.com/3d-models/none-3aa5e3f9ff8545a9bff2331b3f4438a7,https://media.sketchfab.com/models/3aa5e3f9ff8545a9bff2331b3f4438a7/thumbnails/c8e87951e5404dd3a5f8b34c767a8dbe/bc73738282564a198530dcf86180c15c.jpeg,2026-04-24T08:12:18.541013+00:00,danbscs1,3aa5e3f9ff8545a9bff2331b3f4438a7
175f7332149b0ceb,sketchfab,La Grimpette - Maquette 3D,,,,,browser,,https://sketchfab.com/3d-models/none-9fb4feb6495047689480edf5c077eb3b,https://media.sketchfab.com/models/9fb4feb6495047689480edf5c077eb3b/thumbnails/18f419a1500d494cad7d27a3fc516957/adb281b5d0cc4887858f67b0a7e58215.jpeg,2026-04-24T08:12:18.711888+00:00,brique.benjamin,9fb4feb6495047689480edf5c077eb3b
4819e8f67ef7d077,sketchfab,Lago Tana - Prototipo no. 4,,,,,browser,,https://sketchfab.com/3d-models/none-9c949cf152a34c169a4ccc3647c30975,https://media.sketchfab.com/models/9c949cf152a34c169a4ccc3647c30975/thumbnails/e2828fe0dbe74702b41abd3ee97407eb/ee4d05636aa740049f738d06a5a0785f.jpeg,2026-04-24T08:12:18.627963+00:00,gapmetropolitana,9c949cf152a34c169a4ccc3647c30975
aeb1858d24ad0f3e,sketchfab,Low,,,,,browser,,https://sketchfab.com/3d-models/none-e82ea597b00043eba74a56026a5cac98,https://media.sketchfab.com/models/e82ea597b00043eba74a56026a5cac98/thumbnails/54aaed0af4b848d59068423f9c1a1ae5/85859b083ede4870ac021ad5f51c0908.jpeg,2026-04-24T08:12:18.816093+00:00,yatan1018,e82ea597b00043eba74a56026a5cac98
ababb956825aec6d,sketchfab,Lucius SP3 version 2,,,,,browser,,https://sketchfab.com/3d-models/none-9752e1cffbe94d29925962bedec9a4ae,https://media.sketchfab.com/models/9752e1cffbe94d29925962bedec9a4ae/thumbnails/261eed0dfbca4ca4be5763b0ce20099f/17eaf4f53246431ca39413fbbac28b2e.jpeg,2026-04-24T08:12:18.701037+00:00,Tuty Nur' Aini,9752e1cffbe94d29925962bedec9a4ae
9b4c0549debb2f70,sketchfab,MIL 804933,,,,,browser,,https://sketchfab.com/3d-models/none-04778cd424fd4102adeb36ceaf6f8c71,https://media.sketchfab.com/models/04778cd424fd4102adeb36ceaf6f8c71/thumbnails/cae7a177db8e497ab9ff527b01bc1e2b/242b5957359e4766a764dbbafc54fe3e.jpeg,2026-04-24T08:12:18.388395+00:00,001,04778cd424fd4102adeb36ceaf6f8c71
3455ccce4facd045,sketchfab,MODELAGEM DO PRÉ PROJETO RM RV01,#CONCRETAPREMOLDADOS,,,,browser,1.3 MB,https://sketchfab.com/3d-models/none-e925048ac41241c199beffbef81665dd,https://media.sketchfab.com/models/e925048ac41241c199beffbef81665dd/thumbnails/840c044a341247b8ad5a7ab0338dd314/30de5f2b4ced4b41a7838e1de36e1f07.jpeg,2026-04-24T08:12:18.568303+00:00,Concreta Pré Moldados,e925048ac41241c199beffbef81665dd
0f1bda530a5a3018,sketchfab,Magnificent Wluff,,,,,browser,,https://sketchfab.com/3d-models/none-f0b027a2758142dd88b62857ce1613d6,https://media.sketchfab.com/models/f0b027a2758142dd88b62857ce1613d6/thumbnails/8f9358a2f06549f8be128079fcab4326/034e153cb33a4b0b8297ad9d289c854b.jpeg,2026-04-24T08:12:18.660016+00:00,kimmamang,f0b027a2758142dd88b62857ce1613d6
73ea44a1589054b1,sketchfab,MasterSword,,,,,browser,,https://sketchfab.com/3d-models/none-aa0f08518e3d4043b8246450eb157913,https://media.sketchfab.com/models/aa0f08518e3d4043b8246450eb157913/thumbnails/c08102ffa37e4923a497f9001dd7ba46/3bf432ef34014e2bb8c2cb8c95694c8c.jpeg,2026-04-24T08:12:18.860732+00:00,artinrhero,aa0f08518e3d4043b8246450eb157913
c1c222a0f760d190,sketchfab,MaxZamer,,sketchup,,,browser,,https://sketchfab.com/3d-models/none-9ac358ec0959415fa8c58618e7528bbd,https://media.sketchfab.com/models/9ac358ec0959415fa8c58618e7528bbd/thumbnails/aeaf32cdea704379878f62ea7bde6d28/023167fea2db4342bc891ba9b13dd7b7.jpeg,2026-04-24T08:12:18.620562+00:00,maxsoldat,9ac358ec0959415fa8c58618e7528bbd
f85473d75504fa28,sketchfab,Migrandioso modelo 3D de las fotos,Mimodelo 3D de las fotos generado con el software de fotogrametría 3DF Zephyr v5.019 processing 40 images,3df-zephyr,,,browser,,https://sketchfab.com/3d-models/none-5d43411193ca4662bc3094fb0e3cdb69,https://media.sketchfab.com/models/5d43411193ca4662bc3094fb0e3cdb69/thumbnails/c05a070d154e44f6af496fc4d3981aeb/31901d5d2bc1409195ee501118bee4ce.jpeg,2026-04-24T08:12:18.273562+00:00,marsalarnal05,5d43411193ca4662bc3094fb0e3cdb69
638172e3c3b0cf0d,sketchfab,Miodary,http://staircon.com/ <br>Export by <b>Tartak Dobroszyce</b> (lic 6510),stairstaircasestaircon,,,browser,,https://sketchfab.com/3d-models/none-e0df36be8c9f485bb5f6a8119a5e2484,https://media.sketchfab.com/models/e0df36be8c9f485bb5f6a8119a5e2484/thumbnails/9473e4f83f444833a5896c818ee4b0c1/1024x576.jpeg,2026-04-24T08:12:18.672566+00:00,schody1,e0df36be8c9f485bb5f6a8119a5e2484
70876e74765d5e0e,sketchfab,Model Kuchni Fbx,,,,,browser,,https://sketchfab.com/3d-models/none-565ad401594c451da2734d81e5d2bde6,https://media.sketchfab.com/models/565ad401594c451da2734d81e5d2bde6/thumbnails/fccd6f5bc67d49afa91e9f7d62176cfe/49046046dec34dfd82766b7dee0f1370.jpeg,2026-04-24T08:12:18.453055+00:00,owczarekpatryk,565ad401594c451da2734d81e5d2bde6
ca8c7d29764d1a8c,sketchfab,My model,,sculptgl,,,browser,,https://sketchfab.com/3d-models/none-889ca134c1dd461e80339edd74400114,https://media.sketchfab.com/models/889ca134c1dd461e80339edd74400114/thumbnails/0b10c1c04e4f40368de7c54d71f5e504/0ab514db496c4100995f81680547947a.jpeg,2026-04-24T08:12:18.234931+00:00,22tariley,889ca134c1dd461e80339edd74400114
f414629e4821badf,sketchfab,My model,,sculptgl,,,browser,,https://sketchfab.com/3d-models/none-6cbec4b0c4444238a5067f1ec4607d80,https://media.sketchfab.com/models/6cbec4b0c4444238a5067f1ec4607d80/thumbnails/64c05c31bd044efe833a4ca308f87385/1a8d858fee1b492e9ec47e709fd2428f.jpeg,2026-04-24T08:12:18.281471+00:00,tristanh976,6cbec4b0c4444238a5067f1ec4607d80
2792ad0e2f740c2e,sketchfab,My model,,sculptgl,,,browser,,https://sketchfab.com/3d-models/none-fa05a9b6394942aeafba7d56165e1d47,https://media.sketchfab.com/models/fa05a9b6394942aeafba7d56165e1d47/thumbnails/e78512808fdb4955b3faccd73940d37f/09c9bab3246546e69961efe13e3e6546.jpeg,2026-04-24T08:12:18.284383+00:00,olchowieckipatryk,fa05a9b6394942aeafba7d56165e1d47
b0b07977e36c88a5,sketchfab,My model,,sculptgl,,,browser,,https://sketchfab.com/3d-models/none-6a38f081ffee41e298b411dcce4ad356,https://media.sketchfab.com/models/6a38f081ffee41e298b411dcce4ad356/thumbnails/966fe1c4a7b64e398b43a41b62c16adc/1d09bc23d93642f0939ade8bbc50977d.jpeg,2026-04-24T08:12:18.584463+00:00,boondogggle,6a38f081ffee41e298b411dcce4ad356
5b56fdc9f6948d0b,sketchfab,My model,,sculptgl,,,browser,,https://sketchfab.com/3d-models/none-78a6daf646234140971c99ef6f521c94,https://media.sketchfab.com/models/78a6daf646234140971c99ef6f521c94/thumbnails/6ebb40a876fd4b50af4e52749e5392f0/4d91edd8bc4b449da945ec68cc769cf2.jpeg,2026-04-24T08:12:18.596404+00:00,fernandoiturriza,78a6daf646234140971c99ef6f521c94
287a022587c1c86a,sketchfab,My stunning 3D reconstruction,My 3D model from photos generated with photogrammetry software 3DF Zephyr v5.019 processing 42 images,3df-zephyr,,,browser,,https://sketchfab.com/3d-models/none-705eb6c6623e4216acdf9be3beb876a0,https://media.sketchfab.com/models/705eb6c6623e4216acdf9be3beb876a0/thumbnails/bfa86f544d4d43c589ce84da69ffd783/4df99d7dde934dda9ac428ec05e4dd07.jpeg,2026-04-24T08:12:18.287893+00:00,feketeagnes,705eb6c6623e4216acdf9be3beb876a0
7561b8e0dec3b162,sketchfab,New Qlone,,qlone,,,browser,,https://sketchfab.com/3d-models/none-f63b4090e0034cdf99f4c75da69bc94f,https://media.sketchfab.com/models/f63b4090e0034cdf99f4c75da69bc94f/thumbnails/35f669d20c8c4473a6da14446daf1135/ec42e9cefed54c27ad33901b1f4fe073.jpeg,2026-04-24T08:12:18.247849+00:00,arsalan786,f63b4090e0034cdf99f4c75da69bc94f
a2d48894742413ab,sketchfab,New Qlone,,qlone,,,browser,,https://sketchfab.com/3d-models/none-9f43ee7b622848939403674a0d4c6b9d,https://media.sketchfab.com/models/9f43ee7b622848939403674a0d4c6b9d/thumbnails/d1b48aec39664a78a35b09cae98f5c41/635233743fd94ac18321be0e51511127.jpeg,2026-04-24T08:12:18.308349+00:00,jordanengel,9f43ee7b622848939403674a0d4c6b9d
98e4c65cf18e775a,sketchfab,Nintendo Switch,,,,,browser,,https://sketchfab.com/3d-models/none-8a9edee0d1184555a26c2899747a9ec3,https://media.sketchfab.com/models/8a9edee0d1184555a26c2899747a9ec3/thumbnails/5944eda4081a4abb832d6998116c40e0/e9e4ef0c42aa4a32ae5166de13319e15.jpeg,2026-04-24T08:12:18.537288+00:00,Lukas Ekvall,8a9edee0d1184555a26c2899747a9ec3
aa67d954e5e11022,sketchfab,PARCELA 134,,,,,browser,11.7 MB,https://sketchfab.com/3d-models/none-c576667cb59a4961848ac003604e3761,https://media.sketchfab.com/models/c576667cb59a4961848ac003604e3761/thumbnails/a27bd730d0374577b4d5c6a885eb1761/159aa43b970f48ff9dc24cd30775c55b.jpeg,2026-04-24T08:12:18.878136+00:00,Hacienda Inmobiliaria,c576667cb59a4961848ac003604e3761
27b1ff179d894f62,sketchfab,PRAMESTI PUTRI - 5C,,,,,browser,,https://sketchfab.com/3d-models/none-dd5c7ce9dfc44a07af5eeab166697116,https://media.sketchfab.com/models/dd5c7ce9dfc44a07af5eeab166697116/thumbnails/a5fabfe1a7ba4c16961a41252ee81649/b415870661224f2fa7b94b7cef215b2b.jpeg,2026-04-24T08:12:18.776984+00:00,pramestiputri,dd5c7ce9dfc44a07af5eeab166697116
5ad55b2237f5e552,sketchfab,PalmerCoveSite-3DView-{3D},,,,,browser,,https://sketchfab.com/3d-models/none-565e45b328954eafb1e235d3e3bd85f8,https://media.sketchfab.com/models/565e45b328954eafb1e235d3e3bd85f8/thumbnails/ac510f9a5fa6465ab5df6529e92964d0/64fedcbdccac47069bb9e973a0bacf3d.jpeg,2026-04-24T08:12:18.492469+00:00,AugEMunster,565e45b328954eafb1e235d3e3bd85f8
3302ffc22142ec74,sketchfab,Papercraft,,,,,browser,,https://sketchfab.com/3d-models/none-cb50dfcfe35044d0aa3c8286ca0f6e81,https://media.sketchfab.com/models/cb50dfcfe35044d0aa3c8286ca0f6e81/thumbnails/424eeb7195104e349db28ace85fe9e79/02da74a4ac6a4c4b8d35830f7ed30ac6.jpeg,2026-04-24T08:12:18.855267+00:00,MarceloHaro,cb50dfcfe35044d0aa3c8286ca0f6e81
7595eac22cf09d0a,sketchfab,Pebbles2,rly quick pebbles try #2,,,,browser,,https://sketchfab.com/3d-models/none-391687b6f2d3428494756b14665c5502,https://media.sketchfab.com/models/391687b6f2d3428494756b14665c5502/thumbnails/ffda540b05c6476188b427bc594e4059/1024x576.jpeg,2026-04-24T08:12:18.485070+00:00,BitCeLot,391687b6f2d3428494756b14665c5502
7ea54e2e96c99adb,sketchfab,Placa Direcional,,,,,browser,,https://sketchfab.com/3d-models/none-328ee03f6794480fb84bed65aede7320,https://media.sketchfab.com/models/328ee03f6794480fb84bed65aede7320/thumbnails/7d7f0c7bf7164de6a97db28e6f3d09e7/cac9557dd4da4bbaace400db435de176.jpeg,2026-04-24T08:12:18.704741+00:00,lvassIF,328ee03f6794480fb84bed65aede7320
9d04dd9e14c60cb1,sketchfab,Portalgun,,substancepainter | substance,,,browser,,https://sketchfab.com/3d-models/none-f420b35441af48b38302acda147d7421,https://media.sketchfab.com/models/f420b35441af48b38302acda147d7421/thumbnails/b6930d562280437d92b029e2daf1ef6f/17a9995765eb47eb802859dd8b1367bd.jpeg,2026-04-24T08:12:18.747901+00:00,Goodgamejuli,f420b35441af48b38302acda147d7421
66fa0bb246624645,sketchfab,Postcard from Promisedland,,,,,browser,,https://sketchfab.com/3d-models/none-7a2869408bdf4e09bc982902f4c2cfdb,https://media.sketchfab.com/models/7a2869408bdf4e09bc982902f4c2cfdb/thumbnails/0482b5e3efb84109ac888bcf92ae5342/ff26a8cdf2ba4505b2da448b23f72bcf.jpeg,2026-04-24T08:12:18.450633+00:00,teri97,7a2869408bdf4e09bc982902f4c2cfdb
aeeb5529f402e4af,sketchfab,Propuesta 70% ocupación,,,,,browser,,https://sketchfab.com/3d-models/none-e1349092017c42d99992d0296092abe7,https://media.sketchfab.com/models/e1349092017c42d99992d0296092abe7/thumbnails/cf02eb0e61844dec9e6b4bbcdea7e5ab/4794327a273141b5b55d5618e63f867c.jpeg,2026-04-24T08:12:18.744257+00:00,Alejandrox127,e1349092017c42d99992d0296092abe7
8a2fe9db3c5436b1,sketchfab,"Prueba 3 - Márquez, Nicole y Bebolder, Victoria",,,,,browser,,https://sketchfab.com/3d-models/none-f3cd05b6d5be497f9d2353ca437d1414,https://media.sketchfab.com/models/f3cd05b6d5be497f9d2353ca437d1414/thumbnails/5091db6443f84b6fab9c9644a692d890/e34b2c4c6a0e46f4aa188ab9d7467abe.jpeg,2026-04-24T08:12:18.770144+00:00,marqueznicolesofia.607a,f3cd05b6d5be497f9d2353ca437d1414
88b7e203ee757e4e,sketchfab,Prédio Gelson,,,,,browser,,https://sketchfab.com/3d-models/none-894901efcbdd419694903a0ee9a025ce,https://media.sketchfab.com/models/894901efcbdd419694903a0ee9a025ce/thumbnails/c66f1ba2c18147068954f2a837fa4f9a/3a226ec11af54aaf9ba6fd3505074a5d.jpeg,2026-04-24T08:12:18.767044+00:00,marcelo-bin,894901efcbdd419694903a0ee9a025ce
2600cbb74cecb6ff,sketchfab,"Punkt, Punkt, Komma, Strich","Natürliche Sprachen bewegen sich in einer Vieldeutigkeit. Anhand der Form sprachlicher Ausdrücke lässt sich oft nicht erkennen, welche Bedeutung sie den Sätzen beitragen. Stattdessen bieten sie eine irreführende Oberflächenstruktur, deren Vorstellungen in unterschiedlichen Tiefen liegen und so eine Vielzahl an Möglichkeiten enthält, der Welt Ausdruck zu verleihen.",,,,browser,,https://sketchfab.com/3d-models/none-d699ca195038410c974945cda0f7a8a9,https://media.sketchfab.com/models/d699ca195038410c974945cda0f7a8a9/thumbnails/c242dc0da0fd4175a74b2928dfdfa5c9/3697a4b30f8542f2af90332cddd8e778.jpeg,2026-04-24T08:12:18.276874+00:00,Sophie,d699ca195038410c974945cda0f7a8a9
2a4323e1558e3b0d,sketchfab,Ressler_Rebekah_A5,,,,,browser,,https://sketchfab.com/3d-models/none-cda41611b0d647b09eeb0b7aa09ef454,https://media.sketchfab.com/models/cda41611b0d647b09eeb0b7aa09ef454/thumbnails/842e4ce79b834f4c8fe0c694334f7adf/f405142d59c34c1e9abe67e49030e8bb.jpeg,2026-04-24T08:12:18.265285+00:00,rressler6,cda41611b0d647b09eeb0b7aa09ef454
c849e5aad68a1bb7,sketchfab,RochlaSmyge,http://staircon.com/ <br>Export by <b>Snickeribolaget i H�llviksn�s</b> (lic 1420),stair | staircase | staircon,,,browser,,https://sketchfab.com/3d-models/none-6e43659743ef4669b985a939000e0b68,https://media.sketchfab.com/models/6e43659743ef4669b985a939000e0b68/thumbnails/594781dd81984cca9cfe42351f8bdeb2/ec36188c2912490391804937956984b3.jpeg,2026-04-24T08:12:18.508177+00:00,snickeribolaget,6e43659743ef4669b985a939000e0b68
46cead652a2fa7f2,sketchfab,Rolighedsvej 25 (30082021)_simplified_3d_mesh,,,,,browser,,https://sketchfab.com/3d-models/none-793600e490884210a2e79971f252c586,https://media.sketchfab.com/models/793600e490884210a2e79971f252c586/thumbnails/71cdcdfac96f4b2eaf44c0c4cdb18452/edd9eee90fb94234a8b6a3d726d56394.jpeg,2026-04-24T08:12:18.729030+00:00,pebcgj,793600e490884210a2e79971f252c586
e23ad3fa48baa7b9,sketchfab,SC KAB HM,,,,,browser,,https://sketchfab.com/3d-models/none-df6b96e31d0849ea94298ddfb1e534d2,https://media.sketchfab.com/models/df6b96e31d0849ea94298ddfb1e534d2/thumbnails/07d54903a47745c883be38b4d0f28407/6eeb5024e357425db68ed749f21e3691.jpeg,2026-04-24T08:12:18.417204+00:00,WestwoodStairs,df6b96e31d0849ea94298ddfb1e534d2
7888c21e2e6255c7,sketchfab,SC KAB NJP,,,,,browser,,https://sketchfab.com/3d-models/none-2395a52be0a24f319d4a637dc3d0d09a,https://media.sketchfab.com/models/2395a52be0a24f319d4a637dc3d0d09a/thumbnails/6895e7301320405daa557d1d2cced92f/fbd9129140e3426db4323365e20abf0a.jpeg,2026-04-24T08:12:18.240663+00:00,WestwoodStairs,2395a52be0a24f319d4a637dc3d0d09a
4fa690ebe104c599,sketchfab,SLAM Demo Area,,demo | slam | tetravue,,,browser,,https://sketchfab.com/3d-models/none-87f3ceb7cfe14f5da12d54d8bcabc383,https://media.sketchfab.com/models/87f3ceb7cfe14f5da12d54d8bcabc383/thumbnails/4bd8f6c27c5c4dfb9ec1bef536b5b7ac/9789815b29914894bf78ceed32961840.jpeg,2026-04-24T08:12:18.864339+00:00,bodotheschmidt,87f3ceb7cfe14f5da12d54d8bcabc383
33ea7f308fff8e2e,sketchfab,Satsuma 04,,,,,browser,,https://sketchfab.com/3d-models/none-cc624bcc749947249504b479c52e7690,https://media.sketchfab.com/models/cc624bcc749947249504b479c52e7690/thumbnails/8009ae0b91b24db5b64b16adef7a5115/84e6eae1b3c54f43aa1e58854a575353.jpeg,2026-04-24T08:12:18.644228+00:00,Artifacts 3D,cc624bcc749947249504b479c52e7690
ce84f827f823741b,sketchfab,Scan 2,,,,,browser,,https://sketchfab.com/3d-models/none-a4ac2304fa4b41d1843ab0286685255d,https://media.sketchfab.com/models/a4ac2304fa4b41d1843ab0286685255d/thumbnails/2bec90ecbcc64b00ab83489c5bc3934e/ee55a4d27b2b484da14608d40492c58d.jpeg,2026-04-24T08:12:18.794967+00:00,alketbi1,a4ac2304fa4b41d1843ab0286685255d
1326fa5e8c67c2ef,sketchfab,Scan-2021-06-28--16-30-25,,,,,browser,,https://sketchfab.com/3d-models/none-40254869891c4415bc2a571e45a42801,https://media.sketchfab.com/models/40254869891c4415bc2a571e45a42801/thumbnails/f1a6d7acbbda4d2c87b9b7dc5f5c74ba/9ed59366cc1a4ae887be682490908388.jpeg,2026-04-24T08:12:18.630957+00:00,occnaruo,40254869891c4415bc2a571e45a42801
cfc9689c0a6b1a96,sketchfab,Scaner,,substancepainter | substance,,,browser,,https://sketchfab.com/3d-models/none-78f1dbab75c142c685c89303b3a4058d,https://media.sketchfab.com/models/78f1dbab75c142c685c89303b3a4058d/thumbnails/314fbb4a621446e9bbf5f607259ccbb2/f48acd5bd26b45e09cb3dc2c45e4d614.jpeg,2026-04-24T08:12:18.468702+00:00,primalhunt,78f1dbab75c142c685c89303b3a4058d
1a9f785bf86dd8ea,sketchfab,Sconce - Metallic Lamp,"Student Model
Test model upload for website",,,,browser,,https://sketchfab.com/3d-models/none-33e5406140344c3ab3d1dd93e4915f83,https://media.sketchfab.com/models/33e5406140344c3ab3d1dd93e4915f83/thumbnails/0e96b9e5e1af4347897a80837dabc06e/2276dc60dc90497aab251887b7eab8da.jpeg,2026-04-24T08:12:18.433032+00:00,bismutt,33e5406140344c3ab3d1dd93e4915f83
db798a516b8a39c4,sketchfab,Screwdriver,Prop Summative Model for 3D Visual Asset Generation,,,,browser,,https://sketchfab.com/3d-models/none-340298166ff342e5ba535b06e4fedc9e,https://media.sketchfab.com/models/340298166ff342e5ba535b06e4fedc9e/thumbnails/abbb277eab8d4be6abe1063d586d8f77/ef9c1196b7de4e3299a8d9877b55c8e7.jpeg,2026-04-24T08:12:18.736792+00:00,rixx03,340298166ff342e5ba535b06e4fedc9e
2312d0f5e72d9ab4,sketchfab,Set05,,,,,browser,,https://sketchfab.com/3d-models/none-e69b44813a6e4e74bde982131a25369c,https://media.sketchfab.com/models/e69b44813a6e4e74bde982131a25369c/thumbnails/85b7cbab73474fd1ac4cc169eb8128aa/8b1f378e449946c5afae89f1b2fb2e17.jpeg,2026-04-24T08:12:18.708392+00:00,aj-noolek,e69b44813a6e4e74bde982131a25369c
988a5d7ee98acb2a,sketchfab,Shuzhuo01,,,,,browser,,https://sketchfab.com/3d-models/none-4e7352781fd14d6fbfba8a0d49c6f3a3,https://media.sketchfab.com/models/4e7352781fd14d6fbfba8a0d49c6f3a3/thumbnails/e0d8c8675290459d8389c012b75e22af/c52a550c571c4a80b4eaca9393e626b2.jpeg,2026-04-24T08:12:18.362795+00:00,xuchunyu,4e7352781fd14d6fbfba8a0d49c6f3a3
ae58b6f8ebacb4e2,sketchfab,Station,,,,,browser,,https://sketchfab.com/3d-models/none-0fd59018ba744aa488520be3f4a490cd,https://media.sketchfab.com/models/0fd59018ba744aa488520be3f4a490cd/thumbnails/ffbcfaf0c4b64073a11eae5bab0789c2/c28f010b04f44b6c84d36433ed2b7448.jpeg,2026-04-24T08:12:18.800898+00:00,yuanxu.liu,0fd59018ba744aa488520be3f4a490cd
62de431d9982fe40,sketchfab,Store,,sketchup,,,browser,,https://sketchfab.com/3d-models/none-17e2ad402c284b23badcafc2061bdb60,https://media.sketchfab.com/models/17e2ad402c284b23badcafc2061bdb60/thumbnails/508f8bb905374ee1b9994ebc5353060c/85d20d1157ef42e8a9bc0ec4505d637f.jpeg,2026-04-24T08:12:18.812517+00:00,Vstore,17e2ad402c284b23badcafc2061bdb60
396e2726ff97a7db,sketchfab,Stunning Duup- Uusam (2),,,,,browser,,https://sketchfab.com/3d-models/none-8b09b69ff2614c109ddfea326c813aa8,https://media.sketchfab.com/models/8b09b69ff2614c109ddfea326c813aa8/thumbnails/41011edffef54d839da7eb1783407be2/7a6425b2e990407c875a76b1f2131010.jpeg,2026-04-24T08:12:18.656545+00:00,minyoung05,8b09b69ff2614c109ddfea326c813aa8
781c88dd66085530,sketchfab,Surprising Fyyran (1),,,,,browser,,https://sketchfab.com/3d-models/none-a6f0da3aea9943f28ecdfa9de2520a50,https://media.sketchfab.com/models/a6f0da3aea9943f28ecdfa9de2520a50/thumbnails/530d58376f074a48a3dd8197d5213c46/7791e1f44d8c44a1afddf17471a96280.jpeg,2026-04-24T08:12:18.216214+00:00,profesorinventor,a6f0da3aea9943f28ecdfa9de2520a50
ad0d1407fa7b2501,sketchfab,Sword3_jpg,,,,,browser,,https://sketchfab.com/3d-models/none-f66ea7ae2f354694990710beb0bba52f,https://media.sketchfab.com/models/f66ea7ae2f354694990710beb0bba52f/thumbnails/0b06e56e085b440fa8bf3c884d9fa5b2/0eb2ed77c36d4da2a2ff30d8cd70914d.jpeg,2026-04-24T08:12:18.788271+00:00,leont853,f66ea7ae2f354694990710beb0bba52f
114a9b3e4d81e413,sketchfab,Symetrie 5 Filip Hanni Finale 1_dea,,,,,browser,,https://sketchfab.com/3d-models/none-fad7b4a61fd6431c90d94b99736f56f8,https://media.sketchfab.com/models/fad7b4a61fd6431c90d94b99736f56f8/thumbnails/8b05ad95b3ab4a0e9e0b23bf01096256/cf58c568991d45918742494fb6942617.jpeg,2026-04-24T08:12:18.222929+00:00,Filiphanni,fad7b4a61fd6431c90d94b99736f56f8
1bf5bca90b77539a,sketchfab,Tanegashima-Curio-City　低設定,,metashape | agisoft,,,browser,5.9 MB,https://sketchfab.com/3d-models/none-a994fcd097864765b13a9d8a75907810,https://media.sketchfab.com/models/a994fcd097864765b13a9d8a75907810/thumbnails/814fcbc3018c47288dec99e40ff9e627/117692999dd9473ca75785e5354a0795.jpeg,2026-04-24T08:12:18.320559+00:00,tanedai,a994fcd097864765b13a9d8a75907810
2b99c8713319fa91,sketchfab,Tanegashima-Curio-City　低設定,,metashape | agisoft,,,browser,7.2 MB,https://sketchfab.com/3d-models/none-b3274c880a27477fba1343ea98fcfda3,https://media.sketchfab.com/models/b3274c880a27477fba1343ea98fcfda3/thumbnails/c2991f2751214401884a5936de8daa7a/ad3495af69a04a37a3a63c874772f7da.jpeg,2026-04-24T08:12:18.324280+00:00,tanedai,b3274c880a27477fba1343ea98fcfda3
64a1b0424fb7ad2d,sketchfab,TectoUM - 1009,"Lieu / *Location* : Université de Montpellier (France), Faculté des Sciences, Bâtiment 23, STP09

Origine inconnue / *Unknown origin*

Méthode / *Methodology* : CANON® SX 70 HS , 3DF ZEPHYR® FREE

Réalisation / *Production* : *Modeling working group with manager F. GUEYDAN, 2020/2021, University of Montpellier.*",,,,browser,22.7 MB,https://sketchfab.com/3d-models/none-8b0aa65704c24f5393d429cd8d16a06c,https://media.sketchfab.com/models/8b0aa65704c24f5393d429cd8d16a06c/thumbnails/68c7dd0b38ec4b7bb32168ee495675c9/c4919502ead747b09fba076f91a75206.jpeg,2026-04-24T08:12:18.511936+00:00,GroupeL3STE,8b0aa65704c24f5393d429cd8d16a06c
1b201216d16bd8fd,sketchfab,TectoUM - 1022,"Lieu / *Location* : Université de Montpellier (France), Faculté des Sciences, Bâtiment 23, STP09

Description : Brèche hydraulique / Hydraulic breccia

Origine inconnue / *Unknown origin*

Méthode / *Methodology* : CANON® SX 70 HS , 3DF ZEPHYR® FREE

Réalisation / *Production* : *Modeling working group with manager F. GUEYDAN, 2020/2021, University of Montpellier.*",,,,browser,22.5 MB,https://sketchfab.com/3d-models/none-b494f808523b4604b35edac6d4c66146,https://media.sketchfab.com/models/b494f808523b4604b35edac6d4c66146/thumbnails/c106bea14854404d8df26bd1e1ab5067/338088ea0d2f4646bb01f8c03f0c3be4.jpeg,2026-04-24T08:12:18.514985+00:00,GroupeL3STE,b494f808523b4604b35edac6d4c66146
fcd9e637ae7186ca,sketchfab,TectoUM - 167,"Echantillon / *Sample* : n°0167

Lieu / *Location* : Université de Montpellier (France), Faculté des Sciences, Bâtiment 23, STP09

Origine / *Origin* : Lacaune, France

Méthode / *Methodology* : CANON® SX 70 HS , 3DF ZEPHYR® FREE

Réalisation / *Production* : *Modeling working group with manager F. GUEYDAN, 2020/2021, University of Montpellier.*",,,,browser,19.3 MB,https://sketchfab.com/3d-models/none-2ca3ce8d627a4bb8b632c9dc3028a3c7,https://media.sketchfab.com/models/2ca3ce8d627a4bb8b632c9dc3028a3c7/thumbnails/835c18d07e6b486e985cba911426e07d/e518930f40ad493d905e2982e85d67ce.jpeg,2026-04-24T08:12:18.495943+00:00,bruners,2ca3ce8d627a4bb8b632c9dc3028a3c7
8f447840fb957e50,sketchfab,TectoUM - 642,"Fracturation à cause d'un glissement de faille

Echantillon / *Sample* : n°0642

Lieu / *Location* : Université de Montpellier (France), Faculté des Sciences, Bâtiment 23, STP09

Description : Fracturing due to fault slip 

Origine inconnue / *Unknown origin*

Méthode / *Methodology* : CANON® SX 70 HS , 3DF ZEPHYR® FREE

Réalisation / *Production* : *Modeling working group with manager F. GUEYDAN, 2020/2021, University of Montpellier.*",,,,browser,12.0 MB,https://sketchfab.com/3d-models/none-6c491205dfac4dcdb060ccea1eb64c55,https://media.sketchfab.com/models/6c491205dfac4dcdb060ccea1eb64c55/thumbnails/311e7cde9de348189edcf48e7bb6f39c/baf9d143fe404f8cab95c1e90875af31.jpeg,2026-04-24T08:12:18.498993+00:00,GroupeL3STE,6c491205dfac4dcdb060ccea1eb64c55
75e1eb91aadd489b,sketchfab,Test 1,,,,,browser,,https://sketchfab.com/3d-models/none-b9e411da118f424698c42f28f8d572ce,https://media.sketchfab.com/models/b9e411da118f424698c42f28f8d572ce/thumbnails/66e3cf1189b34fe7ae9c556a9b77b7f3/1dea18e2df6e444da32e2c54b033c1b3.jpeg,2026-04-24T08:12:18.187366+00:00,IFB Test,b9e411da118f424698c42f28f8d572ce
49695ae6c3eba4db,sketchfab,Test 1,Transport Case,metashape | agisoft,,,browser,,https://sketchfab.com/3d-models/none-1f954c929e0449348264e2d67c90c21d,https://media.sketchfab.com/models/1f954c929e0449348264e2d67c90c21d/thumbnails/77265b8dc954457496deadc0e5c9984d/fb7bbba635ec45c2b01b7845234fb54f.jpeg,2026-04-24T08:12:18.613252+00:00,seeUnderSea,1f954c929e0449348264e2d67c90c21d
d644f17b0cf0cf70,sketchfab,Test Model,This is the test model demo,,,,browser,,https://sketchfab.com/3d-models/none-0734d772d14b47fe969d40b13e43239a,https://media.sketchfab.com/models/0734d772d14b47fe969d40b13e43239a/thumbnails/4eaa8eb9b73949688c491c8e310f5d13/791ee15031484e2a90bfe9d3417ac558.jpeg,2026-04-24T08:12:18.196569+00:00,SivaMurugan,0734d772d14b47fe969d40b13e43239a
65d9708a732d8de1,sketchfab,Test_4_Broach_Horizontal,,,,,browser,,https://sketchfab.com/3d-models/none-0c641178057f4f41877408ce0d3a6961,https://media.sketchfab.com/models/0c641178057f4f41877408ce0d3a6961/thumbnails/7f1b774377854679aa8aa7fddc8d8544/1be5093dd0ef48bd9dbfd1544aad6b26.jpeg,2026-04-24T08:12:18.545051+00:00,MasterRobert66,0c641178057f4f41877408ce0d3a6961
44d2fc14b69bb56d,sketchfab,Test_9_Musket_Ball_2,,,,,browser,,https://sketchfab.com/3d-models/none-cf85d3a11823469eaa16d7854e1980b0,https://media.sketchfab.com/models/cf85d3a11823469eaa16d7854e1980b0/thumbnails/c28d6fa881d6428780a1852190c4a596/1d7efe6f1f1942749bb91e3bf1fdabbc.jpeg,2026-04-24T08:12:18.548817+00:00,MasterRobert66,cf85d3a11823469eaa16d7854e1980b0
5d68b98109715fe1,sketchfab,Textured Mesh,,,,,browser,,https://sketchfab.com/3d-models/none-ab6bef872cdc41f4838145c306d66afc,https://media.sketchfab.com/models/ab6bef872cdc41f4838145c306d66afc/thumbnails/3c51340919554addb4b1b8d02cb21469/0560635e63aa4f23a28e769c7568f4b9.jpeg,2026-04-24T08:12:18.808528+00:00,sofia.spinelli,ab6bef872cdc41f4838145c306d66afc
8981560199676590,sketchfab,Textured Mesh ANTO AGUS OBJETO,,,,,browser,,https://sketchfab.com/3d-models/none-cfac9d384d9e43cf9449ece723665bff,https://media.sketchfab.com/models/cfac9d384d9e43cf9449ece723665bff/thumbnails/7fdb82c840424a468983b479030191b1/911f43d1d22e46db9c4e8ffcb735db54.jpeg,2026-04-24T08:12:18.844410+00:00,abi.mendez.121,cfac9d384d9e43cf9449ece723665bff
48c5816b8259a1d6,sketchfab,Textured Plane by Dameron Holmes,by Dameron Holmes,,,,browser,,https://sketchfab.com/3d-models/none-991425d720314f2c869e2de5e709e0bd,https://media.sketchfab.com/models/991425d720314f2c869e2de5e709e0bd/thumbnails/b0030a8c9b2c440c84a64bd4a26ebb94/84b880ee20b54a928dc13280debcb879.jpeg,2026-04-24T08:12:18.740592+00:00,Dameronh,991425d720314f2c869e2de5e709e0bd
b8290e4e67b04b42,sketchfab,Wash Stand,,substancepainter | substance,,,browser,,https://sketchfab.com/3d-models/none-c3a027e428a7458e9f7d5f9ead1b0a6f,https://media.sketchfab.com/models/c3a027e428a7458e9f7d5f9ead1b0a6f/thumbnails/dc1f2e4a42614b6d9eb3a041a1cc27e4/9be2ffecc1ee49aca910e4ad55db4642.jpeg,2026-04-24T08:12:18.340665+00:00,Rampardos007,c3a027e428a7458e9f7d5f9ead1b0a6f
e3f261fc14790f85,sketchfab,Wood Barrel,My first wood barrel,substancepainter | substance,,,browser,,https://sketchfab.com/3d-models/none-5f107a9fc4c4491aa4a7865be455047b,https://media.sketchfab.com/models/5f107a9fc4c4491aa4a7865be455047b/thumbnails/1aa5a00a178e48aa84c833a6d438d22c/53189e2e439a4dd0bde7aa58ed195779.jpeg,2026-04-24T08:12:18.840492+00:00,aiden.coates,5f107a9fc4c4491aa4a7865be455047b
1eca5332738e08e0,sketchfab,Work in Progress,,tiltbrush,,,browser,,https://sketchfab.com/3d-models/none-c07cb5227fd347ab87d94591f7cea77a,https://media.sketchfab.com/models/c07cb5227fd347ab87d94591f7cea77a/thumbnails/03b9ee5bdda84d518fc3b33dafa8262b/d44525ce742643b493b84166d47ae743.jpeg,2026-04-24T08:12:18.376860+00:00,Andrew Beebe,c07cb5227fd347ab87d94591f7cea77a
3dc1dea992e87faf,sketchfab,Xj2,,,,,browser,,https://sketchfab.com/3d-models/none-5482a2456ae2499e8c285eb307f30650,https://media.sketchfab.com/models/5482a2456ae2499e8c285eb307f30650/thumbnails/80d280529f0f4cf988935f652637a84b/1024x576.jpeg,2026-04-24T08:12:18.668943+00:00,SaberRAW,5482a2456ae2499e8c285eb307f30650
5ade8033c81517a1,sketchfab,a0042550 Yu HaoYu,,,,,browser,,https://sketchfab.com/3d-models/none-b51ae394715c40e08d0c45148e184e15,https://media.sketchfab.com/models/b51ae394715c40e08d0c45148e184e15/thumbnails/ee26ea829e3b4a87b4c63e59622fd346/f01906dd94dc46cdbfb7dcda7cbd636b.jpeg,2026-04-24T08:12:18.293242+00:00,BigFaceCat,b51ae394715c40e08d0c45148e184e15
0faeb9475fc1c8e2,sketchfab,adfg,,,,,browser,,https://sketchfab.com/3d-models/none-1ffd8b301bff4e53846a512d6bccb53b,https://media.sketchfab.com/models/1ffd8b301bff4e53846a512d6bccb53b/thumbnails/51513495b3e7489a8fc16947283d186f/fdc19f34aee34c6880edda6e15a83f08.jpeg,2026-04-24T08:12:18.688437+00:00,fZTest,1ffd8b301bff4e53846a512d6bccb53b
21e1e2e85253ad63,sketchfab,ak-47,,,,,browser,,https://sketchfab.com/3d-models/none-84a46f6c18de421892536c4f3c3117ee,https://media.sketchfab.com/models/84a46f6c18de421892536c4f3c3117ee/thumbnails/ce979ce9d8ca46a2a80c2c80859b59e9/e9adf836c3004c35b1f93f1f2208c8f5.jpeg,2026-04-24T08:12:18.577248+00:00,kiwiisflyine3,84a46f6c18de421892536c4f3c3117ee
1518312d58c57ca7,sketchfab,b1,,,,,browser,,https://sketchfab.com/3d-models/none-afe75c7b5de545ed8a2e61b74cac9148,https://media.sketchfab.com/models/afe75c7b5de545ed8a2e61b74cac9148/thumbnails/5a310a35f61146f3a055fe2a604e7ad7/052e7dbb7719458fa5c73b42b510da6f.jpeg,2026-04-24T08:12:18.368837+00:00,venoszw,afe75c7b5de545ed8a2e61b74cac9148
9cd222465c17538d,sketchfab,bourton-weathered-savanna-300x300mm,Same as Marshalls Heritage Weathered Yorkstone.,,,,browser,,https://sketchfab.com/3d-models/none-779b57d17b234fe280572ad4b3eb2327,https://media.sketchfab.com/models/779b57d17b234fe280572ad4b3eb2327/thumbnails/3960ac827ff44ac084a35ec7ea0e9f06/5d782f943a504e11b122156b68f50c64.jpeg,2026-04-24T08:12:18.481225+00:00,andycf,779b57d17b234fe280572ad4b3eb2327
880e64a612156100,sketchfab,brinta_3D,,,,,browser,,https://sketchfab.com/3d-models/none-61121b081d9347b78a7d3b7e7a4b1eba,https://media.sketchfab.com/models/61121b081d9347b78a7d3b7e7a4b1eba/thumbnails/9ddfae7662284dd8b7d85e98ae3ec1b3/bc9e5d3083a244a3977d7f7fcc074b73.jpeg,2026-04-24T08:12:18.403856+00:00,Nikola9849,61121b081d9347b78a7d3b7e7a4b1eba
24bb2610403012a3,sketchfab,chair,,blockbench,,,browser,,https://sketchfab.com/3d-models/none-886be7e317da40f19f16abdd07f054d2,https://media.sketchfab.com/models/886be7e317da40f19f16abdd07f054d2/thumbnails/0443bf6a92fc4f718c6e94b6b3154725/b3f89087ab904b64b3bcb1b39fcbb85f.jpeg,2026-04-24T08:12:18.260146+00:00,AxysMC,886be7e317da40f19f16abdd07f054d2
05a4157827277c10,sketchfab,cubeworld_Dana_Scheerman_vmt1c,,,,,browser,,https://sketchfab.com/3d-models/none-f002ebb6c9d14345bfcd6420e2391a1b,https://media.sketchfab.com/models/f002ebb6c9d14345bfcd6420e2391a1b/thumbnails/4b8810c18c664187911ad534c3fa0dd8/7c3a90a10c63495f9df36e70863a94f7.jpeg,2026-04-24T08:12:18.571853+00:00,danaxscheerman,f002ebb6c9d14345bfcd6420e2391a1b
7c75bcdd6e16c2ae,sketchfab,dave Romford,,sketchup,,,browser,,https://sketchfab.com/3d-models/none-80929a6e83294741beaf5e079f0b0100,https://media.sketchfab.com/models/80929a6e83294741beaf5e079f0b0100/thumbnails/aeaa768e71674c3f842ec5d3993beef1/dbfa87144e25472d8406f9cd3efe9897.jpeg,2026-04-24T08:12:18.676167+00:00,lsdawkins,80929a6e83294741beaf5e079f0b0100
3a58a39ba8bc13d9,sketchfab,desk,,,,,browser,,https://sketchfab.com/3d-models/none-210fc957e1974e1baf189325182c3501,https://media.sketchfab.com/models/210fc957e1974e1baf189325182c3501/thumbnails/97f8d2e41c5140fb88e1e3bb467c1284/88577bdf41164121b682262f0359417f.jpeg,2026-04-24T08:12:18.501517+00:00,plinplon,210fc957e1974e1baf189325182c3501
d2ca0a0fc9c3b617,sketchfab,dvsdv,,blockbench,,,browser,,https://sketchfab.com/3d-models/none-fa93687b54794d64837f16e3a111384e,https://media.sketchfab.com/models/fa93687b54794d64837f16e3a111384e/thumbnails/f4d8f95becb24db0823667b5ddf66798/7954fa65e6e249ec9fd2c6cedd373412.jpeg,2026-04-24T08:12:18.695922+00:00,GoosyGang,fa93687b54794d64837f16e3a111384e
726763e47a2825d2,sketchfab,ebony crystals,,,,,browser,,https://sketchfab.com/3d-models/none-2e2c2468cd51424397fd44c6cfda01ea,https://media.sketchfab.com/models/2e2c2468cd51424397fd44c6cfda01ea/thumbnails/61a941f3acef45f4868c2f28855b2f40/b07f849e326c45af8d7b7a7c144b8a75.jpeg,2026-04-24T08:12:18.633338+00:00,scumpunxdh,2e2c2468cd51424397fd44c6cfda01ea
865fdcecfbc323d7,sketchfab,farmland,,,,,browser,,https://sketchfab.com/3d-models/none-7a02728afac240e9b6be3619a133626a,https://media.sketchfab.com/models/7a02728afac240e9b6be3619a133626a/thumbnails/8c8ac0833f184463b4a5d33bce59e314/aa5adf640ba44534b032e4eea2b8ae1d.jpeg,2026-04-24T08:12:18.637005+00:00,lowpolly,7a02728afac240e9b6be3619a133626a
b37a99f5e2495124,sketchfab,final_obj_vox,,,,,browser,,https://sketchfab.com/3d-models/none-7d3f02289e074076ba5e2ccb34ec4480,https://media.sketchfab.com/models/7d3f02289e074076ba5e2ccb34ec4480/thumbnails/fd12b3bab6144197b25ecf91336afbcc/18f8a70cf5bc4bcdb921031f1954595c.jpeg,2026-04-24T08:12:18.250758+00:00,s21448,7d3f02289e074076ba5e2ccb34ec4480
47499e644ce44a13,sketchfab,gun,modelled in maya and textured in substance painter,substancepainter | substance,,,browser,,https://sketchfab.com/3d-models/none-7297a602cd94498fbd64dbf1cb340f23,https://media.sketchfab.com/models/7297a602cd94498fbd64dbf1cb340f23/thumbnails/6211846356bb4e79bfe370f87dc0c8d4/778ac56c6a7d468eae456f84edd2885c.jpeg,2026-04-24T08:12:18.253065+00:00,mukesh,7297a602cd94498fbd64dbf1cb340f23
340616d87fc747bc,sketchfab,heart doughnut,a&t assignment,metashape | agisoft,,,browser,,https://sketchfab.com/3d-models/none-9e4cc8d25ac6489ea8c37faf675e077a,https://media.sketchfab.com/models/9e4cc8d25ac6489ea8c37faf675e077a/thumbnails/8cf7aefafcc446e48cc61dd89f2b2099/d8cb5592b59c464a8c3df40ebbe6cd6a.jpeg,2026-04-24T08:12:18.824923+00:00,dahye317,9e4cc8d25ac6489ea8c37faf675e077a
7d3a980402fd5dd1,sketchfab,hfyfyfygufu,,scanned_by_samsung_sm-n960u | 3dlivescanner,,,browser,,https://sketchfab.com/3d-models/none-31480e48a54f494da7454dec28fb56a0,https://media.sketchfab.com/models/31480e48a54f494da7454dec28fb56a0/thumbnails/e7d6b6217fd34a1d9b29c948b9902299/6eb07e252a674b67bebc90bc9a7759f9.jpeg,2026-04-24T08:12:18.290765+00:00,trentonyoungman234,31480e48a54f494da7454dec28fb56a0
1f5938b49959d507,sketchfab,house,environment,substancepainter | substance,,,browser,,https://sketchfab.com/3d-models/none-3ef5860aabcf4e2880131b1d6bfa112c,https://media.sketchfab.com/models/3ef5860aabcf4e2880131b1d6bfa112c/thumbnails/f4635c0736284127a9d1856aea3b01f3/bd74a7cea68249e58589b0543e19c2f3.jpeg,2026-04-24T08:12:18.297030+00:00,diyora,3ef5860aabcf4e2880131b1d6bfa112c
b5788baa9d13ca08,sketchfab,kukri_low,,,,,browser,,https://sketchfab.com/3d-models/none-975d519ed44e4de38034974858a600f1,https://media.sketchfab.com/models/975d519ed44e4de38034974858a600f1/thumbnails/3aa48f450fc14b14935aae46e445bec2/7c7bf063d93e40b89007a16c8919fa1f.jpeg,2026-04-24T08:12:18.478839+00:00,Molly.Valmont,975d519ed44e4de38034974858a600f1
b58e0ab0cc4fb02d,sketchfab,kunai blen,,,,,browser,,https://sketchfab.com/3d-models/none-578b7bef09ae470ab528c99e48f6e178,https://media.sketchfab.com/models/578b7bef09ae470ab528c99e48f6e178/thumbnails/3a3b338a81804dcaad7c4bfadb79e0ae/10e9376380794464b59227b0bba4e775.jpeg,2026-04-24T08:12:18.714923+00:00,Feuerschatten,578b7bef09ae470ab528c99e48f6e178
bf0241aac126e74f,sketchfab,living room design,ignore this just move on,,,,browser,,https://sketchfab.com/3d-models/none-4a612635f2274806b868e29f2528de0a,https://media.sketchfab.com/models/4a612635f2274806b868e29f2528de0a/thumbnails/7301a68f87734481bac0bcfed82e9001/bf5a8b59c1804229b7e13ad612a6c4f2.jpeg,2026-04-24T08:12:18.764052+00:00,clobro,4a612635f2274806b868e29f2528de0a
9b8388ea3987624d,sketchfab,madonna_reduced_aufrecht,,,,,browser,,https://sketchfab.com/3d-models/none-d4b210f4aaf244d091a630c3e1f7160a,https://media.sketchfab.com/models/d4b210f4aaf244d091a630c3e1f7160a/thumbnails/d960d891df3d47678c97c3add90969a0/7f4a78749c01485d86c3520d48c958b0.jpeg,2026-04-24T08:12:18.424351+00:00,kasia.kohl,d4b210f4aaf244d091a630c3e1f7160a
557f0bb8d10ccc0a,sketchfab,miecz,,substancepainter | substance,,,browser,,https://sketchfab.com/3d-models/none-cf9f59fca88a480db60e1620277bbca1,https://media.sketchfab.com/models/cf9f59fca88a480db60e1620277bbca1/thumbnails/f87a4da2079b4c4bab2d74f4e8578e8b/70d4953cc4dc43a4814741d987f0649b.jpeg,2026-04-24T08:12:18.588098+00:00,salyga,cf9f59fca88a480db60e1620277bbca1
f2d06d59b986d839,sketchfab,mini_yishin_maru_model,,,,,browser,,https://sketchfab.com/3d-models/none-759ec2574e4749af9b381d6915c6630f,https://media.sketchfab.com/models/759ec2574e4749af9b381d6915c6630f/thumbnails/4fabce93fdfa410886c29a2b635a962a/942393acc0744ff7ab70d63620dc5dea.jpeg,2026-04-24T08:12:18.436915+00:00,DevItsMB,759ec2574e4749af9b381d6915c6630f
ee0487c8a2e38085,sketchfab,model,,metashape | agisoft,,,browser,,https://sketchfab.com/3d-models/none-6d659a7c28de42dea2c1bb0f52a42336,https://media.sketchfab.com/models/6d659a7c28de42dea2c1bb0f52a42336/thumbnails/8bdf5c854cfc49999f41b3aeac0f0dd5/1e6e173bdb48448a93497c4d5c78e3ce.jpeg,2026-04-24T08:12:18.857754+00:00,lemonz_f,6d659a7c28de42dea2c1bb0f52a42336
0f1a7e20b88a5c1e,sketchfab,nero 01,test,,,,browser,,https://sketchfab.com/3d-models/none-d9da591a39e8415ca9d4acff83372f72,https://media.sketchfab.com/models/d9da591a39e8415ca9d4acff83372f72/thumbnails/960a3abaaa124ce6a72efed816b4d886/6a41af6fff4e41a7b218da3a924081f2.jpeg,2026-04-24T08:12:18.456501+00:00,tomi145lp,d9da591a39e8415ca9d4acff83372f72
ec442a821acde0c4,sketchfab,panoAR_GLB,,,,,browser,,https://sketchfab.com/3d-models/none-053e25a3a62248cb8aa501b8f2089576,https://media.sketchfab.com/models/053e25a3a62248cb8aa501b8f2089576/thumbnails/02194ca634284967a52621d630b922f9/2114f8c7681048ecbbb38e1e417af7b2.jpeg,2026-04-24T08:12:18.200224+00:00,Junko.Sato,053e25a3a62248cb8aa501b8f2089576
b6543247feaefa67,sketchfab,record player,,player | record | blockbench,,,browser,,https://sketchfab.com/3d-models/none-56454e24da224a00ad6aed86d34c321b,https://media.sketchfab.com/models/56454e24da224a00ad6aed86d34c321b/thumbnails/a3be9c1c89c34c8aaa4e96ef5ade44b4/dc126e88df7a434e83a658c6c79f70cb.jpeg,2026-04-24T08:12:18.430831+00:00,Time_Sk,56454e24da224a00ad6aed86d34c321b
9a0b3102ff117570,sketchfab,rodi_re,,,,,browser,,https://sketchfab.com/3d-models/none-96bbcba9e19442b780f3a635b7eb3597,https://media.sketchfab.com/models/96bbcba9e19442b780f3a635b7eb3597/thumbnails/1b0168a7b56946a397288679e492585d/c96973dff6004f0483978c9fa44dc286.jpeg,2026-04-24T08:12:18.590363+00:00,401061,96bbcba9e19442b780f3a635b7eb3597
be30ad847dde3144,sketchfab,silo 3d,,,,,browser,,https://sketchfab.com/3d-models/none-66809e750de24a1585ef153afe2b8861,https://media.sketchfab.com/models/66809e750de24a1585ef153afe2b8861/thumbnails/ebb0dde72ac746a3b2348e2faab7a9be/19bc446e6df04969b5865b62dfba4434.jpeg,2026-04-24T08:12:18.380815+00:00,gareone,66809e750de24a1585ef153afe2b8861
4290cf70f4b67965,sketchfab,solpanel,,,,,browser,,https://sketchfab.com/3d-models/none-22c677b3cc404e3ca04ad1166558fe35,https://media.sketchfab.com/models/22c677b3cc404e3ca04ad1166558fe35/thumbnails/057f4fc9347d43babd614555606adb75/17c3b486a36d48b792e87016e6dfe391.jpeg,2026-04-24T08:12:18.797305+00:00,elsa.s,22c677b3cc404e3ca04ad1166558fe35
85709df69de9a944,sketchfab,st johns chapel stair 1,http://staircon.com/ <br>Export by <b>GL Joinery Ltd</b> (lic 6451),stair | staircase | staircon,,,browser,,https://sketchfab.com/3d-models/none-7d833c3fc94c4a22b39fbcabd27e903a,https://media.sketchfab.com/models/7d833c3fc94c4a22b39fbcabd27e903a/thumbnails/a70a11a4f04547ffb4234a4e32ccb2f0/1f72d96d4a024f71bf913527adf7ca10.jpeg,2026-04-24T08:12:18.413333+00:00,sarahfrankish,7d833c3fc94c4a22b39fbcabd27e903a
1362f3bfb77a7b43,sketchfab,tavern beer cup 1,,,,,browser,,https://sketchfab.com/3d-models/none-58456fddef0947bc971f6c681d972aae,https://media.sketchfab.com/models/58456fddef0947bc971f6c681d972aae/thumbnails/198f65a7623548f99bf2048162bb0aae/b35865e2fa7546129887dc401032d18f.jpeg,2026-04-24T08:12:18.356396+00:00,jeksonmena,58456fddef0947bc971f6c681d972aae
405b68f7b78b20f0,sketchfab,templo,,,,,browser,,https://sketchfab.com/3d-models/none-e165d40d3c754b768545473befbc3376,https://media.sketchfab.com/models/e165d40d3c754b768545473befbc3376/thumbnails/f6068bd8662b4543899620aa275ba3ef/dca4d0cd4ae149ed830db142e68dbe0b.jpeg,2026-04-24T08:12:18.219876+00:00,kanaerosewald,e165d40d3c754b768545473befbc3376
980253c860a1fb12,sketchfab,test,,,,,browser,,https://sketchfab.com/3d-models/none-12b2f5ff251b474ab082f946ffdd972f,https://media.sketchfab.com/models/12b2f5ff251b474ab082f946ffdd972f/thumbnails/72a0624b859a405eb7b59e3877abbb5f/300d87faec9949f3865618b79433d516.jpeg,2026-04-24T08:12:18.504479+00:00,s10659021,12b2f5ff251b474ab082f946ffdd972f
68b338b6bd8c5f89,sketchfab,teste,,,,,browser,,https://sketchfab.com/3d-models/none-4f0cf3952997481aa3db20d1dc594839,https://media.sketchfab.com/models/4f0cf3952997481aa3db20d1dc594839/thumbnails/9cf9659ba8ef40cebf4a1c463a6de4ca/304a6661363048bda6fbbed75ba16203.jpeg,2026-04-24T08:12:18.256531+00:00,Roberto.Tomazini,4f0cf3952997481aa3db20d1dc594839
a837b1555d979bb4,sketchfab,testing,,sketchup,,,browser,,https://sketchfab.com/3d-models/none-d25ee3aff04f4ffdb18371c9d4c7fa94,https://media.sketchfab.com/models/d25ee3aff04f4ffdb18371c9d4c7fa94/thumbnails/9d6f21f2a71648bb97f48c80298d25d5/ae992f838650443e827a11418fd9dcc3.jpeg,2026-04-24T08:12:18.698790+00:00,awkk,d25ee3aff04f4ffdb18371c9d4c7fa94
16c8eadd24713470,sketchfab,tinker,,,,,browser,,https://sketchfab.com/3d-models/none-edb61177590a47caa5735d68e206961f,https://media.sketchfab.com/models/edb61177590a47caa5735d68e206961f/thumbnails/a6c012d365d94e8392f4714074c0362e/0188a72dc8d1458fb73bcfac6ae66f28.jpeg,2026-04-24T08:12:18.465039+00:00,rkanishaa,edb61177590a47caa5735d68e206961f
e6568f17b241af02,sketchfab,untitled,,,,,browser,,https://sketchfab.com/3d-models/none-9b2a15dd56b946dea04f0b6e25c34ded,https://media.sketchfab.com/models/9b2a15dd56b946dea04f0b6e25c34ded/thumbnails/29c80c9b873b443b94c419c7c5b6aa66/6b663deb68ba49d9841160b97ee21d57.jpeg,2026-04-24T08:12:18.228429+00:00,yujiang2000,9b2a15dd56b946dea04f0b6e25c34ded
f70eb9c441c7bf02,sketchfab,verdiepingstrap keepboom den haag,http://staircon.com/ <br>Export by <b>TrapDirect</b> (lic 4558),stair | staircase | staircon,,,browser,78.8 KB,https://sketchfab.com/3d-models/none-3efa81e28eca451d94ac784ffe1a6d49,https://media.sketchfab.com/models/3efa81e28eca451d94ac784ffe1a6d49/thumbnails/3aefee1122054f5aab19a9ed849e519c/f8a994a3459c4c4594c6b8eb130cdaa7.jpeg,2026-04-24T08:12:18.472320+00:00,TrapDirect,3efa81e28eca451d94ac784ffe1a6d49
84eec219b9738cc4,sketchfab,wing,,,,,browser,,https://sketchfab.com/3d-models/none-bb2d26e5541d4256a21c7510e42fc9f6,https://media.sketchfab.com/models/bb2d26e5541d4256a21c7510e42fc9f6/thumbnails/69e51b4bfdbe4f7082f87472abebed46/14f33eed2ab245bfb897275a45bfc9a7.jpeg,2026-04-24T08:12:18.652947+00:00,Fluk.Songpon,bb2d26e5541d4256a21c7510e42fc9f6
50208ea2898a0d2d,sketchfab,zm_Cieślak popr1,,,,,browser,,https://sketchfab.com/3d-models/none-dfad6d0571c74fcea253d51088dcadf7,https://media.sketchfab.com/models/dfad6d0571c74fcea253d51088dcadf7/thumbnails/e549f00085a6456697ff263ab93474c7/79b177ff7eaa482280031d7fcaa969c6.jpeg,2026-04-24T08:12:18.330644+00:00,projekt14,dfad6d0571c74fcea253d51088dcadf7
9ecadd0598c6fa0b,sketchfab,Андрей дом,,,,,browser,,https://sketchfab.com/3d-models/none-24444ab2b6bf42e09bf22517078a47de,https://media.sketchfab.com/models/24444ab2b6bf42e09bf22517078a47de/thumbnails/b675ddcabd3046a7a4754dae49f62423/4b9730f68b64402fafadabd83a600d5d.jpeg,2026-04-24T08:12:18.350811+00:00,DanilovIon,24444ab2b6bf42e09bf22517078a47de
c3bfe352288d448c,sketchfab,Имайкин Иван_Экзамен,,,,,browser,,https://sketchfab.com/3d-models/none-f54e1415c26b408c9c914f2fc28ad05c,https://media.sketchfab.com/models/f54e1415c26b408c9c914f2fc28ad05c/thumbnails/89ad5f5a3f7148a7aed0f0e2c851a038/bc2495e5a5d245b6b1c96e966d8dd3f4.jpeg,2026-04-24T08:12:18.561507+00:00,3DBASE,f54e1415c26b408c9c914f2fc28ad05c
bb1cec9ad9a2042d,sketchfab,ชั้น3 ภาควิชาครุศาสตร์โยธา,,,,,browser,,https://sketchfab.com/3d-models/none-d79c16c12f0a499bbbb4c19ea52a757f,https://media.sketchfab.com/models/d79c16c12f0a499bbbb4c19ea52a757f/thumbnails/23f3f628e1cd49d8b4c14382d36fca8a/48197d7755b840fe931be70749dc3f77.jpeg,2026-04-24T08:12:18.344233+00:00,Panumas,d79c16c12f0a499bbbb4c19ea52a757f
0e941d169d425617,sketchfab,ชั้น8 ภาควิชาครุศาสตร์เทคโนโลยีการพิมพ์,,,,,browser,,https://sketchfab.com/3d-models/none-9856ca49699c4c7992030ef203a9f2ba,https://media.sketchfab.com/models/9856ca49699c4c7992030ef203a9f2ba/thumbnails/3e62af815c424aa0a040dca62fa1a4b0/3c3e5974457749379fef7775aa69a682.jpeg,2026-04-24T08:12:18.225566+00:00,Pratthana-Ainson,9856ca49699c4c7992030ef203a9f2ba
9243fbfc482053de,sketchfab,บางสวรรค์,,,,,browser,,https://sketchfab.com/3d-models/none-e4a8bc71d048436b89a7da08606e52c7,https://media.sketchfab.com/models/e4a8bc71d048436b89a7da08606e52c7/thumbnails/5b81a19753b945f983fbbb095b278308/426862d569b248699d941a47f8aae762.jpeg,2026-04-24T08:12:18.773089+00:00,akkaradech,e4a8bc71d048436b89a7da08606e52c7
8c8d54b85a645f17,sketchfab,坪林虎字碑,,metashape | agisoft,,,browser,,https://sketchfab.com/3d-models/none-5ae7d0c78c954612b2bbe22bf3d91522,https://media.sketchfab.com/models/5ae7d0c78c954612b2bbe22bf3d91522/thumbnails/43468fa1f7ba49bf9d2b4a900b7b243d/e6835f22429647739d96c4532cccb4ae.jpeg,2026-04-24T08:12:18.304441+00:00,u9742001,5ae7d0c78c954612b2bbe22bf3d91522
9c3ccb5da03431b8,sketchfab,收音机黑,第一次,,,,browser,,https://sketchfab.com/3d-models/none-a9081ad778114c0bad0882497e2b5520,https://media.sketchfab.com/models/a9081ad778114c0bad0882497e2b5520/thumbnails/e857d37a26264edd8acfaabf8c7feda8/ab6d01b3a6ed4f6c91342b9606c86eb1.jpeg,2026-04-24T08:12:18.836668+00:00,TryGreen,a9081ad778114c0bad0882497e2b5520
33c0aeda8305014f,sketchfab,特拉锚,,,,,browser,,https://sketchfab.com/3d-models/none-2d620308edd44bf5b09bb0eb47fd90f1,https://media.sketchfab.com/models/2d620308edd44bf5b09bb0eb47fd90f1/thumbnails/c3b7e1ab27da46d983472ada886bc240/ab49ca498e59445e8e19f0543e14e974.jpeg,2026-04-24T08:12:18.875128+00:00,111999111999,2d620308edd44bf5b09bb0eb47fd90f1
cb1d9a455d9fc0df,threejs,Css2D Label,Three.js css2d example: css2d_label,css2d,css2d,Three.js,browser,,https://threejs.org/examples/css2d_label.html,,2026-04-24T08:12:39.589057+00:00,three.js,css2d_label
20a9920d60349e34,threejs,Css3D Mixed,Three.js css3d example: css3d_mixed,css3d,css3d,Three.js,browser,,https://threejs.org/examples/css3d_mixed.html,,2026-04-24T08:12:39.592665+00:00,three.js,css3d_mixed
471d47e3d8c7989e,threejs,Css3D Molecules,Three.js css3d example: css3d_molecules,css3d,css3d,Three.js,browser,,https://threejs.org/examples/css3d_molecules.html,,2026-04-24T08:12:39.596251+00:00,three.js,css3d_molecules
5b1942dd59a1f587,threejs,Css3D Orthographic,Three.js css3d example: css3d_orthographic,css3d,css3d,Three.js,browser,,https://threejs.org/examples/css3d_orthographic.html,,2026-04-24T08:12:39.599872+00:00,three.js,css3d_orthographic
676a6506d4a75212,threejs,Css3D Periodictable,Three.js css3d example: css3d_periodictable,css3d,css3d,Three.js,browser,,https://threejs.org/examples/css3d_periodictable.html,,2026-04-24T08:12:39.602789+00:00,three.js,css3d_periodictable
116ee7e6166bd128,threejs,Css3D Sandbox,Three.js css3d example: css3d_sandbox,css3d,css3d,Three.js,browser,,https://threejs.org/examples/css3d_sandbox.html,,2026-04-24T08:12:39.604997+00:00,three.js,css3d_sandbox
5f15122f9ad6e0d7,threejs,Css3D Sprites,Three.js css3d example: css3d_sprites,css3d,css3d,Three.js,browser,,https://threejs.org/examples/css3d_sprites.html,,2026-04-24T08:12:39.608421+00:00,three.js,css3d_sprites
c21fa58db6e4486e,threejs,Css3D Youtube,Three.js css3d example: css3d_youtube,css3d,css3d,Three.js,browser,,https://threejs.org/examples/css3d_youtube.html,,2026-04-24T08:12:39.611922+00:00,three.js,css3d_youtube
cd74d997f5cd1455,threejs,Games Fps,Three.js games example: games_fps,games,games,Three.js,browser,,https://threejs.org/examples/games_fps.html,,2026-04-24T08:12:39.480678+00:00,three.js,games_fps
302cb90dd2859c0e,threejs,Misc Animation Groups,Three.js misc example: misc_animation_groups,misc,misc,Three.js,browser,,https://threejs.org/examples/misc_animation_groups.html,,2026-04-24T08:12:39.524326+00:00,three.js,misc_animation_groups
efa703410b39e1ae,threejs,Misc Animation Keys,Three.js misc example: misc_animation_keys,misc,misc,Three.js,browser,,https://threejs.org/examples/misc_animation_keys.html,,2026-04-24T08:12:39.527814+00:00,three.js,misc_animation_keys
b3285d05f384759d,threejs,Misc Boxselection,Three.js misc example: misc_boxselection,misc,misc,Three.js,browser,,https://threejs.org/examples/misc_boxselection.html,,2026-04-24T08:12:39.530690+00:00,three.js,misc_boxselection
94d518b35ce9d378,threejs,Misc Controls Arcball,Three.js misc example: misc_controls_arcball,rotation,misc,Three.js,browser,,https://threejs.org/examples/misc_controls_arcball.html,,2026-04-24T08:12:39.532834+00:00,three.js,misc_controls_arcball
2862537a027ed601,threejs,Misc Controls Drag,Three.js misc example: misc_controls_drag,translate,misc,Three.js,browser,,https://threejs.org/examples/misc_controls_drag.html,,2026-04-24T08:12:39.536463+00:00,three.js,misc_controls_drag
dec391a855ada1e6,threejs,Misc Controls Fly,Three.js misc example: misc_controls_fly,misc,misc,Three.js,browser,,https://threejs.org/examples/misc_controls_fly.html,,2026-04-24T08:12:39.540240+00:00,three.js,misc_controls_fly
f8013a55dde8d909,threejs,Misc Controls Map,Three.js misc example: misc_controls_map,drag,misc,Three.js,browser,,https://threejs.org/examples/misc_controls_map.html,,2026-04-24T08:12:39.543778+00:00,three.js,misc_controls_map
7bb678150f88aef1,threejs,Misc Controls Orbit,Three.js misc example: misc_controls_orbit,rotation,misc,Three.js,browser,,https://threejs.org/examples/misc_controls_orbit.html,,2026-04-24T08:12:39.546740+00:00,three.js,misc_controls_orbit
51deae2b530422d1,threejs,Misc Controls Pointerlock,Three.js misc example: misc_controls_pointerlock,misc,misc,Three.js,browser,,https://threejs.org/examples/misc_controls_pointerlock.html,,2026-04-24T08:12:39.549413+00:00,three.js,misc_controls_pointerlock
9ed37bfc6973355d,threejs,Misc Controls Trackball,Three.js misc example: misc_controls_trackball,rotation,misc,Three.js,browser,,https://threejs.org/examples/misc_controls_trackball.html,,2026-04-24T08:12:39.552336+00:00,three.js,misc_controls_trackball
0f42537952618d41,threejs,Misc Controls Transform,Three.js misc example: misc_controls_transform,scale | rotate | translate,misc,Three.js,browser,,https://threejs.org/examples/misc_controls_transform.html,,2026-04-24T08:12:39.556094+00:00,three.js,misc_controls_transform
2dcc5d463f05eb29,threejs,Misc Exporter Draco,Three.js misc example: misc_exporter_draco,misc,misc,Three.js,browser,,https://threejs.org/examples/misc_exporter_draco.html,,2026-04-24T08:12:39.558920+00:00,three.js,misc_exporter_draco
dba8e0758fb73e8d,threejs,Misc Exporter Exr,Three.js misc example: misc_exporter_exr,misc,misc,Three.js,browser,,https://threejs.org/examples/misc_exporter_exr.html,,2026-04-24T08:12:39.580296+00:00,three.js,misc_exporter_exr
e5a0e71c28f873d7,threejs,Misc Exporter Gcode,Three.js misc example: misc_exporter_gcode,community,misc,Three.js,browser,,https://threejs.org/examples/misc_exporter_gcode.html,,2026-04-24T08:12:39.561125+00:00,three.js,misc_exporter_gcode
ebbca3feeb16130e,threejs,Misc Exporter Gltf,Three.js misc example: misc_exporter_gltf,misc,misc,Three.js,browser,,https://threejs.org/examples/misc_exporter_gltf.html,,2026-04-24T08:12:39.564538+00:00,three.js,misc_exporter_gltf
febc52be928d08b8,threejs,Misc Exporter Ktx2,Three.js misc example: misc_exporter_ktx2,misc,misc,Three.js,browser,,https://threejs.org/examples/misc_exporter_ktx2.html,,2026-04-24T08:12:39.583915+00:00,three.js,misc_exporter_ktx2
d930f57fd2d2cf0b,threejs,Misc Exporter Obj,Three.js misc example: misc_exporter_obj,misc,misc,Three.js,browser,,https://threejs.org/examples/misc_exporter_obj.html,,2026-04-24T08:12:39.568086+00:00,three.js,misc_exporter_obj
c270405431f11569,threejs,Misc Exporter Ply,Three.js misc example: misc_exporter_ply,misc,misc,Three.js,browser,,https://threejs.org/examples/misc_exporter_ply.html,,2026-04-24T08:12:39.570885+00:00,three.js,misc_exporter_ply
5105df2f07e55e2d,threejs,Misc Exporter Stl,Three.js misc example: misc_exporter_stl,misc,misc,Three.js,browser,,https://threejs.org/examples/misc_exporter_stl.html,,2026-04-24T08:12:39.572982+00:00,three.js,misc_exporter_stl
dba8cbc355d4da98,threejs,Misc Exporter Usdz,Three.js misc example: misc_exporter_usdz,misc,misc,Three.js,browser,,https://threejs.org/examples/misc_exporter_usdz.html,,2026-04-24T08:12:39.576366+00:00,three.js,misc_exporter_usdz
09f3464468871a60,threejs,Misc Raycaster Helper,Three.js misc example: misc_raycaster_helper,community,misc,Three.js,browser,,https://threejs.org/examples/misc_raycaster_helper.html,,2026-04-24T08:12:39.586806+00:00,three.js,misc_raycaster_helper
0745f1af5ee02066,threejs,Misc Uv Tests,Three.js tests example: misc_uv_tests,tests,tests,Three.js,browser,,https://threejs.org/examples/misc_uv_tests.html,,2026-04-24T08:12:39.624071+00:00,three.js,misc_uv_tests
623b08b578189580,threejs,Physics Ammo Break,Three.js physics example: physics_ammo_break,community,physics,Three.js,browser,,https://threejs.org/examples/physics_ammo_break.html,,2026-04-24T08:12:39.484103+00:00,three.js,physics_ammo_break
8ea281f4cbf23950,threejs,Physics Ammo Cloth,Three.js physics example: physics_ammo_cloth,integration | community,physics,Three.js,browser,,https://threejs.org/examples/physics_ammo_cloth.html,,2026-04-24T08:12:39.487109+00:00,three.js,physics_ammo_cloth
b39c9396a5d479f6,threejs,Physics Ammo Instancing,Three.js physics example: physics_ammo_instancing,community,physics,Three.js,browser,,https://threejs.org/examples/physics_ammo_instancing.html,,2026-04-24T08:12:39.489500+00:00,three.js,physics_ammo_instancing
44e7d6fb9ad24ac3,threejs,Physics Ammo Rope,Three.js physics example: physics_ammo_rope,community,physics,Three.js,browser,,https://threejs.org/examples/physics_ammo_rope.html,,2026-04-24T08:12:39.492327+00:00,three.js,physics_ammo_rope
8b1e3670c1938947,threejs,Physics Ammo Terrain,Three.js physics example: physics_ammo_terrain,community,physics,Three.js,browser,,https://threejs.org/examples/physics_ammo_terrain.html,,2026-04-24T08:12:39.495876+00:00,three.js,physics_ammo_terrain
bc85deebe0b6fff8,threejs,Physics Ammo Volume,Three.js physics example: physics_ammo_volume,community,physics,Three.js,browser,,https://threejs.org/examples/physics_ammo_volume.html,,2026-04-24T08:12:39.498794+00:00,three.js,physics_ammo_volume
530dd6a4634a9073,threejs,Physics Jolt Instancing,Three.js physics example: physics_jolt_instancing,community,physics,Three.js,browser,,https://threejs.org/examples/physics_jolt_instancing.html,,2026-04-24T08:12:39.500992+00:00,three.js,physics_jolt_instancing
dd943ce6ba8eb3fc,threejs,Physics Rapier Basic,Three.js physics example: physics_rapier_basic,community,physics,Three.js,browser,,https://threejs.org/examples/physics_rapier_basic.html,,2026-04-24T08:12:39.504580+00:00,three.js,physics_rapier_basic
913b22f88af796e2,threejs,Physics Rapier Character Controller,Three.js physics example: physics_rapier_character_controller,community,physics,Three.js,browser,,https://threejs.org/examples/physics_rapier_character_controller.html,,2026-04-24T08:12:39.514934+00:00,three.js,physics_rapier_character_controller
e465f024eb0ede18,threejs,Physics Rapier Instancing,Three.js physics example: physics_rapier_instancing,community,physics,Three.js,browser,,https://threejs.org/examples/physics_rapier_instancing.html,,2026-04-24T08:12:39.508284+00:00,three.js,physics_rapier_instancing
f7915bb67f7e4056,threejs,Physics Rapier Joints,Three.js physics example: physics_rapier_joints,community,physics,Three.js,browser,,https://threejs.org/examples/physics_rapier_joints.html,,2026-04-24T08:12:39.512082+00:00,three.js,physics_rapier_joints
c98ccd9217c87366,threejs,Physics Rapier Terrain,Three.js physics example: physics_rapier_terrain,physics,physics,Three.js,browser,,https://threejs.org/examples/physics_rapier_terrain.html,,2026-04-24T08:12:39.520815+00:00,three.js,physics_rapier_terrain
bc64bb3ebf37d747,threejs,Physics Rapier Vehicle Controller,Three.js physics example: physics_rapier_vehicle_controller,community,physics,Three.js,browser,,https://threejs.org/examples/physics_rapier_vehicle_controller.html,,2026-04-24T08:12:39.517073+00:00,three.js,physics_rapier_vehicle_controller
99e06e073d86acff,threejs,Svg Lines,Three.js svg example: svg_lines,svg,svg,Three.js,browser,,https://threejs.org/examples/svg_lines.html,,2026-04-24T08:12:39.614759+00:00,three.js,svg_lines
f4a066e9459f9b79,threejs,Svg Sandbox,Three.js svg example: svg_sandbox,svg,svg,Three.js,browser,,https://threejs.org/examples/svg_sandbox.html,,2026-04-24T08:12:39.617043+00:00,three.js,svg_sandbox
1513348847315445,threejs,Webaudio Orientation,Three.js webaudio example: webaudio_orientation,webaudio,webaudio,Three.js,browser,,https://threejs.org/examples/webaudio_orientation.html,,2026-04-24T08:12:39.384468+00:00,three.js,webaudio_orientation
f89b4bc4417c337b,threejs,Webaudio Sandbox,Three.js webaudio example: webaudio_sandbox,webaudio,webaudio,Three.js,browser,,https://threejs.org/examples/webaudio_sandbox.html,,2026-04-24T08:12:39.388103+00:00,three.js,webaudio_sandbox
8b75dbb78f690ef9,threejs,Webaudio Timing,Three.js webaudio example: webaudio_timing,webaudio,webaudio,Three.js,browser,,https://threejs.org/examples/webaudio_timing.html,,2026-04-24T08:12:39.391024+00:00,three.js,webaudio_timing
3472fa7e9999dce1,threejs,Webaudio Visualizer,Three.js webaudio example: webaudio_visualizer,webaudio,webaudio,Three.js,browser,,https://threejs.org/examples/webaudio_visualizer.html,,2026-04-24T08:12:39.393408+00:00,three.js,webaudio_visualizer
f5e6e97c6acba5d1,threejs,Webgl Animation Keyframes,Three.js webgl example: webgl_animation_keyframes,webgl,webgl,Three.js,browser,,https://threejs.org/examples/webgl_animation_keyframes.html,,2026-04-24T08:12:37.776205+00:00,three.js,webgl_animation_keyframes
4a14156a04dca353,threejs,Webgl Animation Multiple,Three.js webgl example: webgl_animation_multiple,webgl,webgl,Three.js,browser,,https://threejs.org/examples/webgl_animation_multiple.html,,2026-04-24T08:12:37.796737+00:00,three.js,webgl_animation_multiple
9bae747406dc8af3,threejs,Webgl Animation Skinning Additive Blending,Three.js webgl example: webgl_animation_skinning_additive_blending,webgl,webgl,Three.js,browser,,https://threejs.org/examples/webgl_animation_skinning_additive_blending.html,,2026-04-24T08:12:37.784611+00:00,three.js,webgl_animation_skinning_additive_blending
9f2f43fb5ea373b6,threejs,Webgl Animation Skinning Blending,Three.js webgl example: webgl_animation_skinning_blending,webgl,webgl,Three.js,browser,,https://threejs.org/examples/webgl_animation_skinning_blending.html,,2026-04-24T08:12:37.780358+00:00,three.js,webgl_animation_skinning_blending
6b04d99b6f4896d2,threejs,Webgl Animation Skinning Ik,Three.js webgl example: webgl_animation_skinning_ik,webgl,webgl,Three.js,browser,,https://threejs.org/examples/webgl_animation_skinning_ik.html,,2026-04-24T08:12:37.788889+00:00,three.js,webgl_animation_skinning_ik
e29110a7f2ac7456,threejs,Webgl Animation Skinning Morph,Three.js webgl example: webgl_animation_skinning_morph,webgl,webgl,Three.js,browser,,https://threejs.org/examples/webgl_animation_skinning_morph.html,,2026-04-24T08:12:37.792882+00:00,three.js,webgl_animation_skinning_morph
be526646eadd66f1,threejs,Webgl Animation Walk,Three.js webgl example: webgl_animation_walk,webgl,webgl,Three.js,browser,,https://threejs.org/examples/webgl_animation_walk.html,,2026-04-24T08:12:37.800488+00:00,three.js,webgl_animation_walk
6c04bf3a5e7c9078,threejs,Webgl Batch Lod Bvh,Three.js webgl example: webgl_batch_lod_bvh,community | accelerate | performance | extension | plugin | library | three.ez,webgl,Three.js,browser,,https://threejs.org/examples/webgl_batch_lod_bvh.html,,2026-04-24T08:12:37.804174+00:00,three.js,webgl_batch_lod_bvh
ca0201e764ae380d,threejs,Webgl Buffergeometry,Three.js webgl / advanced example: webgl_buffergeometry,webgl-/-advanced,webgl / advanced,Three.js,browser,,https://threejs.org/examples/webgl_buffergeometry.html,,2026-04-24T08:12:38.564043+00:00,three.js,webgl_buffergeometry
cbaeb0613b936921,threejs,Webgl Buffergeometry Attributes Integer,Three.js webgl / advanced example: webgl_buffergeometry_attributes_integer,webgl-/-advanced,webgl / advanced,Three.js,browser,,https://threejs.org/examples/webgl_buffergeometry_attributes_integer.html,,2026-04-24T08:12:38.567149+00:00,three.js,webgl_buffergeometry_attributes_integer
39ecc83e46cb9da0,threejs,Webgl Buffergeometry Attributes None,Three.js webgl / advanced example: webgl_buffergeometry_attributes_none,webgl-/-advanced,webgl / advanced,Three.js,browser,,https://threejs.org/examples/webgl_buffergeometry_attributes_none.html,,2026-04-24T08:12:38.569586+00:00,three.js,webgl_buffergeometry_attributes_none
b14875e8a9d40073,threejs,Webgl Buffergeometry Custom Attributes Particles,Three.js webgl / advanced example: webgl_buffergeometry_custom_attributes_particles,webgl-/-advanced,webgl / advanced,Three.js,browser,,https://threejs.org/examples/webgl_buffergeometry_custom_attributes_particles.html,,2026-04-24T08:12:38.572747+00:00,three.js,webgl_buffergeometry_custom_attributes_particles
5ccbf2c56b064ac8,threejs,Webgl Buffergeometry Drawrange,Three.js webgl / advanced example: webgl_buffergeometry_drawrange,webgl-/-advanced,webgl / advanced,Three.js,browser,,https://threejs.org/examples/webgl_buffergeometry_drawrange.html,,2026-04-24T08:12:38.576409+00:00,three.js,webgl_buffergeometry_drawrange
f01d6a6ed86612b1,threejs,Webgl Buffergeometry Glbufferattribute,Three.js webgl / advanced example: webgl_buffergeometry_glbufferattribute,webgl-/-advanced,webgl / advanced,Three.js,browser,,https://threejs.org/examples/webgl_buffergeometry_glbufferattribute.html,,2026-04-24T08:12:38.580285+00:00,three.js,webgl_buffergeometry_glbufferattribute
5effbcdfff0334dd,threejs,Webgl Buffergeometry Indexed,Three.js webgl / advanced example: webgl_buffergeometry_indexed,webgl-/-advanced,webgl / advanced,Three.js,browser,,https://threejs.org/examples/webgl_buffergeometry_indexed.html,,2026-04-24T08:12:38.584086+00:00,three.js,webgl_buffergeometry_indexed
23aaae5565e658b3,threejs,Webgl Buffergeometry Instancing,Three.js webgl / advanced example: webgl_buffergeometry_instancing,webgl-/-advanced,webgl / advanced,Three.js,browser,,https://threejs.org/examples/webgl_buffergeometry_instancing.html,,2026-04-24T08:12:38.586969+00:00,three.js,webgl_buffergeometry_instancing
bf0c0d5c0fb9474d,threejs,Webgl Buffergeometry Instancing Billboards,Three.js webgl / advanced example: webgl_buffergeometry_instancing_billboards,webgl-/-advanced,webgl / advanced,Three.js,browser,,https://threejs.org/examples/webgl_buffergeometry_instancing_billboards.html,,2026-04-24T08:12:38.589160+00:00,three.js,webgl_buffergeometry_instancing_billboards
555149653d631457,threejs,Webgl Buffergeometry Instancing Interleaved,Three.js webgl / advanced example: webgl_buffergeometry_instancing_interleaved,webgl-/-advanced,webgl / advanced,Three.js,browser,,https://threejs.org/examples/webgl_buffergeometry_instancing_interleaved.html,,2026-04-24T08:12:38.592745+00:00,three.js,webgl_buffergeometry_instancing_interleaved
6361b98a625a43d0,threejs,Webgl Buffergeometry Lines,Three.js webgl / advanced example: webgl_buffergeometry_lines,webgl-/-advanced,webgl / advanced,Three.js,browser,,https://threejs.org/examples/webgl_buffergeometry_lines.html,,2026-04-24T08:12:38.596305+00:00,three.js,webgl_buffergeometry_lines
4dee611bec627706,threejs,Webgl Buffergeometry Lines Indexed,Three.js webgl / advanced example: webgl_buffergeometry_lines_indexed,webgl-/-advanced,webgl / advanced,Three.js,browser,,https://threejs.org/examples/webgl_buffergeometry_lines_indexed.html,,2026-04-24T08:12:38.599790+00:00,three.js,webgl_buffergeometry_lines_indexed
4b73680515936c3d,threejs,Webgl Buffergeometry Points,Three.js webgl / advanced example: webgl_buffergeometry_points,webgl-/-advanced,webgl / advanced,Three.js,browser,,https://threejs.org/examples/webgl_buffergeometry_points.html,,2026-04-24T08:12:38.602829+00:00,three.js,webgl_buffergeometry_points
c11626608816b92e,threejs,Webgl Buffergeometry Points Interleaved,Three.js webgl / advanced example: webgl_buffergeometry_points_interleaved,webgl-/-advanced,webgl / advanced,Three.js,browser,,https://threejs.org/examples/webgl_buffergeometry_points_interleaved.html,,2026-04-24T08:12:38.605072+00:00,three.js,webgl_buffergeometry_points_interleaved
a09e5e4a989c9488,threejs,Webgl Buffergeometry Rawshader,Three.js webgl / advanced example: webgl_buffergeometry_rawshader,webgl-/-advanced,webgl / advanced,Three.js,browser,,https://threejs.org/examples/webgl_buffergeometry_rawshader.html,,2026-04-24T08:12:38.608620+00:00,three.js,webgl_buffergeometry_rawshader
fb86492baa1e11c2,threejs,Webgl Buffergeometry Selective Draw,Three.js webgl / advanced example: webgl_buffergeometry_selective_draw,webgl-/-advanced,webgl / advanced,Three.js,browser,,https://threejs.org/examples/webgl_buffergeometry_selective_draw.html,,2026-04-24T08:12:38.612229+00:00,three.js,webgl_buffergeometry_selective_draw
29ca08361dbea8b2,threejs,Webgl Buffergeometry Uint,Three.js webgl / advanced example: webgl_buffergeometry_uint,webgl-/-advanced,webgl / advanced,Three.js,browser,,https://threejs.org/examples/webgl_buffergeometry_uint.html,,2026-04-24T08:12:38.615987+00:00,three.js,webgl_buffergeometry_uint
e89585cf10d074b6,threejs,Webgl Camera,Three.js webgl example: webgl_camera,webgl,webgl,Three.js,browser,,https://threejs.org/examples/webgl_camera.html,,2026-04-24T08:12:37.808051+00:00,three.js,webgl_camera
b230ad6755a7608d,threejs,Webgl Camera Array,Three.js webgl example: webgl_camera_array,webgl,webgl,Three.js,browser,,https://threejs.org/examples/webgl_camera_array.html,,2026-04-24T08:12:37.811174+00:00,three.js,webgl_camera_array
9f72913b0eb363cb,threejs,Webgl Camera Logarithmicdepthbuffer,Three.js webgl example: webgl_camera_logarithmicdepthbuffer,webgl,webgl,Three.js,browser,,https://threejs.org/examples/webgl_camera_logarithmicdepthbuffer.html,,2026-04-24T08:12:37.813508+00:00,three.js,webgl_camera_logarithmicdepthbuffer
cbca15a476defedd,threejs,Webgl Clipculldistance,Three.js webgl / advanced example: webgl_clipculldistance,webgl-/-advanced,webgl / advanced,Three.js,browser,,https://threejs.org/examples/webgl_clipculldistance.html,,2026-04-24T08:12:38.618783+00:00,three.js,webgl_clipculldistance
d489305cd5e6dc52,threejs,Webgl Clipping,Three.js webgl example: webgl_clipping,solid,webgl,Three.js,browser,,https://threejs.org/examples/webgl_clipping.html,,2026-04-24T08:12:37.816577+00:00,three.js,webgl_clipping
c14b9b24891700ba,threejs,Webgl Clipping Advanced,Three.js webgl example: webgl_clipping_advanced,solid,webgl,Three.js,browser,,https://threejs.org/examples/webgl_clipping_advanced.html,,2026-04-24T08:12:37.820505+00:00,three.js,webgl_clipping_advanced
7d06c2c8d8a0e563,threejs,Webgl Clipping Intersection,Three.js webgl example: webgl_clipping_intersection,solid,webgl,Three.js,browser,,https://threejs.org/examples/webgl_clipping_intersection.html,,2026-04-24T08:12:37.824168+00:00,three.js,webgl_clipping_intersection
a6c58f5f9c3ed1f6,threejs,Webgl Clipping Stencil,Three.js webgl example: webgl_clipping_stencil,solid,webgl,Three.js,browser,,https://threejs.org/examples/webgl_clipping_stencil.html,,2026-04-24T08:12:37.827054+00:00,three.js,webgl_clipping_stencil
fdebf91a0ba250e6,threejs,Webgl Custom Attributes,Three.js webgl / advanced example: webgl_custom_attributes,webgl-/-advanced,webgl / advanced,Three.js,browser,,https://threejs.org/examples/webgl_custom_attributes.html,,2026-04-24T08:12:38.620927+00:00,three.js,webgl_custom_attributes
10391a3f6be77440,threejs,Webgl Custom Attributes Lines,Three.js webgl / advanced example: webgl_custom_attributes_lines,webgl-/-advanced,webgl / advanced,Three.js,browser,,https://threejs.org/examples/webgl_custom_attributes_lines.html,,2026-04-24T08:12:38.624405+00:00,three.js,webgl_custom_attributes_lines
855228ee042dede8,threejs,Webgl Custom Attributes Points,Three.js webgl / advanced example: webgl_custom_attributes_points,webgl-/-advanced,webgl / advanced,Three.js,browser,,https://threejs.org/examples/webgl_custom_attributes_points.html,,2026-04-24T08:12:38.628121+00:00,three.js,webgl_custom_attributes_points
7a573a75d945b9e3,threejs,Webgl Custom Attributes Points2,Three.js webgl / advanced example: webgl_custom_attributes_points2,webgl-/-advanced,webgl / advanced,Three.js,browser,,https://threejs.org/examples/webgl_custom_attributes_points2.html,,2026-04-24T08:12:38.631130+00:00,three.js,webgl_custom_attributes_points2
45a0c5010a6a13b4,threejs,Webgl Custom Attributes Points3,Three.js webgl / advanced example: webgl_custom_attributes_points3,webgl-/-advanced,webgl / advanced,Three.js,browser,,https://threejs.org/examples/webgl_custom_attributes_points3.html,,2026-04-24T08:12:38.633298+00:00,three.js,webgl_custom_attributes_points3
577242676eeeaf44,threejs,Webgl Decals,Three.js webgl example: webgl_decals,normals,webgl,Three.js,browser,,https://threejs.org/examples/webgl_decals.html,,2026-04-24T08:12:37.829189+00:00,three.js,webgl_decals
e150eb9e6e9393ea,threejs,Webgl Depth Texture,Three.js webgl example: webgl_depth_texture,renderTarget,webgl,Three.js,browser,,https://threejs.org/examples/webgl_depth_texture.html,,2026-04-24T08:12:37.832699+00:00,three.js,webgl_depth_texture
130e6e4268cf0e54,threejs,Webgl Effects Anaglyph,Three.js webgl example: webgl_effects_anaglyph,webgl,webgl,Three.js,browser,,https://threejs.org/examples/webgl_effects_anaglyph.html,,2026-04-24T08:12:37.836281+00:00,three.js,webgl_effects_anaglyph
ccc665d7c8ecdbdd,threejs,Webgl Effects Ascii,Three.js webgl example: webgl_effects_ascii,webgl,webgl,Three.js,browser,,https://threejs.org/examples/webgl_effects_ascii.html,,2026-04-24T08:12:37.839921+00:00,three.js,webgl_effects_ascii
d234150375062327,threejs,Webgl Effects Parallaxbarrier,Three.js webgl example: webgl_effects_parallaxbarrier,webgl,webgl,Three.js,browser,,https://threejs.org/examples/webgl_effects_parallaxbarrier.html,,2026-04-24T08:12:37.842721+00:00,three.js,webgl_effects_parallaxbarrier
e4b9951f5fea8acd,threejs,Webgl Effects Stereo,Three.js webgl example: webgl_effects_stereo,webgl,webgl,Three.js,browser,,https://threejs.org/examples/webgl_effects_stereo.html,,2026-04-24T08:12:37.845700+00:00,three.js,webgl_effects_stereo
8bf137f17f9a4bb6,threejs,Webgl Framebuffer Texture,Three.js webgl example: webgl_framebuffer_texture,renderTarget,webgl,Three.js,browser,,https://threejs.org/examples/webgl_framebuffer_texture.html,,2026-04-24T08:12:37.848494+00:00,three.js,webgl_framebuffer_texture
80919f4d2631f883,threejs,Webgl Furnace Test,Three.js tests example: webgl_furnace_test,tests,tests,Three.js,browser,,https://threejs.org/examples/webgl_furnace_test.html,,2026-04-24T08:12:39.620575+00:00,three.js,webgl_furnace_test
d48f3a4600165688,threejs,Webgl Geometries,Three.js webgl example: webgl_geometries,geometry,webgl,Three.js,browser,,https://threejs.org/examples/webgl_geometries.html,,2026-04-24T08:12:37.851970+00:00,three.js,webgl_geometries
03b67dac3f3330d5,threejs,Webgl Geometry Colors,Three.js webgl example: webgl_geometry_colors,webgl,webgl,Three.js,browser,,https://threejs.org/examples/webgl_geometry_colors.html,,2026-04-24T08:12:37.854764+00:00,three.js,webgl_geometry_colors
18461889c98172af,threejs,Webgl Geometry Colors Lookuptable,Three.js webgl example: webgl_geometry_colors_lookuptable,vertex,webgl,Three.js,browser,,https://threejs.org/examples/webgl_geometry_colors_lookuptable.html,,2026-04-24T08:12:37.857016+00:00,three.js,webgl_geometry_colors_lookuptable
e1f43e4093cf3a12,threejs,Webgl Geometry Convex,Three.js webgl example: webgl_geometry_convex,webgl,webgl,Three.js,browser,,https://threejs.org/examples/webgl_geometry_convex.html,,2026-04-24T08:12:37.860842+00:00,three.js,webgl_geometry_convex
dbf727d15251e4eb,threejs,Webgl Geometry Csg,Three.js webgl example: webgl_geometry_csg,community | csg | bvh | constructive | solid | geometry | games | level,webgl,Three.js,browser,,https://threejs.org/examples/webgl_geometry_csg.html,,2026-04-24T08:12:37.864699+00:00,three.js,webgl_geometry_csg
f4a22e3eb5956d7b,threejs,Webgl Geometry Cube,Three.js webgl example: webgl_geometry_cube,webgl,webgl,Three.js,browser,,https://threejs.org/examples/webgl_geometry_cube.html,,2026-04-24T08:12:37.868659+00:00,three.js,webgl_geometry_cube
2fa7e4501b67da01,threejs,Webgl Geometry Extrude Shapes,Three.js webgl example: webgl_geometry_extrude_shapes,webgl,webgl,Three.js,browser,,https://threejs.org/examples/webgl_geometry_extrude_shapes.html,,2026-04-24T08:12:37.872393+00:00,three.js,webgl_geometry_extrude_shapes
36f478b75a76516c,threejs,Webgl Geometry Extrude Splines,Three.js webgl example: webgl_geometry_extrude_splines,webgl,webgl,Three.js,browser,,https://threejs.org/examples/webgl_geometry_extrude_splines.html,,2026-04-24T08:12:37.875953+00:00,three.js,webgl_geometry_extrude_splines
7f25de02243df5da,threejs,Webgl Geometry Minecraft,Three.js webgl example: webgl_geometry_minecraft,webgl,webgl,Three.js,browser,,https://threejs.org/examples/webgl_geometry_minecraft.html,,2026-04-24T08:12:37.878920+00:00,three.js,webgl_geometry_minecraft
e61ef636eb1de01f,threejs,Webgl Geometry Nurbs,Three.js webgl example: webgl_geometry_nurbs,curve | surface,webgl,Three.js,browser,,https://threejs.org/examples/webgl_geometry_nurbs.html,,2026-04-24T08:12:37.881278+00:00,three.js,webgl_geometry_nurbs
8a27adf32407a18c,threejs,Webgl Geometry Shapes,Three.js webgl example: webgl_geometry_shapes,webgl,webgl,Three.js,browser,,https://threejs.org/examples/webgl_geometry_shapes.html,,2026-04-24T08:12:37.884986+00:00,three.js,webgl_geometry_shapes
37c7ec9ec47c2f23,threejs,Webgl Geometry Spline Editor,Three.js webgl example: webgl_geometry_spline_editor,curve,webgl,Three.js,browser,,https://threejs.org/examples/webgl_geometry_spline_editor.html,,2026-04-24T08:12:37.888640+00:00,three.js,webgl_geometry_spline_editor
8d60926f59c5a55b,threejs,Webgl Geometry Teapot,Three.js webgl example: webgl_geometry_teapot,webgl,webgl,Three.js,browser,,https://threejs.org/examples/webgl_geometry_teapot.html,,2026-04-24T08:12:37.892434+00:00,three.js,webgl_geometry_teapot
096eb67140a8d195,threejs,Webgl Geometry Terrain,Three.js webgl example: webgl_geometry_terrain,fog,webgl,Three.js,browser,,https://threejs.org/examples/webgl_geometry_terrain.html,,2026-04-24T08:12:37.896394+00:00,three.js,webgl_geometry_terrain
422eb44a7de62897,threejs,Webgl Geometry Terrain Raycast,Three.js webgl example: webgl_geometry_terrain_raycast,webgl,webgl,Three.js,browser,,https://threejs.org/examples/webgl_geometry_terrain_raycast.html,,2026-04-24T08:12:37.899974+00:00,three.js,webgl_geometry_terrain_raycast
6eb1859b20bd4e3d,threejs,Webgl Geometry Text,Three.js webgl example: webgl_geometry_text,font,webgl,Three.js,browser,,https://threejs.org/examples/webgl_geometry_text.html,,2026-04-24T08:12:37.902777+00:00,three.js,webgl_geometry_text
804a6b93abce25c0,threejs,Webgl Geometry Text Shapes,Three.js webgl example: webgl_geometry_text_shapes,font,webgl,Three.js,browser,,https://threejs.org/examples/webgl_geometry_text_shapes.html,,2026-04-24T08:12:37.904877+00:00,three.js,webgl_geometry_text_shapes
6094aae53c5901b5,threejs,Webgl Geometry Text Stroke,Three.js webgl example: webgl_geometry_text_stroke,font,webgl,Three.js,browser,,https://threejs.org/examples/webgl_geometry_text_stroke.html,,2026-04-24T08:12:37.908393+00:00,three.js,webgl_geometry_text_stroke
1214858ba0f94952,threejs,Webgl Gpgpu Birds,Three.js webgl / advanced example: webgl_gpgpu_birds,webgl-/-advanced,webgl / advanced,Three.js,browser,,https://threejs.org/examples/webgl_gpgpu_birds.html,,2026-04-24T08:12:38.636770+00:00,three.js,webgl_gpgpu_birds
eb68a341d29e3098,threejs,Webgl Gpgpu Birds Gltf,Three.js webgl / advanced example: webgl_gpgpu_birds_gltf,webgl-/-advanced,webgl / advanced,Three.js,browser,,https://threejs.org/examples/webgl_gpgpu_birds_gltf.html,,2026-04-24T08:12:38.640341+00:00,three.js,webgl_gpgpu_birds_gltf
e4a6d38a1f570ff6,threejs,Webgl Gpgpu Protoplanet,Three.js webgl / advanced example: webgl_gpgpu_protoplanet,webgl-/-advanced,webgl / advanced,Three.js,browser,,https://threejs.org/examples/webgl_gpgpu_protoplanet.html,,2026-04-24T08:12:38.645801+00:00,three.js,webgl_gpgpu_protoplanet
e132bd792c947c6f,threejs,Webgl Gpgpu Water,Three.js webgl / advanced example: webgl_gpgpu_water,webgl-/-advanced,webgl / advanced,Three.js,browser,,https://threejs.org/examples/webgl_gpgpu_water.html,,2026-04-24T08:12:38.643612+00:00,three.js,webgl_gpgpu_water
a616552d9113129d,threejs,Webgl Helpers,Three.js webgl example: webgl_helpers,normals | tangents | bounding box,webgl,Three.js,browser,,https://threejs.org/examples/webgl_helpers.html,,2026-04-24T08:12:37.911865+00:00,three.js,webgl_helpers
697457328d7194d1,threejs,Webgl Instancing Dynamic,Three.js webgl example: webgl_instancing_dynamic,webgl,webgl,Three.js,browser,,https://threejs.org/examples/webgl_instancing_dynamic.html,,2026-04-24T08:12:37.916931+00:00,three.js,webgl_instancing_dynamic
138c8ab0f786647f,threejs,Webgl Instancing Morph,Three.js webgl example: webgl_instancing_morph,webgl,webgl,Three.js,browser,,https://threejs.org/examples/webgl_instancing_morph.html,,2026-04-24T08:12:37.914712+00:00,three.js,webgl_instancing_morph
b750fba198f9a01e,threejs,Webgl Instancing Performance,Three.js webgl example: webgl_instancing_performance,batching | merging,webgl,Three.js,browser,,https://threejs.org/examples/webgl_instancing_performance.html,,2026-04-24T08:12:37.920672+00:00,three.js,webgl_instancing_performance
5e9f4495963b4a61,threejs,Webgl Instancing Raycast,Three.js webgl example: webgl_instancing_raycast,webgl,webgl,Three.js,browser,,https://threejs.org/examples/webgl_instancing_raycast.html,,2026-04-24T08:12:37.924063+00:00,three.js,webgl_instancing_raycast
f372508711a2fab3,threejs,Webgl Instancing Scatter,Three.js webgl example: webgl_instancing_scatter,webgl,webgl,Three.js,browser,,https://threejs.org/examples/webgl_instancing_scatter.html,,2026-04-24T08:12:37.926990+00:00,three.js,webgl_instancing_scatter
b3f42a056e829f73,threejs,Webgl Interactive Buffergeometry,Three.js webgl example: webgl_interactive_buffergeometry,raycast | outline,webgl,Three.js,browser,,https://threejs.org/examples/webgl_interactive_buffergeometry.html,,2026-04-24T08:12:37.929100+00:00,three.js,webgl_interactive_buffergeometry
c0d9ffbf2402bd6c,threejs,Webgl Interactive Cubes,Three.js webgl example: webgl_interactive_cubes,raycast | highlight,webgl,Three.js,browser,,https://threejs.org/examples/webgl_interactive_cubes.html,,2026-04-24T08:12:37.932596+00:00,three.js,webgl_interactive_cubes
b73fc19f1216986f,threejs,Webgl Interactive Cubes Gpu,Three.js webgl example: webgl_interactive_cubes_gpu,raycast | highlight,webgl,Three.js,browser,,https://threejs.org/examples/webgl_interactive_cubes_gpu.html,,2026-04-24T08:12:37.936242+00:00,three.js,webgl_interactive_cubes_gpu
e8965d40c712c066,threejs,Webgl Interactive Cubes Ortho,Three.js webgl example: webgl_interactive_cubes_ortho,raycast | highlight,webgl,Three.js,browser,,https://threejs.org/examples/webgl_interactive_cubes_ortho.html,,2026-04-24T08:12:37.939965+00:00,three.js,webgl_interactive_cubes_ortho
c75f6e7b972ee76f,threejs,Webgl Interactive Lines,Three.js webgl example: webgl_interactive_lines,raycast,webgl,Three.js,browser,,https://threejs.org/examples/webgl_interactive_lines.html,,2026-04-24T08:12:37.943013+00:00,three.js,webgl_interactive_lines
46f17cf048ce2686,threejs,Webgl Interactive Points,Three.js webgl example: webgl_interactive_points,raycast,webgl,Three.js,browser,,https://threejs.org/examples/webgl_interactive_points.html,,2026-04-24T08:12:37.945396+00:00,three.js,webgl_interactive_points
0b7a6ee972e345ac,threejs,Webgl Interactive Raycasting Points,Three.js webgl example: webgl_interactive_raycasting_points,raycast,webgl,Three.js,browser,,https://threejs.org/examples/webgl_interactive_raycasting_points.html,,2026-04-24T08:12:37.948528+00:00,three.js,webgl_interactive_raycasting_points
19f462ffc4516c71,threejs,Webgl Interactive Voxelpainter,Three.js webgl example: webgl_interactive_voxelpainter,raycast,webgl,Three.js,browser,,https://threejs.org/examples/webgl_interactive_voxelpainter.html,,2026-04-24T08:12:37.952114+00:00,three.js,webgl_interactive_voxelpainter
b90ffbc076f4a0c6,threejs,Webgl Lensflares,Three.js webgl example: webgl_lensflares,webgl,webgl,Three.js,browser,,https://threejs.org/examples/webgl_lensflares.html,,2026-04-24T08:12:37.955061+00:00,three.js,webgl_lensflares
5b623c7cc3399c6c,threejs,Webgl Lightprobe,Three.js webgl example: webgl_lightprobe,webgl,webgl,Three.js,browser,,https://threejs.org/examples/webgl_lightprobe.html,,2026-04-24T08:12:37.958141+00:00,three.js,webgl_lightprobe
379e100f468b6c46,threejs,Webgl Lightprobe Cubecamera,Three.js webgl example: webgl_lightprobe_cubecamera,webgl,webgl,Three.js,browser,,https://threejs.org/examples/webgl_lightprobe_cubecamera.html,,2026-04-24T08:12:37.960916+00:00,three.js,webgl_lightprobe_cubecamera
1663b81ae78b6b26,threejs,Webgl Lightprobes,Three.js webgl example: webgl_lightprobes,webgl,webgl,Three.js,browser,,https://threejs.org/examples/webgl_lightprobes.html,,2026-04-24T08:12:37.964402+00:00,three.js,webgl_lightprobes
310fdc4d00c7ccb3,threejs,Webgl Lightprobes Complex,Three.js webgl example: webgl_lightprobes_complex,webgl,webgl,Three.js,browser,,https://threejs.org/examples/webgl_lightprobes_complex.html,,2026-04-24T08:12:37.967829+00:00,three.js,webgl_lightprobes_complex
6ea8344f11c2c3b0,threejs,Webgl Lightprobes Sponza,Three.js webgl example: webgl_lightprobes_sponza,webgl,webgl,Three.js,browser,,https://threejs.org/examples/webgl_lightprobes_sponza.html,,2026-04-24T08:12:37.971003+00:00,three.js,webgl_lightprobes_sponza
f7d57de4c4b90e63,threejs,Webgl Lights Hemisphere,Three.js webgl example: webgl_lights_hemisphere,directional,webgl,Three.js,browser,,https://threejs.org/examples/webgl_lights_hemisphere.html,,2026-04-24T08:12:37.973221+00:00,three.js,webgl_lights_hemisphere
61ee0bddecd79749,threejs,Webgl Lights Physical,Three.js webgl example: webgl_lights_physical,webgl,webgl,Three.js,browser,,https://threejs.org/examples/webgl_lights_physical.html,,2026-04-24T08:12:37.976820+00:00,three.js,webgl_lights_physical
345c0f48932cb0da,threejs,Webgl Lights Rectarealight,Three.js webgl example: webgl_lights_rectarealight,webgl,webgl,Three.js,browser,,https://threejs.org/examples/webgl_lights_rectarealight.html,,2026-04-24T08:12:37.986581+00:00,three.js,webgl_lights_rectarealight
76c255fc7845c8c8,threejs,Webgl Lights Spotlight,Three.js webgl example: webgl_lights_spotlight,webgl,webgl,Three.js,browser,,https://threejs.org/examples/webgl_lights_spotlight.html,,2026-04-24T08:12:37.980286+00:00,three.js,webgl_lights_spotlight
9c54f13adbec9be9,threejs,Webgl Lights Spotlights,Three.js webgl example: webgl_lights_spotlights,webgl,webgl,Three.js,browser,,https://threejs.org/examples/webgl_lights_spotlights.html,,2026-04-24T08:12:37.983669+00:00,three.js,webgl_lights_spotlights
c1c6c39e011be249,threejs,Webgl Lines Colors,Three.js webgl example: webgl_lines_colors,webgl,webgl,Three.js,browser,,https://threejs.org/examples/webgl_lines_colors.html,,2026-04-24T08:12:37.989486+00:00,three.js,webgl_lines_colors
2ec8a090a98f478d,threejs,Webgl Lines Dashed,Three.js webgl example: webgl_lines_dashed,webgl,webgl,Three.js,browser,,https://threejs.org/examples/webgl_lines_dashed.html,,2026-04-24T08:12:37.992184+00:00,three.js,webgl_lines_dashed
ea347237d4e3c599,threejs,Webgl Lines Fat,Three.js webgl example: webgl_lines_fat,gpu | stats | panel,webgl,Three.js,browser,,https://threejs.org/examples/webgl_lines_fat.html,,2026-04-24T08:12:37.995798+00:00,three.js,webgl_lines_fat
f719545b4ecb9e1c,threejs,Webgl Lines Fat Raycasting,Three.js webgl example: webgl_lines_fat_raycasting,gpu | stats | panel | raycast,webgl,Three.js,browser,,https://threejs.org/examples/webgl_lines_fat_raycasting.html,,2026-04-24T08:12:37.997884+00:00,three.js,webgl_lines_fat_raycasting
3cf483d6195512be,threejs,Webgl Lines Fat Wireframe,Three.js webgl example: webgl_lines_fat_wireframe,webgl,webgl,Three.js,browser,,https://threejs.org/examples/webgl_lines_fat_wireframe.html,,2026-04-24T08:12:38.001007+00:00,three.js,webgl_lines_fat_wireframe
cb73676d50de5421,threejs,Webgl Loader 3Dm,Three.js webgl example: webgl_loader_3dm,webgl,webgl,Three.js,browser,,https://threejs.org/examples/webgl_loader_3dm.html,,2026-04-24T08:12:38.004515+00:00,three.js,webgl_loader_3dm
c83f2e46b93a8b10,threejs,Webgl Loader 3Ds,Three.js webgl example: webgl_loader_3ds,webgl,webgl,Three.js,browser,,https://threejs.org/examples/webgl_loader_3ds.html,,2026-04-24T08:12:38.008084+00:00,three.js,webgl_loader_3ds
e945c669b977892e,threejs,Webgl Loader 3Dtiles,Three.js webgl example: webgl_loader_3dtiles,community | 3dtiles | 3d-tiles | maps | tiles | globe | earth | cesium,webgl,Three.js,browser,,https://threejs.org/examples/webgl_loader_3dtiles.html,,2026-04-24T08:12:38.010841+00:00,three.js,webgl_loader_3dtiles
8f7ca8b01ebd781c,threejs,Webgl Loader 3Mf,Three.js webgl example: webgl_loader_3mf,webgl,webgl,Three.js,browser,,https://threejs.org/examples/webgl_loader_3mf.html,,2026-04-24T08:12:38.013098+00:00,three.js,webgl_loader_3mf
57d20fdda1f2a2a5,threejs,Webgl Loader 3Mf Materials,Three.js webgl example: webgl_loader_3mf_materials,webgl,webgl,Three.js,browser,,https://threejs.org/examples/webgl_loader_3mf_materials.html,,2026-04-24T08:12:38.016585+00:00,three.js,webgl_loader_3mf_materials
2faff8fd9153bcc4,threejs,Webgl Loader Amf,Three.js webgl example: webgl_loader_amf,webgl,webgl,Three.js,browser,,https://threejs.org/examples/webgl_loader_amf.html,,2026-04-24T08:12:38.020135+00:00,three.js,webgl_loader_amf
4bda384f79cca7be,threejs,Webgl Loader Bvh,Three.js webgl example: webgl_loader_bvh,webgl,webgl,Three.js,browser,,https://threejs.org/examples/webgl_loader_bvh.html,,2026-04-24T08:12:38.023182+00:00,three.js,webgl_loader_bvh
8e1a5fbfdf40fe88,threejs,Webgl Loader Collada,Three.js webgl example: webgl_loader_collada,webgl,webgl,Three.js,browser,,https://threejs.org/examples/webgl_loader_collada.html,,2026-04-24T08:12:38.025477+00:00,three.js,webgl_loader_collada
060225a0c5c4a537,threejs,Webgl Loader Collada Kinematics,Three.js webgl example: webgl_loader_collada_kinematics,webgl,webgl,Three.js,browser,,https://threejs.org/examples/webgl_loader_collada_kinematics.html,,2026-04-24T08:12:38.028328+00:00,three.js,webgl_loader_collada_kinematics
886ce41d90e2a557,threejs,Webgl Loader Collada Skinning,Three.js webgl example: webgl_loader_collada_skinning,webgl,webgl,Three.js,browser,,https://threejs.org/examples/webgl_loader_collada_skinning.html,,2026-04-24T08:12:38.031910+00:00,three.js,webgl_loader_collada_skinning
18dfda9bc517f19b,threejs,Webgl Loader Draco,Three.js webgl example: webgl_loader_draco,webgl,webgl,Three.js,browser,,https://threejs.org/examples/webgl_loader_draco.html,,2026-04-24T08:12:38.034716+00:00,three.js,webgl_loader_draco
bb77009434d9d287,threejs,Webgl Loader Fbx,Three.js webgl example: webgl_loader_fbx,webgl,webgl,Three.js,browser,,https://threejs.org/examples/webgl_loader_fbx.html,,2026-04-24T08:12:38.036953+00:00,three.js,webgl_loader_fbx
f8baff735d13826a,threejs,Webgl Loader Fbx Nurbs,Three.js webgl example: webgl_loader_fbx_nurbs,webgl,webgl,Three.js,browser,,https://threejs.org/examples/webgl_loader_fbx_nurbs.html,,2026-04-24T08:12:38.040702+00:00,three.js,webgl_loader_fbx_nurbs
54b4d8f70f86c40f,threejs,Webgl Loader Gcode,Three.js webgl example: webgl_loader_gcode,webgl,webgl,Three.js,browser,,https://threejs.org/examples/webgl_loader_gcode.html,,2026-04-24T08:12:38.044247+00:00,three.js,webgl_loader_gcode
f8105dc1f9f5ac68,threejs,Webgl Loader Gltf,Three.js webgl example: webgl_loader_gltf,webgl,webgl,Three.js,browser,,https://threejs.org/examples/webgl_loader_gltf.html,,2026-04-24T08:12:38.047895+00:00,three.js,webgl_loader_gltf
6ed6e5ba3da1236a,threejs,Webgl Loader Gltf Animation Pointer,Three.js webgl example: webgl_loader_gltf_animation_pointer,community | animation | gltf,webgl,Three.js,browser,,https://threejs.org/examples/webgl_loader_gltf_animation_pointer.html,,2026-04-24T08:12:38.050772+00:00,three.js,webgl_loader_gltf_animation_pointer
8b3ccc5197bf2751,threejs,Webgl Loader Gltf Anisotropy,Three.js webgl example: webgl_loader_gltf_anisotropy,webgl,webgl,Three.js,browser,,https://threejs.org/examples/webgl_loader_gltf_anisotropy.html,,2026-04-24T08:12:38.084046+00:00,three.js,webgl_loader_gltf_anisotropy
bb870f05bed1fd26,threejs,Webgl Loader Gltf Avif,Three.js webgl example: webgl_loader_gltf_avif,webgl,webgl,Three.js,browser,,https://threejs.org/examples/webgl_loader_gltf_avif.html,,2026-04-24T08:12:38.056950+00:00,three.js,webgl_loader_gltf_avif
202b3178690347a3,threejs,Webgl Loader Gltf Compressed,Three.js webgl example: webgl_loader_gltf_compressed,webgl,webgl,Three.js,browser,,https://threejs.org/examples/webgl_loader_gltf_compressed.html,,2026-04-24T08:12:38.060530+00:00,three.js,webgl_loader_gltf_compressed
437a4f50f7ac0b65,threejs,Webgl Loader Gltf Dispersion,Three.js webgl example: webgl_loader_gltf_dispersion,transmission,webgl,Three.js,browser,,https://threejs.org/examples/webgl_loader_gltf_dispersion.html,,2026-04-24T08:12:38.064487+00:00,three.js,webgl_loader_gltf_dispersion
054bda24b33fcb54,threejs,Webgl Loader Gltf Instancing,Three.js webgl example: webgl_loader_gltf_instancing,webgl,webgl,Three.js,browser,,https://threejs.org/examples/webgl_loader_gltf_instancing.html,,2026-04-24T08:12:38.068338+00:00,three.js,webgl_loader_gltf_instancing
a50ed344401e5050,threejs,Webgl Loader Gltf Iridescence,Three.js webgl example: webgl_loader_gltf_iridescence,webgl,webgl,Three.js,browser,,https://threejs.org/examples/webgl_loader_gltf_iridescence.html,,2026-04-24T08:12:38.071919+00:00,three.js,webgl_loader_gltf_iridescence
2e802a58bd22a2a2,threejs,Webgl Loader Gltf Progressive Lod,Three.js webgl example: webgl_loader_gltf_progressive_lod,community | performance | plugin | library | level | details,webgl,Three.js,browser,,https://threejs.org/examples/webgl_loader_gltf_progressive_lod.html,,2026-04-24T08:12:38.053073+00:00,three.js,webgl_loader_gltf_progressive_lod
28fa431b26a3f7b8,threejs,Webgl Loader Gltf Sheen,Three.js webgl example: webgl_loader_gltf_sheen,webgl,webgl,Three.js,browser,,https://threejs.org/examples/webgl_loader_gltf_sheen.html,,2026-04-24T08:12:38.074699+00:00,three.js,webgl_loader_gltf_sheen
891b440ab721771b,threejs,Webgl Loader Gltf Transmission,Three.js webgl example: webgl_loader_gltf_transmission,webgl,webgl,Three.js,browser,,https://threejs.org/examples/webgl_loader_gltf_transmission.html,,2026-04-24T08:12:38.077593+00:00,three.js,webgl_loader_gltf_transmission
10b91bb91a0eb0f5,threejs,Webgl Loader Gltf Variants,Three.js webgl example: webgl_loader_gltf_variants,webgl,webgl,Three.js,browser,,https://threejs.org/examples/webgl_loader_gltf_variants.html,,2026-04-24T08:12:38.080523+00:00,three.js,webgl_loader_gltf_variants
05a7edfab52f098b,threejs,Webgl Loader Ifc,Three.js webgl example: webgl_loader_ifc,community,webgl,Three.js,browser,,https://threejs.org/examples/webgl_loader_ifc.html,,2026-04-24T08:12:38.087680+00:00,three.js,webgl_loader_ifc
c5a3c44f7ca7072c,threejs,Webgl Loader Imagebitmap,Three.js webgl example: webgl_loader_imagebitmap,webgl,webgl,Three.js,browser,,https://threejs.org/examples/webgl_loader_imagebitmap.html,,2026-04-24T08:12:38.089827+00:00,three.js,webgl_loader_imagebitmap
8ebc341d877456a1,threejs,Webgl Loader Kmz,Three.js webgl example: webgl_loader_kmz,webgl,webgl,Three.js,browser,,https://threejs.org/examples/webgl_loader_kmz.html,,2026-04-24T08:12:38.092671+00:00,three.js,webgl_loader_kmz
3427a39d3c62f421,threejs,Webgl Loader Ldraw,Three.js webgl example: webgl_loader_ldraw,lego,webgl,Three.js,browser,,https://threejs.org/examples/webgl_loader_ldraw.html,,2026-04-24T08:12:38.096339+00:00,three.js,webgl_loader_ldraw
9594360e7fe2719d,threejs,Webgl Loader Lwo,Three.js webgl example: webgl_loader_lwo,webgl,webgl,Three.js,browser,,https://threejs.org/examples/webgl_loader_lwo.html,,2026-04-24T08:12:38.099813+00:00,three.js,webgl_loader_lwo
687a04be35a153e6,threejs,Webgl Loader Md2,Three.js webgl example: webgl_loader_md2,webgl,webgl,Three.js,browser,,https://threejs.org/examples/webgl_loader_md2.html,,2026-04-24T08:12:38.101879+00:00,three.js,webgl_loader_md2
ad60baa354f496d7,threejs,Webgl Loader Md2 Control,Three.js webgl example: webgl_loader_md2_control,webgl,webgl,Three.js,browser,,https://threejs.org/examples/webgl_loader_md2_control.html,,2026-04-24T08:12:38.104807+00:00,three.js,webgl_loader_md2_control
ebfc372908332e74,threejs,Webgl Loader Mdd,Three.js webgl example: webgl_loader_mdd,webgl,webgl,Three.js,browser,,https://threejs.org/examples/webgl_loader_mdd.html,,2026-04-24T08:12:38.108424+00:00,three.js,webgl_loader_mdd
e6dcaa35c14541dd,threejs,Webgl Loader Nrrd,Three.js webgl example: webgl_loader_nrrd,webgl,webgl,Three.js,browser,,https://threejs.org/examples/webgl_loader_nrrd.html,,2026-04-24T08:12:38.112171+00:00,three.js,webgl_loader_nrrd
7e8a1262ba41a7e8,threejs,Webgl Loader Obj,Three.js webgl example: webgl_loader_obj,webgl,webgl,Three.js,browser,,https://threejs.org/examples/webgl_loader_obj.html,,2026-04-24T08:12:38.115822+00:00,three.js,webgl_loader_obj
21f304a6513b133d,threejs,Webgl Loader Pcd,Three.js webgl example: webgl_loader_pcd,webgl,webgl,Three.js,browser,,https://threejs.org/examples/webgl_loader_pcd.html,,2026-04-24T08:12:38.118888+00:00,three.js,webgl_loader_pcd
f72f6629f3fea6bc,threejs,Webgl Loader Pdb,Three.js webgl example: webgl_loader_pdb,molecules | css2d,webgl,Three.js,browser,,https://threejs.org/examples/webgl_loader_pdb.html,,2026-04-24T08:12:38.121106+00:00,three.js,webgl_loader_pdb
75f3d3a6631e408e,threejs,Webgl Loader Ply,Three.js webgl example: webgl_loader_ply,webgl,webgl,Three.js,browser,,https://threejs.org/examples/webgl_loader_ply.html,,2026-04-24T08:12:38.124920+00:00,three.js,webgl_loader_ply
bc059d246b73b9fe,threejs,Webgl Loader Stl,Three.js webgl example: webgl_loader_stl,webgl,webgl,Three.js,browser,,https://threejs.org/examples/webgl_loader_stl.html,,2026-04-24T08:12:38.128735+00:00,three.js,webgl_loader_stl
f995ca40dc7695f9,threejs,Webgl Loader Svg,Three.js webgl example: webgl_loader_svg,webgl,webgl,Three.js,browser,,https://threejs.org/examples/webgl_loader_svg.html,,2026-04-24T08:12:38.132345+00:00,three.js,webgl_loader_svg
1514582796fefa85,threejs,Webgl Loader Texture Dds,Three.js webgl example: webgl_loader_texture_dds,webgl,webgl,Three.js,browser,,https://threejs.org/examples/webgl_loader_texture_dds.html,,2026-04-24T08:12:38.135927+00:00,three.js,webgl_loader_texture_dds
795fadcc32e0f9fa,threejs,Webgl Loader Texture Exr,Three.js webgl example: webgl_loader_texture_exr,webgl,webgl,Three.js,browser,,https://threejs.org/examples/webgl_loader_texture_exr.html,,2026-04-24T08:12:38.138909+00:00,three.js,webgl_loader_texture_exr
6cbcbb39314f301f,threejs,Webgl Loader Texture Hdr,Three.js webgl example: webgl_loader_texture_hdr,webgl,webgl,Three.js,browser,,https://threejs.org/examples/webgl_loader_texture_hdr.html,,2026-04-24T08:12:38.144913+00:00,three.js,webgl_loader_texture_hdr
f1848c79428c730c,threejs,Webgl Loader Texture Ktx,Three.js webgl example: webgl_loader_texture_ktx,webgl,webgl,Three.js,browser,,https://threejs.org/examples/webgl_loader_texture_ktx.html,,2026-04-24T08:12:38.148541+00:00,three.js,webgl_loader_texture_ktx
c5822ebf79fe3032,threejs,Webgl Loader Texture Ktx2,Three.js webgl example: webgl_loader_texture_ktx2,webgl,webgl,Three.js,browser,,https://threejs.org/examples/webgl_loader_texture_ktx2.html,,2026-04-24T08:12:38.152149+00:00,three.js,webgl_loader_texture_ktx2
519880b22532bf70,threejs,Webgl Loader Texture Lottie,Three.js webgl example: webgl_loader_texture_lottie,community,webgl,Three.js,browser,,https://threejs.org/examples/webgl_loader_texture_lottie.html,,2026-04-24T08:12:38.155777+00:00,three.js,webgl_loader_texture_lottie
d11cf8cb21319e2e,threejs,Webgl Loader Texture Pvrtc,Three.js webgl example: webgl_loader_texture_pvrtc,webgl,webgl,Three.js,browser,,https://threejs.org/examples/webgl_loader_texture_pvrtc.html,,2026-04-24T08:12:38.158607+00:00,three.js,webgl_loader_texture_pvrtc
10d601faeae67179,threejs,Webgl Loader Texture Tga,Three.js webgl example: webgl_loader_texture_tga,webgl,webgl,Three.js,browser,,https://threejs.org/examples/webgl_loader_texture_tga.html,,2026-04-24T08:12:38.160883+00:00,three.js,webgl_loader_texture_tga
b59c20f8482907dc,threejs,Webgl Loader Texture Tiff,Three.js webgl example: webgl_loader_texture_tiff,webgl,webgl,Three.js,browser,,https://threejs.org/examples/webgl_loader_texture_tiff.html,,2026-04-24T08:12:38.164757+00:00,three.js,webgl_loader_texture_tiff
4ab5e20ee42a50e9,threejs,Webgl Loader Texture Ultrahdr,Three.js webgl example: webgl_loader_texture_ultrahdr,hdr | jpg | ultrahdr,webgl,Three.js,browser,,https://threejs.org/examples/webgl_loader_texture_ultrahdr.html,,2026-04-24T08:12:38.141264+00:00,three.js,webgl_loader_texture_ultrahdr
275d2f3cb038aa4f,threejs,Webgl Loader Ttf,Three.js webgl example: webgl_loader_ttf,text | font,webgl,Three.js,browser,,https://threejs.org/examples/webgl_loader_ttf.html,,2026-04-24T08:12:38.168168+00:00,three.js,webgl_loader_ttf
8d40ce8f7a0d1542,threejs,Webgl Loader Usdz,Three.js webgl example: webgl_loader_usdz,webgl,webgl,Three.js,browser,,https://threejs.org/examples/webgl_loader_usdz.html,,2026-04-24T08:12:38.171841+00:00,three.js,webgl_loader_usdz
58b649b87401fb88,threejs,Webgl Loader Vox,Three.js webgl example: webgl_loader_vox,webgl,webgl,Three.js,browser,,https://threejs.org/examples/webgl_loader_vox.html,,2026-04-24T08:12:38.174759+00:00,three.js,webgl_loader_vox
35251dc844321ff1,threejs,Webgl Loader Vrml,Three.js webgl example: webgl_loader_vrml,webgl,webgl,Three.js,browser,,https://threejs.org/examples/webgl_loader_vrml.html,,2026-04-24T08:12:38.177750+00:00,three.js,webgl_loader_vrml
7968f21fc5a78e4f,threejs,Webgl Loader Xyz,Three.js webgl example: webgl_loader_xyz,webgl,webgl,Three.js,browser,,https://threejs.org/examples/webgl_loader_xyz.html,,2026-04-24T08:12:38.180592+00:00,three.js,webgl_loader_xyz
67b46eae32e4e631,threejs,Webgl Lod,Three.js webgl example: webgl_lod,level | details,webgl,Three.js,browser,,https://threejs.org/examples/webgl_lod.html,,2026-04-24T08:12:38.184122+00:00,three.js,webgl_lod
0e572e9b6130d881,threejs,Webgl Marchingcubes,Three.js webgl example: webgl_marchingcubes,webgl,webgl,Three.js,browser,,https://threejs.org/examples/webgl_marchingcubes.html,,2026-04-24T08:12:38.187731+00:00,three.js,webgl_marchingcubes
df4427805ffebfc1,threejs,Webgl Materials Alphahash,Three.js webgl example: webgl_materials_alphahash,webgl,webgl,Three.js,browser,,https://threejs.org/examples/webgl_materials_alphahash.html,,2026-04-24T08:12:38.190748+00:00,three.js,webgl_materials_alphahash
c9d4b6bb5c0ff58e,threejs,Webgl Materials Blending,Three.js webgl example: webgl_materials_blending,alpha,webgl,Three.js,browser,,https://threejs.org/examples/webgl_materials_blending.html,,2026-04-24T08:12:38.193031+00:00,three.js,webgl_materials_blending
7fb01593c59a0ed7,threejs,Webgl Materials Blending Custom,Three.js webgl example: webgl_materials_blending_custom,alpha,webgl,Three.js,browser,,https://threejs.org/examples/webgl_materials_blending_custom.html,,2026-04-24T08:12:38.196608+00:00,three.js,webgl_materials_blending_custom
fc29a5ee1539f057,threejs,Webgl Materials Bumpmap,Three.js webgl example: webgl_materials_bumpmap,webgl,webgl,Three.js,browser,,https://threejs.org/examples/webgl_materials_bumpmap.html,,2026-04-24T08:12:38.200097+00:00,three.js,webgl_materials_bumpmap
4bf1ac2d88ab1519,threejs,Webgl Materials Car,Three.js webgl example: webgl_materials_car,webgl,webgl,Three.js,browser,,https://threejs.org/examples/webgl_materials_car.html,,2026-04-24T08:12:38.203051+00:00,three.js,webgl_materials_car
580ca6a253fcfb75,threejs,Webgl Materials Channels,Three.js webgl example: webgl_materials_channels,normal | depth | rgba packing,webgl,Three.js,browser,,https://threejs.org/examples/webgl_materials_channels.html,,2026-04-24T08:12:38.205383+00:00,three.js,webgl_materials_channels
f812ef42dc7832a8,threejs,Webgl Materials Cubemap,Three.js webgl example: webgl_materials_cubemap,webgl,webgl,Three.js,browser,,https://threejs.org/examples/webgl_materials_cubemap.html,,2026-04-24T08:12:38.208279+00:00,three.js,webgl_materials_cubemap
48cc464b9c910d24,threejs,Webgl Materials Cubemap Dynamic,Three.js webgl example: webgl_materials_cubemap_dynamic,webgl,webgl,Three.js,browser,,https://threejs.org/examples/webgl_materials_cubemap_dynamic.html,,2026-04-24T08:12:38.211814+00:00,three.js,webgl_materials_cubemap_dynamic
91078f6f23aae676,threejs,Webgl Materials Cubemap Mipmaps,Three.js webgl example: webgl_materials_cubemap_mipmaps,envmap,webgl,Three.js,browser,,https://threejs.org/examples/webgl_materials_cubemap_mipmaps.html,,2026-04-24T08:12:38.218856+00:00,three.js,webgl_materials_cubemap_mipmaps
7a603c65329597f8,threejs,Webgl Materials Cubemap Refraction,Three.js webgl example: webgl_materials_cubemap_refraction,webgl,webgl,Three.js,browser,,https://threejs.org/examples/webgl_materials_cubemap_refraction.html,,2026-04-24T08:12:38.214814+00:00,three.js,webgl_materials_cubemap_refraction
c4005a50fd88903c,threejs,Webgl Materials Cubemap Render To Mipmaps,Three.js webgl example: webgl_materials_cubemap_render_to_mipmaps,envmap | renderTarget | mipmap,webgl,Three.js,browser,,https://threejs.org/examples/webgl_materials_cubemap_render_to_mipmaps.html,,2026-04-24T08:12:38.221100+00:00,three.js,webgl_materials_cubemap_render_to_mipmaps
c0461e53443352c8,threejs,Webgl Materials Displacementmap,Three.js webgl example: webgl_materials_displacementmap,webgl,webgl,Three.js,browser,,https://threejs.org/examples/webgl_materials_displacementmap.html,,2026-04-24T08:12:38.224628+00:00,three.js,webgl_materials_displacementmap
56438b7316bf5005,threejs,Webgl Materials Envmaps,Three.js webgl example: webgl_materials_envmaps,webgl,webgl,Three.js,browser,,https://threejs.org/examples/webgl_materials_envmaps.html,,2026-04-24T08:12:38.228233+00:00,three.js,webgl_materials_envmaps
1a892740d28bd643,threejs,Webgl Materials Envmaps Exr,Three.js webgl example: webgl_materials_envmaps_exr,webgl,webgl,Three.js,browser,,https://threejs.org/examples/webgl_materials_envmaps_exr.html,,2026-04-24T08:12:38.231823+00:00,three.js,webgl_materials_envmaps_exr
aa01d41f679ee4ce,threejs,Webgl Materials Envmaps Fasthdr,Three.js webgl example: webgl_materials_envmaps_fasthdr,envmap | hdr | fast | ktx2 | basis,webgl,Three.js,browser,,https://threejs.org/examples/webgl_materials_envmaps_fasthdr.html,,2026-04-24T08:12:38.240525+00:00,three.js,webgl_materials_envmaps_fasthdr
a141b4f7fa064f14,threejs,Webgl Materials Envmaps Groundprojected,Three.js webgl example: webgl_materials_envmaps_groundprojected,webgl,webgl,Three.js,browser,,https://threejs.org/examples/webgl_materials_envmaps_groundprojected.html,,2026-04-24T08:12:38.234689+00:00,three.js,webgl_materials_envmaps_groundprojected
812d4b357494dc3a,threejs,Webgl Materials Envmaps Hdr,Three.js webgl example: webgl_materials_envmaps_hdr,webgl,webgl,Three.js,browser,,https://threejs.org/examples/webgl_materials_envmaps_hdr.html,,2026-04-24T08:12:38.236830+00:00,three.js,webgl_materials_envmaps_hdr
19e029a35d0b6269,threejs,Webgl Materials Matcap,Three.js webgl example: webgl_materials_matcap,webgl,webgl,Three.js,browser,,https://threejs.org/examples/webgl_materials_matcap.html,,2026-04-24T08:12:38.244329+00:00,three.js,webgl_materials_matcap
0dacf7832339b74d,threejs,Webgl Materials Modified,Three.js webgl / advanced example: webgl_materials_modified,onBeforeCompile,webgl / advanced,Three.js,browser,,https://threejs.org/examples/webgl_materials_modified.html,,2026-04-24T08:12:38.648611+00:00,three.js,webgl_materials_modified
73c94a55aaffb483,threejs,Webgl Materials Normalmap,Three.js webgl example: webgl_materials_normalmap,webgl,webgl,Three.js,browser,,https://threejs.org/examples/webgl_materials_normalmap.html,,2026-04-24T08:12:38.248133+00:00,three.js,webgl_materials_normalmap
984860675f0e3daa,threejs,Webgl Materials Normalmap Object Space,Three.js webgl example: webgl_materials_normalmap_object_space,webgl,webgl,Three.js,browser,,https://threejs.org/examples/webgl_materials_normalmap_object_space.html,,2026-04-24T08:12:38.251029+00:00,three.js,webgl_materials_normalmap_object_space
2248b3a8c69c9900,threejs,Webgl Materials Physical Clearcoat,Three.js webgl example: webgl_materials_physical_clearcoat,anisotropy,webgl,Three.js,browser,,https://threejs.org/examples/webgl_materials_physical_clearcoat.html,,2026-04-24T08:12:38.253374+00:00,three.js,webgl_materials_physical_clearcoat
a6e475ad3db76f35,threejs,Webgl Materials Physical Transmission,Three.js webgl example: webgl_materials_physical_transmission,alpha,webgl,Three.js,browser,,https://threejs.org/examples/webgl_materials_physical_transmission.html,,2026-04-24T08:12:38.256199+00:00,three.js,webgl_materials_physical_transmission
0f88c623faef6a5b,threejs,Webgl Materials Physical Transmission Alpha,Three.js webgl example: webgl_materials_physical_transmission_alpha,webgl,webgl,Three.js,browser,,https://threejs.org/examples/webgl_materials_physical_transmission_alpha.html,,2026-04-24T08:12:38.259806+00:00,three.js,webgl_materials_physical_transmission_alpha
b05a7929c7fcbef0,threejs,Webgl Materials Subsurface Scattering,Three.js webgl example: webgl_materials_subsurface_scattering,derivatives | translucency,webgl,Three.js,browser,,https://threejs.org/examples/webgl_materials_subsurface_scattering.html,,2026-04-24T08:12:38.262939+00:00,three.js,webgl_materials_subsurface_scattering
1e32a87cb3c7ab9f,threejs,Webgl Materials Texture Anisotropy,Three.js webgl example: webgl_materials_texture_anisotropy,webgl,webgl,Three.js,browser,,https://threejs.org/examples/webgl_materials_texture_anisotropy.html,,2026-04-24T08:12:38.265814+00:00,three.js,webgl_materials_texture_anisotropy
6b2377622b2145b0,threejs,Webgl Materials Texture Canvas,Three.js webgl example: webgl_materials_texture_canvas,paint,webgl,Three.js,browser,,https://threejs.org/examples/webgl_materials_texture_canvas.html,,2026-04-24T08:12:38.268617+00:00,three.js,webgl_materials_texture_canvas
08dc8633b9db8f4c,threejs,Webgl Materials Texture Filters,Three.js webgl example: webgl_materials_texture_filters,mipmap | min | mag,webgl,Three.js,browser,,https://threejs.org/examples/webgl_materials_texture_filters.html,,2026-04-24T08:12:38.272288+00:00,three.js,webgl_materials_texture_filters
1d09827d11d01376,threejs,Webgl Materials Texture Html,Three.js webgl example: webgl_materials_texture_html,webgl,webgl,Three.js,browser,,https://threejs.org/examples/webgl_materials_texture_html.html,,2026-04-24T08:12:38.275861+00:00,three.js,webgl_materials_texture_html
5627913d29a1b1fb,threejs,Webgl Materials Texture Manualmipmap,Three.js webgl example: webgl_materials_texture_manualmipmap,mipmap | min | mag,webgl,Three.js,browser,,https://threejs.org/examples/webgl_materials_texture_manualmipmap.html,,2026-04-24T08:12:38.278769+00:00,three.js,webgl_materials_texture_manualmipmap
0efb95a547ff5bc1,threejs,Webgl Materials Texture Partialupdate,Three.js webgl example: webgl_materials_texture_partialupdate,webgl,webgl,Three.js,browser,,https://threejs.org/examples/webgl_materials_texture_partialupdate.html,,2026-04-24T08:12:38.280886+00:00,three.js,webgl_materials_texture_partialupdate
1664580511a1b085,threejs,Webgl Materials Texture Rotation,Three.js webgl example: webgl_materials_texture_rotation,webgl,webgl,Three.js,browser,,https://threejs.org/examples/webgl_materials_texture_rotation.html,,2026-04-24T08:12:38.284428+00:00,three.js,webgl_materials_texture_rotation
6a762f8f77f62a53,threejs,Webgl Materials Toon,Three.js webgl example: webgl_materials_toon,webgl,webgl,Three.js,browser,,https://threejs.org/examples/webgl_materials_toon.html,,2026-04-24T08:12:38.288011+00:00,three.js,webgl_materials_toon
334b17c9bbbd6c6d,threejs,Webgl Materials Video,Three.js webgl example: webgl_materials_video,webgl,webgl,Three.js,browser,,https://threejs.org/examples/webgl_materials_video.html,,2026-04-24T08:12:38.290891+00:00,three.js,webgl_materials_video
f3adeed29166e6d6,threejs,Webgl Materials Video Webcam,Three.js webgl example: webgl_materials_video_webcam,webgl,webgl,Three.js,browser,,https://threejs.org/examples/webgl_materials_video_webcam.html,,2026-04-24T08:12:38.293721+00:00,three.js,webgl_materials_video_webcam
9db8b9678018c918,threejs,Webgl Materials Wireframe,Three.js webgl example: webgl_materials_wireframe,derivatives,webgl,Three.js,browser,,https://threejs.org/examples/webgl_materials_wireframe.html,,2026-04-24T08:12:38.296714+00:00,three.js,webgl_materials_wireframe
3f5dccb89763090f,threejs,Webgl Math Obb,Three.js webgl example: webgl_math_obb,intersection | bounding,webgl,Three.js,browser,,https://threejs.org/examples/webgl_math_obb.html,,2026-04-24T08:12:38.309965+00:00,three.js,webgl_math_obb
a5178e5acd8c0dc6,threejs,Webgl Math Orientation Transform,Three.js webgl example: webgl_math_orientation_transform,rotation,webgl,Three.js,browser,,https://threejs.org/examples/webgl_math_orientation_transform.html,,2026-04-24T08:12:38.313395+00:00,three.js,webgl_math_orientation_transform
6cd89b539aced94c,threejs,Webgl Mesh Batch,Three.js webgl example: webgl_mesh_batch,webgl,webgl,Three.js,browser,,https://threejs.org/examples/webgl_mesh_batch.html,,2026-04-24T08:12:38.316401+00:00,three.js,webgl_mesh_batch
e7d0e931535b162c,threejs,Webgl Mirror,Three.js webgl example: webgl_mirror,reflection,webgl,Three.js,browser,,https://threejs.org/examples/webgl_mirror.html,,2026-04-24T08:12:38.320122+00:00,three.js,webgl_mirror
c8ce3bdcd8ff423b,threejs,Webgl Modifier Curve,Three.js webgl example: webgl_modifier_curve,webgl,webgl,Three.js,browser,,https://threejs.org/examples/webgl_modifier_curve.html,,2026-04-24T08:12:38.323095+00:00,three.js,webgl_modifier_curve
73521401d04a91ff,threejs,Webgl Modifier Curve Instanced,Three.js webgl example: webgl_modifier_curve_instanced,webgl,webgl,Three.js,browser,,https://threejs.org/examples/webgl_modifier_curve_instanced.html,,2026-04-24T08:12:38.326757+00:00,three.js,webgl_modifier_curve_instanced
c6456110dee6e00f,threejs,Webgl Modifier Edgesplit,Three.js webgl example: webgl_modifier_edgesplit,webgl,webgl,Three.js,browser,,https://threejs.org/examples/webgl_modifier_edgesplit.html,,2026-04-24T08:12:38.329220+00:00,three.js,webgl_modifier_edgesplit
cc200408046ca3c7,threejs,Webgl Modifier Simplifier,Three.js webgl example: webgl_modifier_simplifier,webgl,webgl,Three.js,browser,,https://threejs.org/examples/webgl_modifier_simplifier.html,,2026-04-24T08:12:38.332677+00:00,three.js,webgl_modifier_simplifier
afbba3ca31741ca2,threejs,Webgl Modifier Subdivision,Three.js webgl example: webgl_modifier_subdivision,community | smooth,webgl,Three.js,browser,,https://threejs.org/examples/webgl_modifier_subdivision.html,,2026-04-24T08:12:38.336176+00:00,three.js,webgl_modifier_subdivision
fe0790b37b726fc3,threejs,Webgl Modifier Tessellation,Three.js webgl example: webgl_modifier_tessellation,webgl,webgl,Three.js,browser,,https://threejs.org/examples/webgl_modifier_tessellation.html,,2026-04-24T08:12:38.339866+00:00,three.js,webgl_modifier_tessellation
d134f1882d1c3e23,threejs,Webgl Morphtargets,Three.js webgl example: webgl_morphtargets,webgl,webgl,Three.js,browser,,https://threejs.org/examples/webgl_morphtargets.html,,2026-04-24T08:12:38.342702+00:00,three.js,webgl_morphtargets
3196b85d52ae1c7a,threejs,Webgl Morphtargets Face,Three.js webgl example: webgl_morphtargets_face,webgl,webgl,Three.js,browser,,https://threejs.org/examples/webgl_morphtargets_face.html,,2026-04-24T08:12:38.344882+00:00,three.js,webgl_morphtargets_face
fe95d26f23cddf26,threejs,Webgl Morphtargets Horse,Three.js webgl example: webgl_morphtargets_horse,animation,webgl,Three.js,browser,,https://threejs.org/examples/webgl_morphtargets_horse.html,,2026-04-24T08:12:38.348434+00:00,three.js,webgl_morphtargets_horse
f666d4e6f2415dde,threejs,Webgl Morphtargets Sphere,Three.js webgl example: webgl_morphtargets_sphere,webgl,webgl,Three.js,browser,,https://threejs.org/examples/webgl_morphtargets_sphere.html,,2026-04-24T08:12:38.352241+00:00,three.js,webgl_morphtargets_sphere
f0116172d063f416,threejs,Webgl Morphtargets Webcam,Three.js webgl example: webgl_morphtargets_webcam,community,webgl,Three.js,browser,,https://threejs.org/examples/webgl_morphtargets_webcam.html,,2026-04-24T08:12:38.355977+00:00,three.js,webgl_morphtargets_webcam
c94e35d63b00d959,threejs,Webgl Multiple Elements,Three.js webgl example: webgl_multiple_elements,differential equations | physics,webgl,Three.js,browser,,https://threejs.org/examples/webgl_multiple_elements.html,,2026-04-24T08:12:38.359221+00:00,three.js,webgl_multiple_elements
23c97ce9ce4d871c,threejs,Webgl Multiple Elements Text,Three.js webgl example: webgl_multiple_elements_text,font,webgl,Three.js,browser,,https://threejs.org/examples/webgl_multiple_elements_text.html,,2026-04-24T08:12:38.361558+00:00,three.js,webgl_multiple_elements_text
0ed8be057d5669b8,threejs,Webgl Multiple Rendertargets,Three.js webgl / advanced example: webgl_multiple_rendertargets,webgl-/-advanced,webgl / advanced,Three.js,browser,,https://threejs.org/examples/webgl_multiple_rendertargets.html,,2026-04-24T08:12:38.652075+00:00,three.js,webgl_multiple_rendertargets
a3846a0f3795b9c7,threejs,Webgl Multiple Scenes Comparison,Three.js webgl example: webgl_multiple_scenes_comparison,webgl,webgl,Three.js,browser,,https://threejs.org/examples/webgl_multiple_scenes_comparison.html,,2026-04-24T08:12:38.364460+00:00,three.js,webgl_multiple_scenes_comparison
e24842bca6d26245,threejs,Webgl Multiple Views,Three.js webgl example: webgl_multiple_views,webgl,webgl,Three.js,browser,,https://threejs.org/examples/webgl_multiple_views.html,,2026-04-24T08:12:38.368152+00:00,three.js,webgl_multiple_views
de4c19e179aa3016,threejs,Webgl Multisampled Renderbuffers,Three.js webgl / advanced example: webgl_multisampled_renderbuffers,webgl-/-advanced,webgl / advanced,Three.js,browser,,https://threejs.org/examples/webgl_multisampled_renderbuffers.html,,2026-04-24T08:12:38.655860+00:00,three.js,webgl_multisampled_renderbuffers
41eea905d0a27d21,threejs,Webgl Panorama Cube,Three.js webgl example: webgl_panorama_cube,envmap,webgl,Three.js,browser,,https://threejs.org/examples/webgl_panorama_cube.html,,2026-04-24T08:12:38.372103+00:00,three.js,webgl_panorama_cube
a3999e0e3e6555dd,threejs,Webgl Panorama Equirectangular,Three.js webgl example: webgl_panorama_equirectangular,envmap,webgl,Three.js,browser,,https://threejs.org/examples/webgl_panorama_equirectangular.html,,2026-04-24T08:12:38.375183+00:00,three.js,webgl_panorama_equirectangular
9c68e8f82a9dc66c,threejs,Webgl Performance,Three.js webgl / advanced example: webgl_performance,webgl-/-advanced,webgl / advanced,Three.js,browser,,https://threejs.org/examples/webgl_performance.html,,2026-04-24T08:12:38.712991+00:00,three.js,webgl_performance
dde86ecf23886776,threejs,Webgl Pmrem Cubemap,Three.js webgl example: webgl_pmrem_cubemap,webgl,webgl,Three.js,browser,,https://threejs.org/examples/webgl_pmrem_cubemap.html,,2026-04-24T08:12:38.300276+00:00,three.js,webgl_pmrem_cubemap
d827639ec3f27bef,threejs,Webgl Pmrem Equirectangular,Three.js webgl example: webgl_pmrem_equirectangular,webgl,webgl,Three.js,browser,,https://threejs.org/examples/webgl_pmrem_equirectangular.html,,2026-04-24T08:12:38.303924+00:00,three.js,webgl_pmrem_equirectangular
465f71c7188fdcdb,threejs,Webgl Pmrem Test,Three.js webgl example: webgl_pmrem_test,webgl,webgl,Three.js,browser,,https://threejs.org/examples/webgl_pmrem_test.html,,2026-04-24T08:12:38.306926+00:00,three.js,webgl_pmrem_test
5753d7c64ac847d8,threejs,Webgl Points Billboards,Three.js webgl example: webgl_points_billboards,particles,webgl,Three.js,browser,,https://threejs.org/examples/webgl_points_billboards.html,,2026-04-24T08:12:38.377481+00:00,three.js,webgl_points_billboards
b2ad2bcc67db7351,threejs,Webgl Points Dynamic,Three.js webgl example: webgl_points_dynamic,particles,webgl,Three.js,browser,,https://threejs.org/examples/webgl_points_dynamic.html,,2026-04-24T08:12:38.380537+00:00,three.js,webgl_points_dynamic
503a7e594a028910,threejs,Webgl Points Sprites,Three.js webgl example: webgl_points_sprites,particles | snow,webgl,Three.js,browser,,https://threejs.org/examples/webgl_points_sprites.html,,2026-04-24T08:12:38.384914+00:00,three.js,webgl_points_sprites
caf3ec825058b4e1,threejs,Webgl Points Waves,Three.js webgl example: webgl_points_waves,particles,webgl,Three.js,browser,,https://threejs.org/examples/webgl_points_waves.html,,2026-04-24T08:12:38.388330+00:00,three.js,webgl_points_waves
d8430ec73e8f20de,threejs,Webgl Portal,Three.js webgl example: webgl_portal,frameCorners | renderTarget,webgl,Three.js,browser,,https://threejs.org/examples/webgl_portal.html,,2026-04-24T08:12:38.391745+00:00,three.js,webgl_portal
0f425cc9c168d178,threejs,Webgl Postprocessing,Three.js webgl / postprocessing example: webgl_postprocessing,webgl-/-postprocessing,webgl / postprocessing,Three.js,browser,,https://threejs.org/examples/webgl_postprocessing.html,,2026-04-24T08:12:38.480170+00:00,three.js,webgl_postprocessing
5d51ab0de395305a,threejs,Webgl Postprocessing 3Dlut,Three.js webgl / postprocessing example: webgl_postprocessing_3dlut,color grading,webgl / postprocessing,Three.js,browser,,https://threejs.org/examples/webgl_postprocessing_3dlut.html,,2026-04-24T08:12:38.483011+00:00,three.js,webgl_postprocessing_3dlut
db233fbb663e9446,threejs,Webgl Postprocessing Advanced,Three.js webgl / postprocessing example: webgl_postprocessing_advanced,webgl-/-postprocessing,webgl / postprocessing,Three.js,browser,,https://threejs.org/examples/webgl_postprocessing_advanced.html,,2026-04-24T08:12:38.485139+00:00,three.js,webgl_postprocessing_advanced
3a3a89a1da282e6c,threejs,Webgl Postprocessing Afterimage,Three.js webgl / postprocessing example: webgl_postprocessing_afterimage,trails,webgl / postprocessing,Three.js,browser,,https://threejs.org/examples/webgl_postprocessing_afterimage.html,,2026-04-24T08:12:38.488653+00:00,three.js,webgl_postprocessing_afterimage
02375b3f90418c17,threejs,Webgl Postprocessing Backgrounds,Three.js webgl / postprocessing example: webgl_postprocessing_backgrounds,webgl-/-postprocessing,webgl / postprocessing,Three.js,browser,,https://threejs.org/examples/webgl_postprocessing_backgrounds.html,,2026-04-24T08:12:38.492255+00:00,three.js,webgl_postprocessing_backgrounds
333399e6aa1e5906,threejs,Webgl Postprocessing Dof,Three.js webgl / postprocessing example: webgl_postprocessing_dof,bokeh,webgl / postprocessing,Three.js,browser,,https://threejs.org/examples/webgl_postprocessing_dof.html,,2026-04-24T08:12:38.498829+00:00,three.js,webgl_postprocessing_dof
c24f8becadb16bf1,threejs,Webgl Postprocessing Dof2,Three.js webgl / postprocessing example: webgl_postprocessing_dof2,bokeh,webgl / postprocessing,Three.js,browser,,https://threejs.org/examples/webgl_postprocessing_dof2.html,,2026-04-24T08:12:38.501469+00:00,three.js,webgl_postprocessing_dof2
3f5689bc71a61530,threejs,Webgl Postprocessing Fxaa,Three.js webgl / postprocessing example: webgl_postprocessing_fxaa,msaa | multisampled,webgl / postprocessing,Three.js,browser,,https://threejs.org/examples/webgl_postprocessing_fxaa.html,,2026-04-24T08:12:38.504408+00:00,three.js,webgl_postprocessing_fxaa
74dc0f8a887a346d,threejs,Webgl Postprocessing Glitch,Three.js webgl / postprocessing example: webgl_postprocessing_glitch,webgl-/-postprocessing,webgl / postprocessing,Three.js,browser,,https://threejs.org/examples/webgl_postprocessing_glitch.html,,2026-04-24T08:12:38.508550+00:00,three.js,webgl_postprocessing_glitch
0011ba0ae960705e,threejs,Webgl Postprocessing Godrays,Three.js webgl / postprocessing example: webgl_postprocessing_godrays,community,webgl / postprocessing,Three.js,browser,,https://threejs.org/examples/webgl_postprocessing_godrays.html,,2026-04-24T08:12:38.512276+00:00,three.js,webgl_postprocessing_godrays
b0e2de6fe60f732f,threejs,Webgl Postprocessing Gtao,Three.js webgl / postprocessing example: webgl_postprocessing_gtao,ambient occlusion,webgl / postprocessing,Three.js,browser,,https://threejs.org/examples/webgl_postprocessing_gtao.html,,2026-04-24T08:12:38.516074+00:00,three.js,webgl_postprocessing_gtao
e333139ce2401c67,threejs,Webgl Postprocessing Masking,Three.js webgl / postprocessing example: webgl_postprocessing_masking,webgl-/-postprocessing,webgl / postprocessing,Three.js,browser,,https://threejs.org/examples/webgl_postprocessing_masking.html,,2026-04-24T08:12:38.521385+00:00,three.js,webgl_postprocessing_masking
4ea020969e2f8451,threejs,Webgl Postprocessing Outline,Three.js webgl / postprocessing example: webgl_postprocessing_outline,webgl-/-postprocessing,webgl / postprocessing,Three.js,browser,,https://threejs.org/examples/webgl_postprocessing_outline.html,,2026-04-24T08:12:38.528404+00:00,three.js,webgl_postprocessing_outline
dfec4bddf6b0fe9f,threejs,Webgl Postprocessing Pixel,Three.js webgl / postprocessing example: webgl_postprocessing_pixel,webgl-/-postprocessing,webgl / postprocessing,Three.js,browser,,https://threejs.org/examples/webgl_postprocessing_pixel.html,,2026-04-24T08:12:38.531846+00:00,three.js,webgl_postprocessing_pixel
a65be4810f8e149f,threejs,Webgl Postprocessing Procedural,Three.js webgl / postprocessing example: webgl_postprocessing_procedural,webgl-/-postprocessing,webgl / postprocessing,Three.js,browser,,https://threejs.org/examples/webgl_postprocessing_procedural.html,,2026-04-24T08:12:38.534738+00:00,three.js,webgl_postprocessing_procedural
e110948637ec8994,threejs,Webgl Postprocessing Rgb Halftone,Three.js webgl / postprocessing example: webgl_postprocessing_rgb_halftone,webgl-/-postprocessing,webgl / postprocessing,Three.js,browser,,https://threejs.org/examples/webgl_postprocessing_rgb_halftone.html,,2026-04-24T08:12:38.519003+00:00,three.js,webgl_postprocessing_rgb_halftone
f12d8438b62734d2,threejs,Webgl Postprocessing Sao,Three.js webgl / postprocessing example: webgl_postprocessing_sao,ambient occlusion,webgl / postprocessing,Three.js,browser,,https://threejs.org/examples/webgl_postprocessing_sao.html,,2026-04-24T08:12:38.537665+00:00,three.js,webgl_postprocessing_sao
a23b00809b53ad49,threejs,Webgl Postprocessing Smaa,Three.js webgl / postprocessing example: webgl_postprocessing_smaa,msaa | multisampled,webgl / postprocessing,Three.js,browser,,https://threejs.org/examples/webgl_postprocessing_smaa.html,,2026-04-24T08:12:38.540479+00:00,three.js,webgl_postprocessing_smaa
be2674ba7cf01736,threejs,Webgl Postprocessing Sobel,Three.js webgl / postprocessing example: webgl_postprocessing_sobel,filter | edge detection,webgl / postprocessing,Three.js,browser,,https://threejs.org/examples/webgl_postprocessing_sobel.html,,2026-04-24T08:12:38.543983+00:00,three.js,webgl_postprocessing_sobel
7bf46ea34a651f30,threejs,Webgl Postprocessing Ssaa,Three.js webgl / postprocessing example: webgl_postprocessing_ssaa,msaa | multisampled,webgl / postprocessing,Three.js,browser,,https://threejs.org/examples/webgl_postprocessing_ssaa.html,,2026-04-24T08:12:38.524344+00:00,three.js,webgl_postprocessing_ssaa
3b9c19cad4f5e2ef,threejs,Webgl Postprocessing Ssao,Three.js webgl / postprocessing example: webgl_postprocessing_ssao,ambient occlusion,webgl / postprocessing,Three.js,browser,,https://threejs.org/examples/webgl_postprocessing_ssao.html,,2026-04-24T08:12:38.547957+00:00,three.js,webgl_postprocessing_ssao
068f659b69003326,threejs,Webgl Postprocessing Ssr,Three.js webgl / postprocessing example: webgl_postprocessing_ssr,webgl-/-postprocessing,webgl / postprocessing,Three.js,browser,,https://threejs.org/examples/webgl_postprocessing_ssr.html,,2026-04-24T08:12:38.550781+00:00,three.js,webgl_postprocessing_ssr
c0517b03980faba7,threejs,Webgl Postprocessing Taa,Three.js webgl / postprocessing example: webgl_postprocessing_taa,webgl-/-postprocessing,webgl / postprocessing,Three.js,browser,,https://threejs.org/examples/webgl_postprocessing_taa.html,,2026-04-24T08:12:38.552963+00:00,three.js,webgl_postprocessing_taa
202792e6fc8921a3,threejs,Webgl Postprocessing Transition,Three.js webgl / postprocessing example: webgl_postprocessing_transition,webgl-/-postprocessing,webgl / postprocessing,Three.js,browser,,https://threejs.org/examples/webgl_postprocessing_transition.html,,2026-04-24T08:12:38.495807+00:00,three.js,webgl_postprocessing_transition
5b0d2db90752f48f,threejs,Webgl Postprocessing Unreal Bloom,Three.js webgl / postprocessing example: webgl_postprocessing_unreal_bloom,glow,webgl / postprocessing,Three.js,browser,,https://threejs.org/examples/webgl_postprocessing_unreal_bloom.html,,2026-04-24T08:12:38.556617+00:00,three.js,webgl_postprocessing_unreal_bloom
b38da6f108de3767,threejs,Webgl Postprocessing Unreal Bloom Selective,Three.js webgl / postprocessing example: webgl_postprocessing_unreal_bloom_selective,glow,webgl / postprocessing,Three.js,browser,,https://threejs.org/examples/webgl_postprocessing_unreal_bloom_selective.html,,2026-04-24T08:12:38.560205+00:00,three.js,webgl_postprocessing_unreal_bloom_selective
fd5cf99da9415227,threejs,Webgl Random Uv,Three.js webgl example: webgl_random_uv,webgl,webgl,Three.js,browser,,https://threejs.org/examples/webgl_random_uv.html,,2026-04-24T08:12:38.393888+00:00,three.js,webgl_random_uv
2e683148201948a0,threejs,Webgl Raycaster Bvh,Three.js webgl example: webgl_raycaster_bvh,community | query | bounds | tree | accelerate | performance | extension | plugin | library | three-mesh-bvh,webgl,Three.js,browser,,https://threejs.org/examples/webgl_raycaster_bvh.html,,2026-04-24T08:12:38.396841+00:00,three.js,webgl_raycaster_bvh
e1a3cf641aa1387a,threejs,Webgl Raycaster Sprite,Three.js webgl example: webgl_raycaster_sprite,webgl,webgl,Three.js,browser,,https://threejs.org/examples/webgl_raycaster_sprite.html,,2026-04-24T08:12:38.400669+00:00,three.js,webgl_raycaster_sprite
8e41918bee0232f3,threejs,Webgl Raycaster Texture,Three.js webgl example: webgl_raycaster_texture,webgl,webgl,Three.js,browser,,https://threejs.org/examples/webgl_raycaster_texture.html,,2026-04-24T08:12:38.404094+00:00,three.js,webgl_raycaster_texture
287e1c9dd46c413d,threejs,Webgl Read Float Buffer,Three.js webgl example: webgl_read_float_buffer,texture,webgl,Three.js,browser,,https://threejs.org/examples/webgl_read_float_buffer.html,,2026-04-24T08:12:38.407016+00:00,three.js,webgl_read_float_buffer
01c09e1747d66b13,threejs,Webgl Refraction,Three.js webgl example: webgl_refraction,water,webgl,Three.js,browser,,https://threejs.org/examples/webgl_refraction.html,,2026-04-24T08:12:38.412841+00:00,three.js,webgl_refraction
c406f05609beb98b,threejs,Webgl Renderer Pathtracer,Three.js webgl example: webgl_renderer_pathtracer,community | raytracing | pathtracing | library | plugin | extension | three-gpu-pathtracer | three-mesh-bvh,webgl,Three.js,browser,,https://threejs.org/examples/webgl_renderer_pathtracer.html,,2026-04-24T08:12:38.409309+00:00,three.js,webgl_renderer_pathtracer
89fe9eeba944c9f2,threejs,Webgl Rendertarget Texture2Darray,Three.js webgl / advanced example: webgl_rendertarget_texture2darray,webgl-/-advanced,webgl / advanced,Three.js,browser,,https://threejs.org/examples/webgl_rendertarget_texture2darray.html,,2026-04-24T08:12:38.658607+00:00,three.js,webgl_rendertarget_texture2darray
aaefbe40f2ba21c5,threejs,Webgl Reversed Depth Buffer,Three.js webgl / advanced example: webgl_reversed_depth_buffer,webgl-/-advanced,webgl / advanced,Three.js,browser,,https://threejs.org/examples/webgl_reversed_depth_buffer.html,,2026-04-24T08:12:38.661407+00:00,three.js,webgl_reversed_depth_buffer
b2b555fc56120d4b,threejs,Webgl Rtt,Three.js webgl example: webgl_rtt,renderTarget | texture,webgl,Three.js,browser,,https://threejs.org/examples/webgl_rtt.html,,2026-04-24T08:12:38.416346+00:00,three.js,webgl_rtt
47cc899b26191986,threejs,Webgl Shader,Three.js webgl example: webgl_shader,webgl,webgl,Three.js,browser,,https://threejs.org/examples/webgl_shader.html,,2026-04-24T08:12:38.420018+00:00,three.js,webgl_shader
1121eec6605fc90c,threejs,Webgl Shader Lava,Three.js webgl example: webgl_shader_lava,webgl,webgl,Three.js,browser,,https://threejs.org/examples/webgl_shader_lava.html,,2026-04-24T08:12:38.423799+00:00,three.js,webgl_shader_lava
34c1a07b77b4efb6,threejs,Webgl Shaders Ocean,Three.js webgl example: webgl_shaders_ocean,water,webgl,Three.js,browser,,https://threejs.org/examples/webgl_shaders_ocean.html,,2026-04-24T08:12:38.426739+00:00,three.js,webgl_shaders_ocean
2161ff68ad3953c2,threejs,Webgl Shaders Sky,Three.js webgl example: webgl_shaders_sky,sun,webgl,Three.js,browser,,https://threejs.org/examples/webgl_shaders_sky.html,,2026-04-24T08:12:38.429000+00:00,three.js,webgl_shaders_sky
fcaf0b05bf72bb6a,threejs,Webgl Shadow Contact,Three.js webgl example: webgl_shadow_contact,onBeforeCompile | soft,webgl,Three.js,browser,,https://threejs.org/examples/webgl_shadow_contact.html,,2026-04-24T08:12:38.432506+00:00,three.js,webgl_shadow_contact
1da59cc545317605,threejs,Webgl Shadowmap,Three.js webgl example: webgl_shadowmap,webgl,webgl,Three.js,browser,,https://threejs.org/examples/webgl_shadowmap.html,,2026-04-24T08:12:38.436274+00:00,three.js,webgl_shadowmap
74b33c391fc97873,threejs,Webgl Shadowmap Csm,Three.js webgl / advanced example: webgl_shadowmap_csm,cascade,webgl / advanced,Three.js,browser,,https://threejs.org/examples/webgl_shadowmap_csm.html,,2026-04-24T08:12:38.664229+00:00,three.js,webgl_shadowmap_csm
2d465b079a7f1002,threejs,Webgl Shadowmap Pcss,Three.js webgl / advanced example: webgl_shadowmap_pcss,soft,webgl / advanced,Three.js,browser,,https://threejs.org/examples/webgl_shadowmap_pcss.html,,2026-04-24T08:12:38.667777+00:00,three.js,webgl_shadowmap_pcss
440bc09bbdaa608e,threejs,Webgl Shadowmap Performance,Three.js webgl example: webgl_shadowmap_performance,webgl,webgl,Three.js,browser,,https://threejs.org/examples/webgl_shadowmap_performance.html,,2026-04-24T08:12:38.440234+00:00,three.js,webgl_shadowmap_performance
8f0ba7b356602c9a,threejs,Webgl Shadowmap Pointlight,Three.js webgl example: webgl_shadowmap_pointlight,webgl,webgl,Three.js,browser,,https://threejs.org/examples/webgl_shadowmap_pointlight.html,,2026-04-24T08:12:38.444007+00:00,three.js,webgl_shadowmap_pointlight
bf52a4fa90c05ecf,threejs,Webgl Shadowmap Progressive,Three.js webgl / advanced example: webgl_shadowmap_progressive,shadow | soft | lightmap | onBeforeCompile,webgl / advanced,Three.js,browser,,https://threejs.org/examples/webgl_shadowmap_progressive.html,,2026-04-24T08:12:38.670576+00:00,three.js,webgl_shadowmap_progressive
d344458406c1cbcf,threejs,Webgl Shadowmap Viewer,Three.js webgl example: webgl_shadowmap_viewer,directional | spot,webgl,Three.js,browser,,https://threejs.org/examples/webgl_shadowmap_viewer.html,,2026-04-24T08:12:38.447052+00:00,three.js,webgl_shadowmap_viewer
d85eebddf60eb42f,threejs,Webgl Shadowmap Vsm,Three.js webgl example: webgl_shadowmap_vsm,webgl,webgl,Three.js,browser,,https://threejs.org/examples/webgl_shadowmap_vsm.html,,2026-04-24T08:12:38.449483+00:00,three.js,webgl_shadowmap_vsm
57b1ef8a9c097f47,threejs,Webgl Shadowmesh,Three.js webgl example: webgl_shadowmesh,webgl,webgl,Three.js,browser,,https://threejs.org/examples/webgl_shadowmesh.html,,2026-04-24T08:12:38.452431+00:00,three.js,webgl_shadowmesh
b50e96fe71880b6b,threejs,Webgl Simple Gi,Three.js webgl / advanced example: webgl_simple_gi,global illumination,webgl / advanced,Three.js,browser,,https://threejs.org/examples/webgl_simple_gi.html,,2026-04-24T08:12:38.673336+00:00,three.js,webgl_simple_gi
3a301fe289de99f0,threejs,Webgl Sprites,Three.js webgl example: webgl_sprites,webgl,webgl,Three.js,browser,,https://threejs.org/examples/webgl_sprites.html,,2026-04-24T08:12:38.455986+00:00,three.js,webgl_sprites
51c09a0cf6e6eaa1,threejs,Webgl Test Memory,Three.js webgl example: webgl_test_memory,webgl,webgl,Three.js,browser,,https://threejs.org/examples/webgl_test_memory.html,,2026-04-24T08:12:38.458886+00:00,three.js,webgl_test_memory
7ba0ca110efddefc,threejs,Webgl Test Memory2,Three.js webgl example: webgl_test_memory2,webgl,webgl,Three.js,browser,,https://threejs.org/examples/webgl_test_memory2.html,,2026-04-24T08:12:38.461042+00:00,three.js,webgl_test_memory2
4ab3aad4fc5d5f53,threejs,Webgl Test Wide Gamut,Three.js webgl example: webgl_test_wide_gamut,webgl,webgl,Three.js,browser,,https://threejs.org/examples/webgl_test_wide_gamut.html,,2026-04-24T08:12:38.464625+00:00,three.js,webgl_test_wide_gamut
604c0305216c6b99,threejs,Webgl Texture2Darray,Three.js webgl / advanced example: webgl_texture2darray,webgl-/-advanced,webgl / advanced,Three.js,browser,,https://threejs.org/examples/webgl_texture2darray.html,,2026-04-24T08:12:38.676829+00:00,three.js,webgl_texture2darray
8acef25cfad95a48,threejs,Webgl Texture2Darray Compressed,Three.js webgl / advanced example: webgl_texture2darray_compressed,webgl-/-advanced,webgl / advanced,Three.js,browser,,https://threejs.org/examples/webgl_texture2darray_compressed.html,,2026-04-24T08:12:38.680266+00:00,three.js,webgl_texture2darray_compressed
8b2d8923a279ef9e,threejs,Webgl Texture2Darray Layerupdate,Three.js webgl / advanced example: webgl_texture2darray_layerupdate,webgl-/-advanced,webgl / advanced,Three.js,browser,,https://threejs.org/examples/webgl_texture2darray_layerupdate.html,,2026-04-24T08:12:38.683781+00:00,three.js,webgl_texture2darray_layerupdate
92e07a667e33ae4d,threejs,Webgl Texture3D,Three.js webgl / advanced example: webgl_texture3d,webgl-/-advanced,webgl / advanced,Three.js,browser,,https://threejs.org/examples/webgl_texture3d.html,,2026-04-24T08:12:38.686656+00:00,three.js,webgl_texture3d
e914365ff0ee99ce,threejs,Webgl Texture3D Partialupdate,Three.js webgl / advanced example: webgl_texture3d_partialupdate,webgl-/-advanced,webgl / advanced,Three.js,browser,,https://threejs.org/examples/webgl_texture3d_partialupdate.html,,2026-04-24T08:12:38.689260+00:00,three.js,webgl_texture3d_partialupdate
7210e35b38108e89,threejs,Webgl Tonemapping,Three.js webgl example: webgl_tonemapping,gltf,webgl,Three.js,browser,,https://threejs.org/examples/webgl_tonemapping.html,,2026-04-24T08:12:38.468328+00:00,three.js,webgl_tonemapping
c2621266ae19d846,threejs,Webgl Tsl Clearcoat,Three.js webgl / tsl example: webgl_tsl_clearcoat,webgl-/-tsl,webgl / tsl,Three.js,browser,,https://threejs.org/examples/webgl_tsl_clearcoat.html,,2026-04-24T08:12:38.723062+00:00,three.js,webgl_tsl_clearcoat
d112092a62a7af7a,threejs,Webgl Tsl Instancing,Three.js webgl / tsl example: webgl_tsl_instancing,webgl-/-tsl,webgl / tsl,Three.js,browser,,https://threejs.org/examples/webgl_tsl_instancing.html,,2026-04-24T08:12:38.725225+00:00,three.js,webgl_tsl_instancing
f896b8cfbf2d061e,threejs,Webgl Tsl Shadowmap,Three.js webgl / tsl example: webgl_tsl_shadowmap,webgl-/-tsl,webgl / tsl,Three.js,browser,,https://threejs.org/examples/webgl_tsl_shadowmap.html,,2026-04-24T08:12:38.716455+00:00,three.js,webgl_tsl_shadowmap
d71eb9c6533bf095,threejs,Webgl Tsl Skinning,Three.js webgl / tsl example: webgl_tsl_skinning,webgl-/-tsl,webgl / tsl,Three.js,browser,,https://threejs.org/examples/webgl_tsl_skinning.html,,2026-04-24T08:12:38.720130+00:00,three.js,webgl_tsl_skinning
1bea48346f7f592a,threejs,Webgl Ubo,Three.js webgl / advanced example: webgl_ubo,webgl-/-advanced,webgl / advanced,Three.js,browser,,https://threejs.org/examples/webgl_ubo.html,,2026-04-24T08:12:38.692952+00:00,three.js,webgl_ubo
fda89f38fc40618a,threejs,Webgl Ubo Arrays,Three.js webgl / advanced example: webgl_ubo_arrays,webgl-/-advanced,webgl / advanced,Three.js,browser,,https://threejs.org/examples/webgl_ubo_arrays.html,,2026-04-24T08:12:38.696595+00:00,three.js,webgl_ubo_arrays
afda3eca3c0c7a62,threejs,Webgl Video Kinect,Three.js webgl example: webgl_video_kinect,webgl,webgl,Three.js,browser,,https://threejs.org/examples/webgl_video_kinect.html,,2026-04-24T08:12:38.471790+00:00,three.js,webgl_video_kinect
232bdc03515164c7,threejs,Webgl Video Panorama Equirectangular,Three.js webgl example: webgl_video_panorama_equirectangular,webgl,webgl,Three.js,browser,,https://threejs.org/examples/webgl_video_panorama_equirectangular.html,,2026-04-24T08:12:38.473971+00:00,three.js,webgl_video_panorama_equirectangular
4b97aaaf7870a3f5,threejs,Webgl Volume Cloud,Three.js webgl / advanced example: webgl_volume_cloud,webgl-/-advanced,webgl / advanced,Three.js,browser,,https://threejs.org/examples/webgl_volume_cloud.html,,2026-04-24T08:12:38.700426+00:00,three.js,webgl_volume_cloud
26b9250ec038d5e9,threejs,Webgl Volume Instancing,Three.js webgl / advanced example: webgl_volume_instancing,webgl-/-advanced,webgl / advanced,Three.js,browser,,https://threejs.org/examples/webgl_volume_instancing.html,,2026-04-24T08:12:38.703894+00:00,three.js,webgl_volume_instancing
abac8d7bed258582,threejs,Webgl Volume Perlin,Three.js webgl / advanced example: webgl_volume_perlin,webgl-/-advanced,webgl / advanced,Three.js,browser,,https://threejs.org/examples/webgl_volume_perlin.html,,2026-04-24T08:12:38.708005+00:00,three.js,webgl_volume_perlin
4954c2ee55161019,threejs,Webgl Watch,Three.js webgl example: webgl_watch,webgl,webgl,Three.js,browser,,https://threejs.org/examples/webgl_watch.html,,2026-04-24T08:12:38.476696+00:00,three.js,webgl_watch
4b9c445b5ef449f0,threejs,Webgl Worker Offscreencanvas,Three.js webgl / advanced example: webgl_worker_offscreencanvas,webgl-/-advanced,webgl / advanced,Three.js,browser,,https://threejs.org/examples/webgl_worker_offscreencanvas.html,,2026-04-24T08:12:38.710766+00:00,three.js,webgl_worker_offscreencanvas
0a3d030915c55c2a,threejs,Webgpu Animation Retargeting,Three.js webgpu (wip) example: webgpu_animation_retargeting,webgpu-(wip),webgpu (wip),Three.js,browser,,https://threejs.org/examples/webgpu_animation_retargeting.html,,2026-04-24T08:12:38.728616+00:00,three.js,webgpu_animation_retargeting
3bf7146552e549df,threejs,Webgpu Animation Retargeting Readyplayer,Three.js webgpu (wip) example: webgpu_animation_retargeting_readyplayer,webgpu-(wip),webgpu (wip),Three.js,browser,,https://threejs.org/examples/webgpu_animation_retargeting_readyplayer.html,,2026-04-24T08:12:38.732344+00:00,three.js,webgpu_animation_retargeting_readyplayer
915e3b297c5d7adc,threejs,Webgpu Backdrop,Three.js webgpu (wip) example: webgpu_backdrop,webgpu-(wip),webgpu (wip),Three.js,browser,,https://threejs.org/examples/webgpu_backdrop.html,,2026-04-24T08:12:38.735786+00:00,three.js,webgpu_backdrop
a6631a18ccfe58d8,threejs,Webgpu Backdrop Area,Three.js webgpu (wip) example: webgpu_backdrop_area,webgpu-(wip),webgpu (wip),Three.js,browser,,https://threejs.org/examples/webgpu_backdrop_area.html,,2026-04-24T08:12:38.738788+00:00,three.js,webgpu_backdrop_area
090f5cd1c96f8c7e,threejs,Webgpu Backdrop Water,Three.js webgpu (wip) example: webgpu_backdrop_water,webgpu-(wip),webgpu (wip),Three.js,browser,,https://threejs.org/examples/webgpu_backdrop_water.html,,2026-04-24T08:12:38.740979+00:00,three.js,webgpu_backdrop_water
8c14e881c66ebeee,threejs,Webgpu Camera,Three.js webgpu (wip) example: webgpu_camera,webgpu-(wip),webgpu (wip),Three.js,browser,,https://threejs.org/examples/webgpu_camera.html,,2026-04-24T08:12:38.744455+00:00,three.js,webgpu_camera
bb00d6a5c26f7d7e,threejs,Webgpu Camera Array,Three.js webgpu (wip) example: webgpu_camera_array,webgpu-(wip),webgpu (wip),Three.js,browser,,https://threejs.org/examples/webgpu_camera_array.html,,2026-04-24T08:12:38.747951+00:00,three.js,webgpu_camera_array
51061efa1a6405fb,threejs,Webgpu Camera Logarithmicdepthbuffer,Three.js webgpu (wip) example: webgpu_camera_logarithmicdepthbuffer,webgpu-(wip),webgpu (wip),Three.js,browser,,https://threejs.org/examples/webgpu_camera_logarithmicdepthbuffer.html,,2026-04-24T08:12:38.750933+00:00,three.js,webgpu_camera_logarithmicdepthbuffer
9cf8ce407a6b2c28,threejs,Webgpu Caustics,Three.js webgpu (wip) example: webgpu_caustics,webgpu-(wip),webgpu (wip),Three.js,browser,,https://threejs.org/examples/webgpu_caustics.html,,2026-04-24T08:12:38.753972+00:00,three.js,webgpu_caustics
3fc0fc9617e19b8e,threejs,Webgpu Centroid Sampling,Three.js webgpu (wip) example: webgpu_centroid_sampling,webgpu-(wip),webgpu (wip),Three.js,browser,,https://threejs.org/examples/webgpu_centroid_sampling.html,,2026-04-24T08:12:38.756993+00:00,three.js,webgpu_centroid_sampling
4dc724f6ad906a60,threejs,Webgpu Clearcoat,Three.js webgpu (wip) example: webgpu_clearcoat,anisotropy,webgpu (wip),Three.js,browser,,https://threejs.org/examples/webgpu_clearcoat.html,,2026-04-24T08:12:38.760661+00:00,three.js,webgpu_clearcoat
c71be2dfd5b37e81,threejs,Webgpu Clipping,Three.js webgpu (wip) example: webgpu_clipping,solid,webgpu (wip),Three.js,browser,,https://threejs.org/examples/webgpu_clipping.html,,2026-04-24T08:12:38.764824+00:00,three.js,webgpu_clipping
1abbd2f4f27e08bc,threejs,Webgpu Compile Async,Three.js webgpu (wip) example: webgpu_compile_async,webgpu-(wip),webgpu (wip),Three.js,browser,,https://threejs.org/examples/webgpu_compile_async.html,,2026-04-24T08:12:38.769525+00:00,three.js,webgpu_compile_async
a1b7a3f1d5f0e0b4,threejs,Webgpu Compute Audio,Three.js webgpu (wip) example: webgpu_compute_audio,gpgpu,webgpu (wip),Three.js,browser,,https://threejs.org/examples/webgpu_compute_audio.html,,2026-04-24T08:12:38.772928+00:00,three.js,webgpu_compute_audio
19f550202ce255b0,threejs,Webgpu Compute Birds,Three.js webgpu (wip) example: webgpu_compute_birds,gpgpu,webgpu (wip),Three.js,browser,,https://threejs.org/examples/webgpu_compute_birds.html,,2026-04-24T08:12:38.776740+00:00,three.js,webgpu_compute_birds
2fd32531bf5a8c90,threejs,Webgpu Compute Cloth,Three.js webgpu (wip) example: webgpu_compute_cloth,webgpu-(wip),webgpu (wip),Three.js,browser,,https://threejs.org/examples/webgpu_compute_cloth.html,,2026-04-24T08:12:38.780613+00:00,three.js,webgpu_compute_cloth
7d5a71163bcb2157,threejs,Webgpu Compute Geometry,Three.js webgpu (wip) example: webgpu_compute_geometry,gpgpu,webgpu (wip),Three.js,browser,,https://threejs.org/examples/webgpu_compute_geometry.html,,2026-04-24T08:12:38.786045+00:00,three.js,webgpu_compute_geometry
de4c27260b708211,threejs,Webgpu Compute Particles,Three.js webgpu (wip) example: webgpu_compute_particles,gpgpu,webgpu (wip),Three.js,browser,,https://threejs.org/examples/webgpu_compute_particles.html,,2026-04-24T08:12:38.788969+00:00,three.js,webgpu_compute_particles
44a168fc32bb4ebd,threejs,Webgpu Compute Particles Fluid,Three.js webgpu (wip) example: webgpu_compute_particles_fluid,webgpu-(wip),webgpu (wip),Three.js,browser,,https://threejs.org/examples/webgpu_compute_particles_fluid.html,,2026-04-24T08:12:38.792540+00:00,three.js,webgpu_compute_particles_fluid
5382af3bbe715bb5,threejs,Webgpu Compute Particles Rain,Three.js webgpu (wip) example: webgpu_compute_particles_rain,gpgpu,webgpu (wip),Three.js,browser,,https://threejs.org/examples/webgpu_compute_particles_rain.html,,2026-04-24T08:12:38.796194+00:00,three.js,webgpu_compute_particles_rain
ad8051660d58acda,threejs,Webgpu Compute Particles Snow,Three.js webgpu (wip) example: webgpu_compute_particles_snow,community | webgpu,webgpu (wip),Three.js,browser,,https://threejs.org/examples/webgpu_compute_particles_snow.html,,2026-04-24T08:12:38.800281+00:00,three.js,webgpu_compute_particles_snow
30dbdb9bd2fbeeba,threejs,Webgpu Compute Points,Three.js webgpu (wip) example: webgpu_compute_points,gpgpu,webgpu (wip),Three.js,browser,,https://threejs.org/examples/webgpu_compute_points.html,,2026-04-24T08:12:38.804084+00:00,three.js,webgpu_compute_points
edee5baac257e332,threejs,Webgpu Compute Reduce,Three.js webgpu (wip) example: webgpu_compute_reduce,gpgpu,webgpu (wip),Three.js,browser,,https://threejs.org/examples/webgpu_compute_reduce.html,,2026-04-24T08:12:38.807150+00:00,three.js,webgpu_compute_reduce
161d0c4ca06dde91,threejs,Webgpu Compute Sort Bitonic,Three.js webgpu (wip) example: webgpu_compute_sort_bitonic,gpgpu,webgpu (wip),Three.js,browser,,https://threejs.org/examples/webgpu_compute_sort_bitonic.html,,2026-04-24T08:12:38.809346+00:00,three.js,webgpu_compute_sort_bitonic
080eb910a01dbacc,threejs,Webgpu Compute Texture,Three.js webgpu (wip) example: webgpu_compute_texture,gpgpu,webgpu (wip),Three.js,browser,,https://threejs.org/examples/webgpu_compute_texture.html,,2026-04-24T08:12:38.812188+00:00,three.js,webgpu_compute_texture
1bdca27d77260f85,threejs,Webgpu Compute Texture 3D,Three.js webgpu (wip) example: webgpu_compute_texture_3d,webgpu-(wip),webgpu (wip),Three.js,browser,,https://threejs.org/examples/webgpu_compute_texture_3d.html,,2026-04-24T08:12:38.815951+00:00,three.js,webgpu_compute_texture_3d
9a28033943bca5f3,threejs,Webgpu Compute Texture Pingpong,Three.js webgpu (wip) example: webgpu_compute_texture_pingpong,gpgpu,webgpu (wip),Three.js,browser,,https://threejs.org/examples/webgpu_compute_texture_pingpong.html,,2026-04-24T08:12:38.819018+00:00,three.js,webgpu_compute_texture_pingpong
3ca36ccb1a1c5672,threejs,Webgpu Compute Water,Three.js webgpu (wip) example: webgpu_compute_water,gpgpu | struct,webgpu (wip),Three.js,browser,,https://threejs.org/examples/webgpu_compute_water.html,,2026-04-24T08:12:38.821508+00:00,three.js,webgpu_compute_water
f095475e48205dac,threejs,Webgpu Cubemap Adjustments,Three.js webgpu (wip) example: webgpu_cubemap_adjustments,webgpu-(wip),webgpu (wip),Three.js,browser,,https://threejs.org/examples/webgpu_cubemap_adjustments.html,,2026-04-24T08:12:38.824366+00:00,three.js,webgpu_cubemap_adjustments
eb2e2c87ab7da51b,threejs,Webgpu Cubemap Dynamic,Three.js webgpu (wip) example: webgpu_cubemap_dynamic,webgpu-(wip),webgpu (wip),Three.js,browser,,https://threejs.org/examples/webgpu_cubemap_dynamic.html,,2026-04-24T08:12:38.827901+00:00,three.js,webgpu_cubemap_dynamic
8adb59fce4a47165,threejs,Webgpu Cubemap Mix,Three.js webgpu (wip) example: webgpu_cubemap_mix,webgpu-(wip),webgpu (wip),Three.js,browser,,https://threejs.org/examples/webgpu_cubemap_mix.html,,2026-04-24T08:12:38.830718+00:00,three.js,webgpu_cubemap_mix
6973cb543514bcba,threejs,Webgpu Custom Fog,Three.js webgpu (wip) example: webgpu_custom_fog,webgpu-(wip),webgpu (wip),Three.js,browser,,https://threejs.org/examples/webgpu_custom_fog.html,,2026-04-24T08:12:38.833030+00:00,three.js,webgpu_custom_fog
69117ab6c36434a4,threejs,Webgpu Custom Fog Background,Three.js webgpu (wip) example: webgpu_custom_fog_background,webgpu-(wip),webgpu (wip),Three.js,browser,,https://threejs.org/examples/webgpu_custom_fog_background.html,,2026-04-24T08:12:38.836512+00:00,three.js,webgpu_custom_fog_background
5585ea48662e8e91,threejs,Webgpu Custom Fog Scattering,Three.js webgpu (wip) example: webgpu_custom_fog_scattering,webgpu-(wip),webgpu (wip),Three.js,browser,,https://threejs.org/examples/webgpu_custom_fog_scattering.html,,2026-04-24T08:12:38.840141+00:00,three.js,webgpu_custom_fog_scattering
222ed8de772605a5,threejs,Webgpu Depth Texture,Three.js webgpu (wip) example: webgpu_depth_texture,renderTarget,webgpu (wip),Three.js,browser,,https://threejs.org/examples/webgpu_depth_texture.html,,2026-04-24T08:12:38.844023+00:00,three.js,webgpu_depth_texture
7eb8cf7b60403c85,threejs,Webgpu Display Stereo,Three.js webgpu (wip) example: webgpu_display_stereo,webgpu-(wip),webgpu (wip),Three.js,browser,,https://threejs.org/examples/webgpu_display_stereo.html,,2026-04-24T08:12:38.847056+00:00,three.js,webgpu_display_stereo
a05cfd4c150d2a3b,threejs,Webgpu Equirectangular,Three.js webgpu (wip) example: webgpu_equirectangular,webgpu-(wip),webgpu (wip),Three.js,browser,,https://threejs.org/examples/webgpu_equirectangular.html,,2026-04-24T08:12:38.849410+00:00,three.js,webgpu_equirectangular
27e4a2e6581983fd,threejs,Webgpu Fog Height,Three.js webgpu (wip) example: webgpu_fog_height,webgpu-(wip),webgpu (wip),Three.js,browser,,https://threejs.org/examples/webgpu_fog_height.html,,2026-04-24T08:12:38.852313+00:00,three.js,webgpu_fog_height
a397b5fca5a06987,threejs,Webgpu Hdr,Three.js webgpu (wip) example: webgpu_hdr,webgpu-(wip),webgpu (wip),Three.js,browser,,https://threejs.org/examples/webgpu_hdr.html,,2026-04-24T08:12:38.855744+00:00,three.js,webgpu_hdr
c09d4a2a17f47f36,threejs,Webgpu Instance Mesh,Three.js webgpu (wip) example: webgpu_instance_mesh,webgpu-(wip),webgpu (wip),Three.js,browser,,https://threejs.org/examples/webgpu_instance_mesh.html,,2026-04-24T08:12:38.857964+00:00,three.js,webgpu_instance_mesh
00cefc9586b64482,threejs,Webgpu Instance Path,Three.js webgpu (wip) example: webgpu_instance_path,webgpu-(wip),webgpu (wip),Three.js,browser,,https://threejs.org/examples/webgpu_instance_path.html,,2026-04-24T08:12:38.860764+00:00,three.js,webgpu_instance_path
d805e35d08dfac6e,threejs,Webgpu Instance Points,Three.js webgpu (wip) example: webgpu_instance_points,webgpu-(wip),webgpu (wip),Three.js,browser,,https://threejs.org/examples/webgpu_instance_points.html,,2026-04-24T08:12:38.864259+00:00,three.js,webgpu_instance_points
c0c27b724267074e,threejs,Webgpu Instance Sprites,Three.js webgpu (wip) example: webgpu_instance_sprites,webgpu-(wip),webgpu (wip),Three.js,browser,,https://threejs.org/examples/webgpu_instance_sprites.html,,2026-04-24T08:12:38.867761+00:00,three.js,webgpu_instance_sprites
0cb17c5d1c450964,threejs,Webgpu Instance Uniform,Three.js webgpu (wip) example: webgpu_instance_uniform,webgpu-(wip),webgpu (wip),Three.js,browser,,https://threejs.org/examples/webgpu_instance_uniform.html,,2026-04-24T08:12:38.870634+00:00,three.js,webgpu_instance_uniform
4c9850dd09959188,threejs,Webgpu Instancing Morph,Three.js webgpu (wip) example: webgpu_instancing_morph,webgpu-(wip),webgpu (wip),Three.js,browser,,https://threejs.org/examples/webgpu_instancing_morph.html,,2026-04-24T08:12:38.872995+00:00,three.js,webgpu_instancing_morph
841d5b3589ca85e7,threejs,Webgpu Layers,Three.js webgpu (wip) example: webgpu_layers,webgpu-(wip),webgpu (wip),Three.js,browser,,https://threejs.org/examples/webgpu_layers.html,,2026-04-24T08:12:38.876590+00:00,three.js,webgpu_layers
5e3e1ac323c08f82,threejs,Webgpu Lensflares,Three.js webgpu (wip) example: webgpu_lensflares,webgpu-(wip),webgpu (wip),Three.js,browser,,https://threejs.org/examples/webgpu_lensflares.html,,2026-04-24T08:12:38.880098+00:00,three.js,webgpu_lensflares
d1a9ff23d418ab00,threejs,Webgpu Lightprobe,Three.js webgpu (wip) example: webgpu_lightprobe,webgpu-(wip),webgpu (wip),Three.js,browser,,https://threejs.org/examples/webgpu_lightprobe.html,,2026-04-24T08:12:38.883052+00:00,three.js,webgpu_lightprobe
7250ce2dab575e45,threejs,Webgpu Lightprobe Cubecamera,Three.js webgpu (wip) example: webgpu_lightprobe_cubecamera,webgpu-(wip),webgpu (wip),Three.js,browser,,https://threejs.org/examples/webgpu_lightprobe_cubecamera.html,,2026-04-24T08:12:38.885245+00:00,three.js,webgpu_lightprobe_cubecamera
dd1cc6a350ca0bac,threejs,Webgpu Lights Custom,Three.js webgpu (wip) example: webgpu_lights_custom,webgpu-(wip),webgpu (wip),Three.js,browser,,https://threejs.org/examples/webgpu_lights_custom.html,,2026-04-24T08:12:38.888811+00:00,three.js,webgpu_lights_custom
ace3ba193bebe48e,threejs,Webgpu Lights Dynamic,Three.js webgpu (wip) example: webgpu_lights_dynamic,webgpu-(wip),webgpu (wip),Three.js,browser,,https://threejs.org/examples/webgpu_lights_dynamic.html,,2026-04-24T08:12:38.892355+00:00,three.js,webgpu_lights_dynamic
0a239ee54d6195a5,threejs,Webgpu Lights Ies Spotlight,Three.js webgpu (wip) example: webgpu_lights_ies_spotlight,webgpu-(wip),webgpu (wip),Three.js,browser,,https://threejs.org/examples/webgpu_lights_ies_spotlight.html,,2026-04-24T08:12:38.896282+00:00,three.js,webgpu_lights_ies_spotlight
d74537315b649d4a,threejs,Webgpu Lights Phong,Three.js webgpu (wip) example: webgpu_lights_phong,webgpu-(wip),webgpu (wip),Three.js,browser,,https://threejs.org/examples/webgpu_lights_phong.html,,2026-04-24T08:12:38.899784+00:00,three.js,webgpu_lights_phong
20da1f72deb89cac,threejs,Webgpu Lights Physical,Three.js webgpu (wip) example: webgpu_lights_physical,webgpu-(wip),webgpu (wip),Three.js,browser,,https://threejs.org/examples/webgpu_lights_physical.html,,2026-04-24T08:12:38.902603+00:00,three.js,webgpu_lights_physical
e53d5949c23791b4,threejs,Webgpu Lights Pointlights,Three.js webgpu (wip) example: webgpu_lights_pointlights,webgpu-(wip),webgpu (wip),Three.js,browser,,https://threejs.org/examples/webgpu_lights_pointlights.html,,2026-04-24T08:12:38.905010+00:00,three.js,webgpu_lights_pointlights
25b42bd13d659bfb,threejs,Webgpu Lights Projector,Three.js webgpu (wip) example: webgpu_lights_projector,webgpu-(wip),webgpu (wip),Three.js,browser,,https://threejs.org/examples/webgpu_lights_projector.html,,2026-04-24T08:12:38.908604+00:00,three.js,webgpu_lights_projector
3d533bfaa3e88473,threejs,Webgpu Lights Rectarealight,Three.js webgpu (wip) example: webgpu_lights_rectarealight,webgpu-(wip),webgpu (wip),Three.js,browser,,https://threejs.org/examples/webgpu_lights_rectarealight.html,,2026-04-24T08:12:38.911999+00:00,three.js,webgpu_lights_rectarealight
53c55090a99756e9,threejs,Webgpu Lights Selective,Three.js webgpu (wip) example: webgpu_lights_selective,webgpu-(wip),webgpu (wip),Three.js,browser,,https://threejs.org/examples/webgpu_lights_selective.html,,2026-04-24T08:12:38.914991+00:00,three.js,webgpu_lights_selective
a36fecd02b0eb31d,threejs,Webgpu Lights Spotlight,Three.js webgpu (wip) example: webgpu_lights_spotlight,webgpu-(wip),webgpu (wip),Three.js,browser,,https://threejs.org/examples/webgpu_lights_spotlight.html,,2026-04-24T08:12:38.917536+00:00,three.js,webgpu_lights_spotlight
73813d25728a7449,threejs,Webgpu Lights Tiled,Three.js webgpu (wip) example: webgpu_lights_tiled,webgpu-(wip),webgpu (wip),Three.js,browser,,https://threejs.org/examples/webgpu_lights_tiled.html,,2026-04-24T08:12:38.920401+00:00,three.js,webgpu_lights_tiled
c037ffc859f705a7,threejs,Webgpu Lines Fat,Three.js webgpu (wip) example: webgpu_lines_fat,webgpu-(wip),webgpu (wip),Three.js,browser,,https://threejs.org/examples/webgpu_lines_fat.html,,2026-04-24T08:12:38.930987+00:00,three.js,webgpu_lines_fat
c8d2a2a92eda109f,threejs,Webgpu Lines Fat Raycasting,Three.js webgpu (wip) example: webgpu_lines_fat_raycasting,webgpu-(wip),webgpu (wip),Three.js,browser,,https://threejs.org/examples/webgpu_lines_fat_raycasting.html,,2026-04-24T08:12:38.924186+00:00,three.js,webgpu_lines_fat_raycasting
1364cf2e780624c6,threejs,Webgpu Lines Fat Wireframe,Three.js webgpu (wip) example: webgpu_lines_fat_wireframe,webgpu-(wip),webgpu (wip),Three.js,browser,,https://threejs.org/examples/webgpu_lines_fat_wireframe.html,,2026-04-24T08:12:38.928079+00:00,three.js,webgpu_lines_fat_wireframe
9e087e5d3aab2f6f,threejs,Webgpu Loader Gltf,Three.js webgpu (wip) example: webgpu_loader_gltf,webgpu-(wip),webgpu (wip),Three.js,browser,,https://threejs.org/examples/webgpu_loader_gltf.html,,2026-04-24T08:12:38.933107+00:00,three.js,webgpu_loader_gltf
df54d808a89ebade,threejs,Webgpu Loader Gltf Anisotropy,Three.js webgpu (wip) example: webgpu_loader_gltf_anisotropy,webgpu-(wip),webgpu (wip),Three.js,browser,,https://threejs.org/examples/webgpu_loader_gltf_anisotropy.html,,2026-04-24T08:12:38.936629+00:00,three.js,webgpu_loader_gltf_anisotropy
d4cce63f68c8fbbc,threejs,Webgpu Loader Gltf Compressed,Three.js webgpu (wip) example: webgpu_loader_gltf_compressed,webgpu-(wip),webgpu (wip),Three.js,browser,,https://threejs.org/examples/webgpu_loader_gltf_compressed.html,,2026-04-24T08:12:38.940227+00:00,three.js,webgpu_loader_gltf_compressed
ae076671d21d94c8,threejs,Webgpu Loader Gltf Dispersion,Three.js webgpu (wip) example: webgpu_loader_gltf_dispersion,transmission,webgpu (wip),Three.js,browser,,https://threejs.org/examples/webgpu_loader_gltf_dispersion.html,,2026-04-24T08:12:38.944025+00:00,three.js,webgpu_loader_gltf_dispersion
fad91c267d29c88c,threejs,Webgpu Loader Gltf Iridescence,Three.js webgpu (wip) example: webgpu_loader_gltf_iridescence,webgpu-(wip),webgpu (wip),Three.js,browser,,https://threejs.org/examples/webgpu_loader_gltf_iridescence.html,,2026-04-24T08:12:38.946891+00:00,three.js,webgpu_loader_gltf_iridescence
2e4f5484305863d1,threejs,Webgpu Loader Gltf Sheen,Three.js webgpu (wip) example: webgpu_loader_gltf_sheen,webgpu-(wip),webgpu (wip),Three.js,browser,,https://threejs.org/examples/webgpu_loader_gltf_sheen.html,,2026-04-24T08:12:38.949107+00:00,three.js,webgpu_loader_gltf_sheen
b87d04ecf61f009f,threejs,Webgpu Loader Gltf Transmission,Three.js webgpu (wip) example: webgpu_loader_gltf_transmission,webgpu-(wip),webgpu (wip),Three.js,browser,,https://threejs.org/examples/webgpu_loader_gltf_transmission.html,,2026-04-24T08:12:38.952683+00:00,three.js,webgpu_loader_gltf_transmission
7918f16ff6f0a536,threejs,Webgpu Loader Materialx,Three.js webgpu (wip) example: webgpu_loader_materialx,webgpu-(wip),webgpu (wip),Three.js,browser,,https://threejs.org/examples/webgpu_loader_materialx.html,,2026-04-24T08:12:38.956376+00:00,three.js,webgpu_loader_materialx
6ff6280d54760f43,threejs,Webgpu Loader Texture Ktx2,Three.js webgpu (wip) example: webgpu_loader_texture_ktx2,webgpu-(wip),webgpu (wip),Three.js,browser,,https://threejs.org/examples/webgpu_loader_texture_ktx2.html,,2026-04-24T08:12:38.959925+00:00,three.js,webgpu_loader_texture_ktx2
cc839b4b69e84625,threejs,Webgpu Materials,Three.js webgpu (wip) example: webgpu_materials,webgpu-(wip),webgpu (wip),Three.js,browser,,https://threejs.org/examples/webgpu_materials.html,,2026-04-24T08:12:38.962757+00:00,three.js,webgpu_materials
ce1b89b47c923fe8,threejs,Webgpu Materials Alphahash,Three.js webgpu (wip) example: webgpu_materials_alphahash,webgpu-(wip),webgpu (wip),Three.js,browser,,https://threejs.org/examples/webgpu_materials_alphahash.html,,2026-04-24T08:12:38.964948+00:00,three.js,webgpu_materials_alphahash
302070331bb68729,threejs,Webgpu Materials Arrays,Three.js webgpu (wip) example: webgpu_materials_arrays,webgpu | geometry | groups | array,webgpu (wip),Three.js,browser,,https://threejs.org/examples/webgpu_materials_arrays.html,,2026-04-24T08:12:38.968459+00:00,three.js,webgpu_materials_arrays
b7928247bec0801f,threejs,Webgpu Materials Basic,Three.js webgpu (wip) example: webgpu_materials_basic,webgpu-(wip),webgpu (wip),Three.js,browser,,https://threejs.org/examples/webgpu_materials_basic.html,,2026-04-24T08:12:38.971968+00:00,three.js,webgpu_materials_basic
4c41de6aad4fd2a1,threejs,Webgpu Materials Cubemap Mipmaps,Three.js webgpu (wip) example: webgpu_materials_cubemap_mipmaps,webgpu-(wip),webgpu (wip),Three.js,browser,,https://threejs.org/examples/webgpu_materials_cubemap_mipmaps.html,,2026-04-24T08:12:38.974847+00:00,three.js,webgpu_materials_cubemap_mipmaps
35c063c8b4489929,threejs,Webgpu Materials Displacementmap,Three.js webgpu (wip) example: webgpu_materials_displacementmap,webgpu-(wip),webgpu (wip),Three.js,browser,,https://threejs.org/examples/webgpu_materials_displacementmap.html,,2026-04-24T08:12:38.976970+00:00,three.js,webgpu_materials_displacementmap
761af0fafa5f5e3a,threejs,Webgpu Materials Envmaps,Three.js webgpu (wip) example: webgpu_materials_envmaps,webgpu-(wip),webgpu (wip),Three.js,browser,,https://threejs.org/examples/webgpu_materials_envmaps.html,,2026-04-24T08:12:38.984054+00:00,three.js,webgpu_materials_envmaps
8fe9bf1f42fc79ff,threejs,Webgpu Materials Envmaps Bpcem,Three.js webgpu (wip) example: webgpu_materials_envmaps_bpcem,webgpu-(wip),webgpu (wip),Three.js,browser,,https://threejs.org/examples/webgpu_materials_envmaps_bpcem.html,,2026-04-24T08:12:38.980560+00:00,three.js,webgpu_materials_envmaps_bpcem
898b85ac0ae8825a,threejs,Webgpu Materials Lightmap,Three.js webgpu (wip) example: webgpu_materials_lightmap,shadow,webgpu (wip),Three.js,browser,,https://threejs.org/examples/webgpu_materials_lightmap.html,,2026-04-24T08:12:38.986992+00:00,three.js,webgpu_materials_lightmap
9a69092dd6f7be84,threejs,Webgpu Materials Matcap,Three.js webgpu (wip) example: webgpu_materials_matcap,webgpu-(wip),webgpu (wip),Three.js,browser,,https://threejs.org/examples/webgpu_materials_matcap.html,,2026-04-24T08:12:38.989270+00:00,three.js,webgpu_materials_matcap
0cfee1bcfdec4f2a,threejs,Webgpu Materials Sss,Three.js webgpu (wip) example: webgpu_materials_sss,subsurface scattering | derivatives | translucency,webgpu (wip),Three.js,browser,,https://threejs.org/examples/webgpu_materials_sss.html,,2026-04-24T08:12:38.993018+00:00,three.js,webgpu_materials_sss
421b95b7f7c7abfc,threejs,Webgpu Materials Texture Html,Three.js webgpu (wip) example: webgpu_materials_texture_html,webgpu-(wip),webgpu (wip),Three.js,browser,,https://threejs.org/examples/webgpu_materials_texture_html.html,,2026-04-24T08:12:38.996654+00:00,three.js,webgpu_materials_texture_html
e402dbda04abd5a7,threejs,Webgpu Materials Texture Manualmipmap,Three.js webgpu (wip) example: webgpu_materials_texture_manualmipmap,webgpu-(wip),webgpu (wip),Three.js,browser,,https://threejs.org/examples/webgpu_materials_texture_manualmipmap.html,,2026-04-24T08:12:39.000407+00:00,three.js,webgpu_materials_texture_manualmipmap
69d86c986be830e0,threejs,Webgpu Materials Toon,Three.js webgpu (wip) example: webgpu_materials_toon,webgpu-(wip),webgpu (wip),Three.js,browser,,https://threejs.org/examples/webgpu_materials_toon.html,,2026-04-24T08:12:39.006814+00:00,three.js,webgpu_materials_toon
41b607c6d9aaa2a7,threejs,Webgpu Materials Transmission,Three.js webgpu (wip) example: webgpu_materials_transmission,alpha,webgpu (wip),Three.js,browser,,https://threejs.org/examples/webgpu_materials_transmission.html,,2026-04-24T08:12:39.003974+00:00,three.js,webgpu_materials_transmission
a650a7da406b250d,threejs,Webgpu Materials Video,Three.js webgpu (wip) example: webgpu_materials_video,webgpu-(wip),webgpu (wip),Three.js,browser,,https://threejs.org/examples/webgpu_materials_video.html,,2026-04-24T08:12:39.009718+00:00,three.js,webgpu_materials_video
99c6c0ab92f039e7,threejs,Webgpu Materialx Noise,Three.js webgpu (wip) example: webgpu_materialx_noise,webgpu-(wip),webgpu (wip),Three.js,browser,,https://threejs.org/examples/webgpu_materialx_noise.html,,2026-04-24T08:12:39.013062+00:00,three.js,webgpu_materialx_noise
34d229cf1d36abfb,threejs,Webgpu Mesh Batch,Three.js webgpu (wip) example: webgpu_mesh_batch,webgpu-(wip),webgpu (wip),Three.js,browser,,https://threejs.org/examples/webgpu_mesh_batch.html,,2026-04-24T08:12:39.016605+00:00,three.js,webgpu_mesh_batch
ebc1c1ecfdfeeafc,threejs,Webgpu Mirror,Three.js webgpu (wip) example: webgpu_mirror,reflection,webgpu (wip),Three.js,browser,,https://threejs.org/examples/webgpu_mirror.html,,2026-04-24T08:12:39.020121+00:00,three.js,webgpu_mirror
becc439138ececdd,threejs,Webgpu Modifier Curve,Three.js webgpu (wip) example: webgpu_modifier_curve,webgpu-(wip),webgpu (wip),Three.js,browser,,https://threejs.org/examples/webgpu_modifier_curve.html,,2026-04-24T08:12:39.023746+00:00,three.js,webgpu_modifier_curve
746da28b4ce1bd55,threejs,Webgpu Morphtargets,Three.js webgpu (wip) example: webgpu_morphtargets,webgpu-(wip),webgpu (wip),Three.js,browser,,https://threejs.org/examples/webgpu_morphtargets.html,,2026-04-24T08:12:39.026620+00:00,three.js,webgpu_morphtargets
0efd850f4eb215a8,threejs,Webgpu Morphtargets Face,Three.js webgpu (wip) example: webgpu_morphtargets_face,webgpu-(wip),webgpu (wip),Three.js,browser,,https://threejs.org/examples/webgpu_morphtargets_face.html,,2026-04-24T08:12:39.028711+00:00,three.js,webgpu_morphtargets_face
8dbf26971e57aeaf,threejs,Webgpu Mrt,Three.js webgpu (wip) example: webgpu_mrt,webgpu-(wip),webgpu (wip),Three.js,browser,,https://threejs.org/examples/webgpu_mrt.html,,2026-04-24T08:12:39.032169+00:00,three.js,webgpu_mrt
7bbdfa9be11ba4e1,threejs,Webgpu Mrt Mask,Three.js webgpu (wip) example: webgpu_mrt_mask,webgpu-(wip),webgpu (wip),Three.js,browser,,https://threejs.org/examples/webgpu_mrt_mask.html,,2026-04-24T08:12:39.040994+00:00,three.js,webgpu_mrt_mask
01fe8c7c1c820bc8,threejs,Webgpu Multiple Canvas,Three.js webgpu (wip) example: webgpu_multiple_canvas,webgpu-(wip),webgpu (wip),Three.js,browser,,https://threejs.org/examples/webgpu_multiple_canvas.html,,2026-04-24T08:12:39.036031+00:00,three.js,webgpu_multiple_canvas
801c735b7094b414,threejs,Webgpu Multiple Elements,Three.js webgpu (wip) example: webgpu_multiple_elements,webgpu-(wip),webgpu (wip),Three.js,browser,,https://threejs.org/examples/webgpu_multiple_elements.html,,2026-04-24T08:12:39.038830+00:00,three.js,webgpu_multiple_elements
63af8a7ba0417fcc,threejs,Webgpu Multiple Rendertargets,Three.js webgpu (wip) example: webgpu_multiple_rendertargets,mrt,webgpu (wip),Three.js,browser,,https://threejs.org/examples/webgpu_multiple_rendertargets.html,,2026-04-24T08:12:39.044548+00:00,three.js,webgpu_multiple_rendertargets
2a54496c5e3c17d8,threejs,Webgpu Multiple Rendertargets Readback,Three.js webgpu (wip) example: webgpu_multiple_rendertargets_readback,mrt,webgpu (wip),Three.js,browser,,https://threejs.org/examples/webgpu_multiple_rendertargets_readback.html,,2026-04-24T08:12:39.048351+00:00,three.js,webgpu_multiple_rendertargets_readback
6599c89f77f7dbef,threejs,Webgpu Multisampled Renderbuffers,Three.js webgpu (wip) example: webgpu_multisampled_renderbuffers,webgpu-(wip),webgpu (wip),Three.js,browser,,https://threejs.org/examples/webgpu_multisampled_renderbuffers.html,,2026-04-24T08:12:39.051808+00:00,three.js,webgpu_multisampled_renderbuffers
14e426c456480e2d,threejs,Webgpu Occlusion,Three.js webgpu (wip) example: webgpu_occlusion,webgpu-(wip),webgpu (wip),Three.js,browser,,https://threejs.org/examples/webgpu_occlusion.html,,2026-04-24T08:12:39.054804+00:00,three.js,webgpu_occlusion
81b567bac0078b19,threejs,Webgpu Ocean,Three.js webgpu (wip) example: webgpu_ocean,water,webgpu (wip),Three.js,browser,,https://threejs.org/examples/webgpu_ocean.html,,2026-04-24T08:12:39.056972+00:00,three.js,webgpu_ocean
c00990c6eaff689f,threejs,Webgpu Parallax Uv,Three.js webgpu (wip) example: webgpu_parallax_uv,webgpu-(wip),webgpu (wip),Three.js,browser,,https://threejs.org/examples/webgpu_parallax_uv.html,,2026-04-24T08:12:39.060831+00:00,three.js,webgpu_parallax_uv
99290073da40df47,threejs,Webgpu Particles,Three.js webgpu (wip) example: webgpu_particles,fire,webgpu (wip),Three.js,browser,,https://threejs.org/examples/webgpu_particles.html,,2026-04-24T08:12:39.064610+00:00,three.js,webgpu_particles
a92fc778119d30ba,threejs,Webgpu Performance,Three.js webgpu (wip) example: webgpu_performance,webgpu-(wip),webgpu (wip),Three.js,browser,,https://threejs.org/examples/webgpu_performance.html,,2026-04-24T08:12:39.068270+00:00,three.js,webgpu_performance
4ad9974fc604cdcb,threejs,Webgpu Performance Renderbundle,Three.js webgpu (wip) example: webgpu_performance_renderbundle,webgpu-(wip),webgpu (wip),Three.js,browser,,https://threejs.org/examples/webgpu_performance_renderbundle.html,,2026-04-24T08:12:39.071830+00:00,three.js,webgpu_performance_renderbundle
c588a38b14949115,threejs,Webgpu Pmrem Cubemap,Three.js webgpu (wip) example: webgpu_pmrem_cubemap,webgpu-(wip),webgpu (wip),Three.js,browser,,https://threejs.org/examples/webgpu_pmrem_cubemap.html,,2026-04-24T08:12:39.074765+00:00,three.js,webgpu_pmrem_cubemap
edbd3e330e09e888,threejs,Webgpu Pmrem Equirectangular,Three.js webgpu (wip) example: webgpu_pmrem_equirectangular,webgpu-(wip),webgpu (wip),Three.js,browser,,https://threejs.org/examples/webgpu_pmrem_equirectangular.html,,2026-04-24T08:12:39.076977+00:00,three.js,webgpu_pmrem_equirectangular
56ccd868b8f13cfb,threejs,Webgpu Pmrem Scene,Three.js webgpu (wip) example: webgpu_pmrem_scene,webgpu-(wip),webgpu (wip),Three.js,browser,,https://threejs.org/examples/webgpu_pmrem_scene.html,,2026-04-24T08:12:39.080669+00:00,three.js,webgpu_pmrem_scene
85aeea0c1ebac900,threejs,Webgpu Pmrem Test,Three.js webgpu (wip) example: webgpu_pmrem_test,webgpu-(wip),webgpu (wip),Three.js,browser,,https://threejs.org/examples/webgpu_pmrem_test.html,,2026-04-24T08:12:39.084203+00:00,three.js,webgpu_pmrem_test
5d1cdac2d2bab628,threejs,Webgpu Portal,Three.js webgpu (wip) example: webgpu_portal,webgpu-(wip),webgpu (wip),Three.js,browser,,https://threejs.org/examples/webgpu_portal.html,,2026-04-24T08:12:39.086960+00:00,three.js,webgpu_portal
366575570e72e860,threejs,Webgpu Postprocessing,Three.js webgpu (wip) example: webgpu_postprocessing,webgpu-(wip),webgpu (wip),Three.js,browser,,https://threejs.org/examples/webgpu_postprocessing.html,,2026-04-24T08:12:39.185809+00:00,three.js,webgpu_postprocessing
b7e3c4a03db35c0e,threejs,Webgpu Postprocessing 3Dlut,Three.js webgpu (wip) example: webgpu_postprocessing_3dlut,color grading,webgpu (wip),Three.js,browser,,https://threejs.org/examples/webgpu_postprocessing_3dlut.html,,2026-04-24T08:12:39.089143+00:00,three.js,webgpu_postprocessing_3dlut
eaffcde2ad3da271,threejs,Webgpu Postprocessing Afterimage,Three.js webgpu (wip) example: webgpu_postprocessing_afterimage,trails,webgpu (wip),Three.js,browser,,https://threejs.org/examples/webgpu_postprocessing_afterimage.html,,2026-04-24T08:12:39.092744+00:00,three.js,webgpu_postprocessing_afterimage
f9b0e43904a6cc90,threejs,Webgpu Postprocessing Anamorphic,Three.js webgpu (wip) example: webgpu_postprocessing_anamorphic,webgpu-(wip),webgpu (wip),Three.js,browser,,https://threejs.org/examples/webgpu_postprocessing_anamorphic.html,,2026-04-24T08:12:39.096353+00:00,three.js,webgpu_postprocessing_anamorphic
8cf96fd7c7a9168a,threejs,Webgpu Postprocessing Ao,Three.js webgpu (wip) example: webgpu_postprocessing_ao,ambient occlusion | mrt | gtao,webgpu (wip),Three.js,browser,,https://threejs.org/examples/webgpu_postprocessing_ao.html,,2026-04-24T08:12:39.100254+00:00,three.js,webgpu_postprocessing_ao
048edade8a3ed3ae,threejs,Webgpu Postprocessing Bloom,Three.js webgpu (wip) example: webgpu_postprocessing_bloom,glow | mrt,webgpu (wip),Three.js,browser,,https://threejs.org/examples/webgpu_postprocessing_bloom.html,,2026-04-24T08:12:39.103732+00:00,three.js,webgpu_postprocessing_bloom
c80737960ae17136,threejs,Webgpu Postprocessing Bloom Emissive,Three.js webgpu (wip) example: webgpu_postprocessing_bloom_emissive,glow | mrt,webgpu (wip),Three.js,browser,,https://threejs.org/examples/webgpu_postprocessing_bloom_emissive.html,,2026-04-24T08:12:39.106566+00:00,three.js,webgpu_postprocessing_bloom_emissive
15a94a3b598006a5,threejs,Webgpu Postprocessing Bloom Selective,Three.js webgpu (wip) example: webgpu_postprocessing_bloom_selective,glow | mrt,webgpu (wip),Three.js,browser,,https://threejs.org/examples/webgpu_postprocessing_bloom_selective.html,,2026-04-24T08:12:39.108657+00:00,three.js,webgpu_postprocessing_bloom_selective
51065f512a7e294d,threejs,Webgpu Postprocessing Ca,Three.js webgpu (wip) example: webgpu_postprocessing_ca,chromatic aberration,webgpu (wip),Three.js,browser,,https://threejs.org/examples/webgpu_postprocessing_ca.html,,2026-04-24T08:12:39.136397+00:00,three.js,webgpu_postprocessing_ca
4a17c4c3647a464d,threejs,Webgpu Postprocessing Difference,Three.js webgpu (wip) example: webgpu_postprocessing_difference,webgpu-(wip),webgpu (wip),Three.js,browser,,https://threejs.org/examples/webgpu_postprocessing_difference.html,,2026-04-24T08:12:39.112421+00:00,three.js,webgpu_postprocessing_difference
f87dd565aa6ba6ac,threejs,Webgpu Postprocessing Dof,Three.js webgpu (wip) example: webgpu_postprocessing_dof,bokeh,webgpu (wip),Three.js,browser,,https://threejs.org/examples/webgpu_postprocessing_dof.html,,2026-04-24T08:12:39.116109+00:00,three.js,webgpu_postprocessing_dof
1754d6243f0ed852,threejs,Webgpu Postprocessing Dof Basic,Three.js webgpu (wip) example: webgpu_postprocessing_dof_basic,webgpu-(wip),webgpu (wip),Three.js,browser,,https://threejs.org/examples/webgpu_postprocessing_dof_basic.html,,2026-04-24T08:12:39.118985+00:00,three.js,webgpu_postprocessing_dof_basic
c950860f7c65ba2e,threejs,Webgpu Postprocessing Fxaa,Three.js webgpu (wip) example: webgpu_postprocessing_fxaa,msaa | multisampled,webgpu (wip),Three.js,browser,,https://threejs.org/examples/webgpu_postprocessing_fxaa.html,,2026-04-24T08:12:39.121220+00:00,three.js,webgpu_postprocessing_fxaa
57820536c0dd56bb,threejs,Webgpu Postprocessing Godrays,Three.js webgpu (wip) example: webgpu_postprocessing_godrays,webgpu-(wip),webgpu (wip),Three.js,browser,,https://threejs.org/examples/webgpu_postprocessing_godrays.html,,2026-04-24T08:12:39.124934+00:00,three.js,webgpu_postprocessing_godrays
9e1aa5ba8b55891f,threejs,Webgpu Postprocessing Lensflare,Three.js webgpu (wip) example: webgpu_postprocessing_lensflare,webgpu-(wip),webgpu (wip),Three.js,browser,,https://threejs.org/examples/webgpu_postprocessing_lensflare.html,,2026-04-24T08:12:39.128612+00:00,three.js,webgpu_postprocessing_lensflare
bf0aceb606246abd,threejs,Webgpu Postprocessing Masking,Three.js webgpu (wip) example: webgpu_postprocessing_masking,webgpu-(wip),webgpu (wip),Three.js,browser,,https://threejs.org/examples/webgpu_postprocessing_masking.html,,2026-04-24T08:12:39.132356+00:00,three.js,webgpu_postprocessing_masking
8261be6f55e42287,threejs,Webgpu Postprocessing Motion Blur,Three.js webgpu (wip) example: webgpu_postprocessing_motion_blur,mrt,webgpu (wip),Three.js,browser,,https://threejs.org/examples/webgpu_postprocessing_motion_blur.html,,2026-04-24T08:12:39.140251+00:00,three.js,webgpu_postprocessing_motion_blur
9a547d7202e805bc,threejs,Webgpu Postprocessing Outline,Three.js webgpu (wip) example: webgpu_postprocessing_outline,webgpu-(wip),webgpu (wip),Three.js,browser,,https://threejs.org/examples/webgpu_postprocessing_outline.html,,2026-04-24T08:12:39.144474+00:00,three.js,webgpu_postprocessing_outline
993b6cc21c298b8a,threejs,Webgpu Postprocessing Pixel,Three.js webgpu (wip) example: webgpu_postprocessing_pixel,webgpu-(wip),webgpu (wip),Three.js,browser,,https://threejs.org/examples/webgpu_postprocessing_pixel.html,,2026-04-24T08:12:39.148213+00:00,three.js,webgpu_postprocessing_pixel
b3db9f358a694042,threejs,Webgpu Postprocessing Radial Blur,Three.js webgpu (wip) example: webgpu_postprocessing_radial_blur,webgpu-(wip),webgpu (wip),Three.js,browser,,https://threejs.org/examples/webgpu_postprocessing_radial_blur.html,,2026-04-24T08:12:39.151063+00:00,three.js,webgpu_postprocessing_radial_blur
fd1b7b0b0b69c3b6,threejs,Webgpu Postprocessing Retro,Three.js webgpu (wip) example: webgpu_postprocessing_retro,webgpu-(wip),webgpu (wip),Three.js,browser,,https://threejs.org/examples/webgpu_postprocessing_retro.html,,2026-04-24T08:12:39.153382+00:00,three.js,webgpu_postprocessing_retro
db48f528ad80167d,threejs,Webgpu Postprocessing Smaa,Three.js webgpu (wip) example: webgpu_postprocessing_smaa,webgpu-(wip),webgpu (wip),Three.js,browser,,https://threejs.org/examples/webgpu_postprocessing_smaa.html,,2026-04-24T08:12:39.156428+00:00,three.js,webgpu_postprocessing_smaa
61385f73d23f2e7c,threejs,Webgpu Postprocessing Sobel,Three.js webgpu (wip) example: webgpu_postprocessing_sobel,filter | edge detection,webgpu (wip),Three.js,browser,,https://threejs.org/examples/webgpu_postprocessing_sobel.html,,2026-04-24T08:12:39.160151+00:00,three.js,webgpu_postprocessing_sobel
52b9a33bb4c34586,threejs,Webgpu Postprocessing Ssaa,Three.js webgpu (wip) example: webgpu_postprocessing_ssaa,msaa | multisampled,webgpu (wip),Three.js,browser,,https://threejs.org/examples/webgpu_postprocessing_ssaa.html,,2026-04-24T08:12:39.163747+00:00,three.js,webgpu_postprocessing_ssaa
f1b7dbc5e420caa7,threejs,Webgpu Postprocessing Ssgi,Three.js webgpu (wip) example: webgpu_postprocessing_ssgi,global illumination | indirect diffuse,webgpu (wip),Three.js,browser,,https://threejs.org/examples/webgpu_postprocessing_ssgi.html,,2026-04-24T08:12:39.166742+00:00,three.js,webgpu_postprocessing_ssgi
11b536b364c7e987,threejs,Webgpu Postprocessing Ssgi Ballpool,Three.js webgpu (wip) example: webgpu_postprocessing_ssgi_ballpool,community | physics,webgpu (wip),Three.js,browser,,https://threejs.org/examples/webgpu_postprocessing_ssgi_ballpool.html,,2026-04-24T08:12:39.168990+00:00,three.js,webgpu_postprocessing_ssgi_ballpool
631dd90ea43b7cbf,threejs,Webgpu Postprocessing Ssr,Three.js webgpu (wip) example: webgpu_postprocessing_ssr,webgpu-(wip),webgpu (wip),Three.js,browser,,https://threejs.org/examples/webgpu_postprocessing_ssr.html,,2026-04-24T08:12:39.172902+00:00,three.js,webgpu_postprocessing_ssr
6ace5b88581f141d,threejs,Webgpu Postprocessing Sss,Three.js webgpu (wip) example: webgpu_postprocessing_sss,shadow,webgpu (wip),Three.js,browser,,https://threejs.org/examples/webgpu_postprocessing_sss.html,,2026-04-24T08:12:39.176403+00:00,three.js,webgpu_postprocessing_sss
f227f98558f77c6e,threejs,Webgpu Postprocessing Traa,Three.js webgpu (wip) example: webgpu_postprocessing_traa,webgpu-(wip),webgpu (wip),Three.js,browser,,https://threejs.org/examples/webgpu_postprocessing_traa.html,,2026-04-24T08:12:39.179900+00:00,three.js,webgpu_postprocessing_traa
2f304d7e5bfc4c67,threejs,Webgpu Postprocessing Transition,Three.js webgpu (wip) example: webgpu_postprocessing_transition,webgpu-(wip),webgpu (wip),Three.js,browser,,https://threejs.org/examples/webgpu_postprocessing_transition.html,,2026-04-24T08:12:39.182821+00:00,three.js,webgpu_postprocessing_transition
a18a350bdbee0796,threejs,Webgpu Procedural Texture,Three.js webgpu (wip) example: webgpu_procedural_texture,webgpu-(wip),webgpu (wip),Three.js,browser,,https://threejs.org/examples/webgpu_procedural_texture.html,,2026-04-24T08:12:39.188663+00:00,three.js,webgpu_procedural_texture
1b95003c880fa43f,threejs,Webgpu Reflection,Three.js webgpu (wip) example: webgpu_reflection,webgpu-(wip),webgpu (wip),Three.js,browser,,https://threejs.org/examples/webgpu_reflection.html,,2026-04-24T08:12:39.192481+00:00,three.js,webgpu_reflection
66ee452b55039d9f,threejs,Webgpu Reflection Blurred,Three.js webgpu (wip) example: webgpu_reflection_blurred,webgpu-(wip),webgpu (wip),Three.js,browser,,https://threejs.org/examples/webgpu_reflection_blurred.html,,2026-04-24T08:12:39.196143+00:00,three.js,webgpu_reflection_blurred
d80ba712a479c6e0,threejs,Webgpu Reflection Roughness,Three.js webgpu (wip) example: webgpu_reflection_roughness,webgpu-(wip),webgpu (wip),Three.js,browser,,https://threejs.org/examples/webgpu_reflection_roughness.html,,2026-04-24T08:12:39.200062+00:00,three.js,webgpu_reflection_roughness
c87f8b38e4c4f261,threejs,Webgpu Refraction,Three.js webgpu (wip) example: webgpu_refraction,water,webgpu (wip),Three.js,browser,,https://threejs.org/examples/webgpu_refraction.html,,2026-04-24T08:12:39.202857+00:00,three.js,webgpu_refraction
7e7e85e025e260b7,threejs,Webgpu Rendertarget 2D-Array 3D,Three.js webgpu (wip) example: webgpu_rendertarget_2d-array_3d,renderTarget | 2d-array | 3d,webgpu (wip),Three.js,browser,,https://threejs.org/examples/webgpu_rendertarget_2d-array_3d.html,,2026-04-24T08:12:39.205197+00:00,three.js,webgpu_rendertarget_2d-array_3d
8e7e7614da1165eb,threejs,Webgpu Reversed Depth Buffer,Three.js webgpu (wip) example: webgpu_reversed_depth_buffer,webgpu-(wip),webgpu (wip),Three.js,browser,,https://threejs.org/examples/webgpu_reversed_depth_buffer.html,,2026-04-24T08:12:39.208684+00:00,three.js,webgpu_reversed_depth_buffer
084ebb92d538b9a9,threejs,Webgpu Rtt,Three.js webgpu (wip) example: webgpu_rtt,renderTarget | texture,webgpu (wip),Three.js,browser,,https://threejs.org/examples/webgpu_rtt.html,,2026-04-24T08:12:39.212145+00:00,three.js,webgpu_rtt
39f12bbf2f5c495c,threejs,Webgpu Sandbox,Three.js webgpu (wip) example: webgpu_sandbox,webgpu-(wip),webgpu (wip),Three.js,browser,,https://threejs.org/examples/webgpu_sandbox.html,,2026-04-24T08:12:39.214985+00:00,three.js,webgpu_sandbox
2cd56a248eb18329,threejs,Webgpu Shadertoy,Three.js webgpu (wip) example: webgpu_shadertoy,webgpu-(wip),webgpu (wip),Three.js,browser,,https://threejs.org/examples/webgpu_shadertoy.html,,2026-04-24T08:12:39.217220+00:00,three.js,webgpu_shadertoy
d227d4044eacd928,threejs,Webgpu Shadow Contact,Three.js webgpu (wip) example: webgpu_shadow_contact,shadow | soft | tsl,webgpu (wip),Three.js,browser,,https://threejs.org/examples/webgpu_shadow_contact.html,,2026-04-24T08:12:39.220682+00:00,three.js,webgpu_shadow_contact
b3eb6765e5240f63,threejs,Webgpu Shadowmap,Three.js webgpu (wip) example: webgpu_shadowmap,webgpu-(wip),webgpu (wip),Three.js,browser,,https://threejs.org/examples/webgpu_shadowmap.html,,2026-04-24T08:12:39.224071+00:00,three.js,webgpu_shadowmap
3f9db9c889e837d7,threejs,Webgpu Shadowmap Array,Three.js webgpu (wip) example: webgpu_shadowmap_array,tile,webgpu (wip),Three.js,browser,,https://threejs.org/examples/webgpu_shadowmap_array.html,,2026-04-24T08:12:39.226896+00:00,three.js,webgpu_shadowmap_array
f7ecf84c96074515,threejs,Webgpu Shadowmap Csm,Three.js webgpu (wip) example: webgpu_shadowmap_csm,webgpu-(wip),webgpu (wip),Three.js,browser,,https://threejs.org/examples/webgpu_shadowmap_csm.html,,2026-04-24T08:12:39.229918+00:00,three.js,webgpu_shadowmap_csm
6b71cf3d40c37469,threejs,Webgpu Shadowmap Opacity,Three.js webgpu (wip) example: webgpu_shadowmap_opacity,webgpu-(wip),webgpu (wip),Three.js,browser,,https://threejs.org/examples/webgpu_shadowmap_opacity.html,,2026-04-24T08:12:39.232915+00:00,three.js,webgpu_shadowmap_opacity
b3f8e671d7f52193,threejs,Webgpu Shadowmap Pointlight,Three.js webgpu (wip) example: webgpu_shadowmap_pointlight,webgpu-(wip),webgpu (wip),Three.js,browser,,https://threejs.org/examples/webgpu_shadowmap_pointlight.html,,2026-04-24T08:12:39.236441+00:00,three.js,webgpu_shadowmap_pointlight
e77fd9e22c198d63,threejs,Webgpu Shadowmap Progressive,Three.js webgpu (wip) example: webgpu_shadowmap_progressive,webgpu-(wip),webgpu (wip),Three.js,browser,,https://threejs.org/examples/webgpu_shadowmap_progressive.html,,2026-04-24T08:12:39.240081+00:00,three.js,webgpu_shadowmap_progressive
40887778f81923b9,threejs,Webgpu Shadowmap Vsm,Three.js webgpu (wip) example: webgpu_shadowmap_vsm,webgpu-(wip),webgpu (wip),Three.js,browser,,https://threejs.org/examples/webgpu_shadowmap_vsm.html,,2026-04-24T08:12:39.244120+00:00,three.js,webgpu_shadowmap_vsm
b2c2175166b36581,threejs,Webgpu Skinning,Three.js webgpu (wip) example: webgpu_skinning,webgpu-(wip),webgpu (wip),Three.js,browser,,https://threejs.org/examples/webgpu_skinning.html,,2026-04-24T08:12:39.247882+00:00,three.js,webgpu_skinning
0100c03697ef98ea,threejs,Webgpu Skinning Instancing,Three.js webgpu (wip) example: webgpu_skinning_instancing,webgpu-(wip),webgpu (wip),Three.js,browser,,https://threejs.org/examples/webgpu_skinning_instancing.html,,2026-04-24T08:12:39.250947+00:00,three.js,webgpu_skinning_instancing
17102135eae4570c,threejs,Webgpu Skinning Points,Three.js webgpu (wip) example: webgpu_skinning_points,webgpu-(wip),webgpu (wip),Three.js,browser,,https://threejs.org/examples/webgpu_skinning_points.html,,2026-04-24T08:12:39.253642+00:00,three.js,webgpu_skinning_points
6944eea1272013fb,threejs,Webgpu Sky,Three.js webgpu (wip) example: webgpu_sky,sun,webgpu (wip),Three.js,browser,,https://threejs.org/examples/webgpu_sky.html,,2026-04-24T08:12:39.256352+00:00,three.js,webgpu_sky
29af4b33cdb576d5,threejs,Webgpu Sprites,Three.js webgpu (wip) example: webgpu_sprites,webgpu-(wip),webgpu (wip),Three.js,browser,,https://threejs.org/examples/webgpu_sprites.html,,2026-04-24T08:12:39.259807+00:00,three.js,webgpu_sprites
40c2c6d34a69056c,threejs,Webgpu Storage Buffer,Three.js webgpu (wip) example: webgpu_storage_buffer,webgpu-(wip),webgpu (wip),Three.js,browser,,https://threejs.org/examples/webgpu_storage_buffer.html,,2026-04-24T08:12:39.262805+00:00,three.js,webgpu_storage_buffer
d754f8cbc41b41a8,threejs,Webgpu Struct Drawindirect,Three.js webgpu (wip) example: webgpu_struct_drawindirect,webgpu-(wip),webgpu (wip),Three.js,browser,,https://threejs.org/examples/webgpu_struct_drawindirect.html,,2026-04-24T08:12:39.265189+00:00,three.js,webgpu_struct_drawindirect
fa5ecc438349548e,threejs,Webgpu Test Memory,Three.js webgpu (wip) example: webgpu_test_memory,webgpu-(wip),webgpu (wip),Three.js,browser,,https://threejs.org/examples/webgpu_test_memory.html,,2026-04-24T08:12:39.268756+00:00,three.js,webgpu_test_memory
ff71d50ae309497f,threejs,Webgpu Texturegrad,Three.js webgpu (wip) example: webgpu_texturegrad,webgpu-(wip),webgpu (wip),Three.js,browser,,https://threejs.org/examples/webgpu_texturegrad.html,,2026-04-24T08:12:39.272357+00:00,three.js,webgpu_texturegrad
9b6003351984f4f9,threejs,Webgpu Textures 2D-Array,Three.js webgpu (wip) example: webgpu_textures_2d-array,webgpu-(wip),webgpu (wip),Three.js,browser,,https://threejs.org/examples/webgpu_textures_2d-array.html,,2026-04-24T08:12:39.276065+00:00,three.js,webgpu_textures_2d-array
4db6bd91c91f62d5,threejs,Webgpu Textures 2D-Array Compressed,Three.js webgpu (wip) example: webgpu_textures_2d-array_compressed,webgpu-(wip),webgpu (wip),Three.js,browser,,https://threejs.org/examples/webgpu_textures_2d-array_compressed.html,,2026-04-24T08:12:39.279010+00:00,three.js,webgpu_textures_2d-array_compressed
2e1c533adcd61d22,threejs,Webgpu Textures Anisotropy,Three.js webgpu (wip) example: webgpu_textures_anisotropy,webgpu-(wip),webgpu (wip),Three.js,browser,,https://threejs.org/examples/webgpu_textures_anisotropy.html,,2026-04-24T08:12:39.281290+00:00,three.js,webgpu_textures_anisotropy
838f44879c30926f,threejs,Webgpu Textures Partialupdate,Three.js webgpu (wip) example: webgpu_textures_partialupdate,webgpu-(wip),webgpu (wip),Three.js,browser,,https://threejs.org/examples/webgpu_textures_partialupdate.html,,2026-04-24T08:12:39.285185+00:00,three.js,webgpu_textures_partialupdate
5168977b7abaaa2c,threejs,Webgpu Tonemapping,Three.js webgpu (wip) example: webgpu_tonemapping,gltf,webgpu (wip),Three.js,browser,,https://threejs.org/examples/webgpu_tonemapping.html,,2026-04-24T08:12:39.288938+00:00,three.js,webgpu_tonemapping
7364929807f36417,threejs,Webgpu Tsl Angular Slicing,Three.js webgpu (wip) example: webgpu_tsl_angular_slicing,webgpu-(wip),webgpu (wip),Three.js,browser,,https://threejs.org/examples/webgpu_tsl_angular_slicing.html,,2026-04-24T08:12:39.292667+00:00,three.js,webgpu_tsl_angular_slicing
c206aac3eef8bad5,threejs,Webgpu Tsl Compute Attractors Particles,Three.js webgpu (wip) example: webgpu_tsl_compute_attractors_particles,gpgpu,webgpu (wip),Three.js,browser,,https://threejs.org/examples/webgpu_tsl_compute_attractors_particles.html,,2026-04-24T08:12:39.296165+00:00,three.js,webgpu_tsl_compute_attractors_particles
d66dfe6f2de374e7,threejs,Webgpu Tsl Earth,Three.js webgpu (wip) example: webgpu_tsl_earth,webgpu-(wip),webgpu (wip),Three.js,browser,,https://threejs.org/examples/webgpu_tsl_earth.html,,2026-04-24T08:12:39.299006+00:00,three.js,webgpu_tsl_earth
ee426a2ab8531700,threejs,Webgpu Tsl Editor,Three.js webgpu (wip) example: webgpu_tsl_editor,webgpu-(wip),webgpu (wip),Three.js,browser,,https://threejs.org/examples/webgpu_tsl_editor.html,,2026-04-24T08:12:39.301194+00:00,three.js,webgpu_tsl_editor
ecf786dd8d3c6006,threejs,Webgpu Tsl Galaxy,Three.js webgpu (wip) example: webgpu_tsl_galaxy,webgpu-(wip),webgpu (wip),Three.js,browser,,https://threejs.org/examples/webgpu_tsl_galaxy.html,,2026-04-24T08:12:39.304631+00:00,three.js,webgpu_tsl_galaxy
8c6b3a9ecc8a60ee,threejs,Webgpu Tsl Graph,Three.js webgpu (wip) example: webgpu_tsl_graph,webgpu-(wip),webgpu (wip),Three.js,browser,,https://threejs.org/examples/webgpu_tsl_graph.html,,2026-04-24T08:12:39.308300+00:00,three.js,webgpu_tsl_graph
f324683784a483cb,threejs,Webgpu Tsl Halftone,Three.js webgpu (wip) example: webgpu_tsl_halftone,webgpu-(wip),webgpu (wip),Three.js,browser,,https://threejs.org/examples/webgpu_tsl_halftone.html,,2026-04-24T08:12:39.311798+00:00,three.js,webgpu_tsl_halftone
475640aaee3664be,threejs,Webgpu Tsl Interoperability,Three.js webgpu (wip) example: webgpu_tsl_interoperability,webgpu-(wip),webgpu (wip),Three.js,browser,,https://threejs.org/examples/webgpu_tsl_interoperability.html,,2026-04-24T08:12:39.314718+00:00,three.js,webgpu_tsl_interoperability
571e77a7f96df01b,threejs,Webgpu Tsl Procedural Terrain,Three.js webgpu (wip) example: webgpu_tsl_procedural_terrain,webgpu-(wip),webgpu (wip),Three.js,browser,,https://threejs.org/examples/webgpu_tsl_procedural_terrain.html,,2026-04-24T08:12:39.317041+00:00,three.js,webgpu_tsl_procedural_terrain
67050df970057580,threejs,Webgpu Tsl Raging Sea,Three.js webgpu (wip) example: webgpu_tsl_raging_sea,webgpu-(wip),webgpu (wip),Three.js,browser,,https://threejs.org/examples/webgpu_tsl_raging_sea.html,,2026-04-24T08:12:39.320793+00:00,three.js,webgpu_tsl_raging_sea
a4061dad7ff12b8a,threejs,Webgpu Tsl Transpiler,Three.js webgpu (wip) example: webgpu_tsl_transpiler,webgpu-(wip),webgpu (wip),Three.js,browser,,https://threejs.org/examples/webgpu_tsl_transpiler.html,,2026-04-24T08:12:39.324337+00:00,three.js,webgpu_tsl_transpiler
4d3bf1593bd5aa9c,threejs,Webgpu Tsl Vfx Flames,Three.js webgpu (wip) example: webgpu_tsl_vfx_flames,webgpu-(wip),webgpu (wip),Three.js,browser,,https://threejs.org/examples/webgpu_tsl_vfx_flames.html,,2026-04-24T08:12:39.328003+00:00,three.js,webgpu_tsl_vfx_flames
eb739b585842ec3a,threejs,Webgpu Tsl Vfx Linkedparticles,Three.js webgpu (wip) example: webgpu_tsl_vfx_linkedparticles,webgpu-(wip),webgpu (wip),Three.js,browser,,https://threejs.org/examples/webgpu_tsl_vfx_linkedparticles.html,,2026-04-24T08:12:39.330905+00:00,three.js,webgpu_tsl_vfx_linkedparticles
c474f0131c7d0205,threejs,Webgpu Tsl Vfx Tornado,Three.js webgpu (wip) example: webgpu_tsl_vfx_tornado,webgpu-(wip),webgpu (wip),Three.js,browser,,https://threejs.org/examples/webgpu_tsl_vfx_tornado.html,,2026-04-24T08:12:39.333016+00:00,three.js,webgpu_tsl_vfx_tornado
cab69cbcd2f5367d,threejs,Webgpu Tsl Wood,Three.js webgpu (wip) example: webgpu_tsl_wood,webgpu-(wip),webgpu (wip),Three.js,browser,,https://threejs.org/examples/webgpu_tsl_wood.html,,2026-04-24T08:12:39.336717+00:00,three.js,webgpu_tsl_wood
c8a133687dba284e,threejs,Webgpu Upscaling Fsr1,Three.js webgpu (wip) example: webgpu_upscaling_fsr1,webgpu-(wip),webgpu (wip),Three.js,browser,,https://threejs.org/examples/webgpu_upscaling_fsr1.html,,2026-04-24T08:12:39.340476+00:00,three.js,webgpu_upscaling_fsr1
5f90c4d035d3574b,threejs,Webgpu Upscaling Taau,Three.js webgpu (wip) example: webgpu_upscaling_taau,webgpu-(wip),webgpu (wip),Three.js,browser,,https://threejs.org/examples/webgpu_upscaling_taau.html,,2026-04-24T08:12:39.344008+00:00,three.js,webgpu_upscaling_taau
798b85186a6ebc58,threejs,Webgpu Video Frame,Three.js webgpu (wip) example: webgpu_video_frame,webcodecs,webgpu (wip),Three.js,browser,,https://threejs.org/examples/webgpu_video_frame.html,,2026-04-24T08:12:39.347235+00:00,three.js,webgpu_video_frame
00e20171520c8b7b,threejs,Webgpu Video Panorama,Three.js webgpu (wip) example: webgpu_video_panorama,webgpu-(wip),webgpu (wip),Three.js,browser,,https://threejs.org/examples/webgpu_video_panorama.html,,2026-04-24T08:12:39.349517+00:00,three.js,webgpu_video_panorama
9de642ed30dfba14,threejs,Webgpu Volume Caustics,Three.js webgpu (wip) example: webgpu_volume_caustics,webgpu-(wip),webgpu (wip),Three.js,browser,,https://threejs.org/examples/webgpu_volume_caustics.html,,2026-04-24T08:12:39.352383+00:00,three.js,webgpu_volume_caustics
1c93c067db588baa,threejs,Webgpu Volume Cloud,Three.js webgpu (wip) example: webgpu_volume_cloud,webgpu-(wip),webgpu (wip),Three.js,browser,,https://threejs.org/examples/webgpu_volume_cloud.html,,2026-04-24T08:12:39.355882+00:00,three.js,webgpu_volume_cloud
af9d26eb8338a82c,threejs,Webgpu Volume Lighting,Three.js webgpu (wip) example: webgpu_volume_lighting,webgpu-(wip),webgpu (wip),Three.js,browser,,https://threejs.org/examples/webgpu_volume_lighting.html,,2026-04-24T08:12:39.358788+00:00,three.js,webgpu_volume_lighting
60518912fded6bd5,threejs,Webgpu Volume Lighting Rectarea,Three.js webgpu (wip) example: webgpu_volume_lighting_rectarea,webgpu-(wip),webgpu (wip),Three.js,browser,,https://threejs.org/examples/webgpu_volume_lighting_rectarea.html,,2026-04-24T08:12:39.361122+00:00,three.js,webgpu_volume_lighting_rectarea
7cc50b00c84abf78,threejs,Webgpu Volume Lighting Traa,Three.js webgpu (wip) example: webgpu_volume_lighting_traa,webgpu-(wip),webgpu (wip),Three.js,browser,,https://threejs.org/examples/webgpu_volume_lighting_traa.html,,2026-04-24T08:12:39.364722+00:00,three.js,webgpu_volume_lighting_traa
a0007aa6dd5bece3,threejs,Webgpu Volume Perlin,Three.js webgpu (wip) example: webgpu_volume_perlin,webgpu-(wip),webgpu (wip),Three.js,browser,,https://threejs.org/examples/webgpu_volume_perlin.html,,2026-04-24T08:12:39.368443+00:00,three.js,webgpu_volume_perlin
6f557bd1d7377b12,threejs,Webgpu Water,Three.js webgpu (wip) example: webgpu_water,webgpu-(wip),webgpu (wip),Three.js,browser,,https://threejs.org/examples/webgpu_water.html,,2026-04-24T08:12:39.372016+00:00,three.js,webgpu_water
79783b551f862c05,threejs,Webgpu Xr Cubes,Three.js webgpu (wip) example: webgpu_xr_cubes,webgpu-(wip),webgpu (wip),Three.js,browser,,https://threejs.org/examples/webgpu_xr_cubes.html,,2026-04-24T08:12:39.376993+00:00,three.js,webgpu_xr_cubes
d67adff477ca201b,threejs,Webgpu Xr Native Layers,Three.js webgpu (wip) example: webgpu_xr_native_layers,webgpu-(wip),webgpu (wip),Three.js,browser,,https://threejs.org/examples/webgpu_xr_native_layers.html,,2026-04-24T08:12:39.380755+00:00,three.js,webgpu_xr_native_layers
1835fd75e4011362,threejs,Webgpu Xr Rollercoaster,Three.js webgpu (wip) example: webgpu_xr_rollercoaster,webgpu-(wip),webgpu (wip),Three.js,browser,,https://threejs.org/examples/webgpu_xr_rollercoaster.html,,2026-04-24T08:12:39.374808+00:00,three.js,webgpu_xr_rollercoaster
6c3aa3db11940d3d,threejs,Webxr Ar Camera Access,Three.js webxr example: webxr_ar_camera_access,webxr,webxr,Three.js,browser,,https://threejs.org/examples/webxr_ar_camera_access.html,,2026-04-24T08:12:39.396460+00:00,three.js,webxr_ar_camera_access
74d6690aad60cf6a,threejs,Webxr Ar Cones,Three.js webxr example: webxr_ar_cones,webxr,webxr,Three.js,browser,,https://threejs.org/examples/webxr_ar_cones.html,,2026-04-24T08:12:39.399962+00:00,three.js,webxr_ar_cones
a51e8f53a0ea342a,threejs,Webxr Ar Hittest,Three.js webxr example: webxr_ar_hittest,webxr,webxr,Three.js,browser,,https://threejs.org/examples/webxr_ar_hittest.html,,2026-04-24T08:12:39.402947+00:00,three.js,webxr_ar_hittest
4fe06b8c850c77b1,threejs,Webxr Ar Lighting,Three.js webxr example: webxr_ar_lighting,webxr,webxr,Three.js,browser,,https://threejs.org/examples/webxr_ar_lighting.html,,2026-04-24T08:12:39.405186+00:00,three.js,webxr_ar_lighting
8bfa34318fa5ed85,threejs,Webxr Ar Plane Detection,Three.js webxr example: webxr_ar_plane_detection,webxr,webxr,Three.js,browser,,https://threejs.org/examples/webxr_ar_plane_detection.html,,2026-04-24T08:12:39.409033+00:00,three.js,webxr_ar_plane_detection
41efd1918c9a4802,threejs,Webxr Vr Handinput,Three.js webxr example: webxr_vr_handinput,webxr,webxr,Three.js,browser,,https://threejs.org/examples/webxr_vr_handinput.html,,2026-04-24T08:12:39.412666+00:00,three.js,webxr_vr_handinput
ecee650c80e12dfc,threejs,Webxr Vr Handinput Cubes,Three.js webxr example: webxr_vr_handinput_cubes,webxr,webxr,Three.js,browser,,https://threejs.org/examples/webxr_vr_handinput_cubes.html,,2026-04-24T08:12:39.416471+00:00,three.js,webxr_vr_handinput_cubes
9862a00bf0a26824,threejs,Webxr Vr Handinput Pointerclick,Three.js webxr example: webxr_vr_handinput_pointerclick,webxr,webxr,Three.js,browser,,https://threejs.org/examples/webxr_vr_handinput_pointerclick.html,,2026-04-24T08:12:39.422859+00:00,three.js,webxr_vr_handinput_pointerclick
96171094f6ff67c6,threejs,Webxr Vr Handinput Pointerdrag,Three.js webxr example: webxr_vr_handinput_pointerdrag,webxr,webxr,Three.js,browser,,https://threejs.org/examples/webxr_vr_handinput_pointerdrag.html,,2026-04-24T08:12:39.425102+00:00,three.js,webxr_vr_handinput_pointerdrag
6a8e32c73ff5a193,threejs,Webxr Vr Handinput Pressbutton,Three.js webxr example: webxr_vr_handinput_pressbutton,webxr,webxr,Three.js,browser,,https://threejs.org/examples/webxr_vr_handinput_pressbutton.html,,2026-04-24T08:12:39.428836+00:00,three.js,webxr_vr_handinput_pressbutton
95ec4858cc27fe3a,threejs,Webxr Vr Handinput Profiles,Three.js webxr example: webxr_vr_handinput_profiles,webxr,webxr,Three.js,browser,,https://threejs.org/examples/webxr_vr_handinput_profiles.html,,2026-04-24T08:12:39.420037+00:00,three.js,webxr_vr_handinput_profiles
0d52d26365839a4f,threejs,Webxr Vr Layers,Three.js webxr example: webxr_vr_layers,webxr,webxr,Three.js,browser,,https://threejs.org/examples/webxr_vr_layers.html,,2026-04-24T08:12:39.432596+00:00,three.js,webxr_vr_layers
11fa7dd262efab0e,threejs,Webxr Vr Panorama,Three.js webxr example: webxr_vr_panorama,webxr,webxr,Three.js,browser,,https://threejs.org/examples/webxr_vr_panorama.html,,2026-04-24T08:12:39.436246+00:00,three.js,webxr_vr_panorama
0fdb0d6712cde806,threejs,Webxr Vr Panorama Depth,Three.js webxr example: webxr_vr_panorama_depth,webxr,webxr,Three.js,browser,,https://threejs.org/examples/webxr_vr_panorama_depth.html,,2026-04-24T08:12:39.439762+00:00,three.js,webxr_vr_panorama_depth
0fd265ec1500a1c4,threejs,Webxr Vr Rollercoaster,Three.js webxr example: webxr_vr_rollercoaster,webxr,webxr,Three.js,browser,,https://threejs.org/examples/webxr_vr_rollercoaster.html,,2026-04-24T08:12:39.442818+00:00,three.js,webxr_vr_rollercoaster
39c6f684d5d89086,threejs,Webxr Vr Sandbox,Three.js webxr example: webxr_vr_sandbox,webxr,webxr,Three.js,browser,,https://threejs.org/examples/webxr_vr_sandbox.html,,2026-04-24T08:12:39.445170+00:00,three.js,webxr_vr_sandbox
9a955140ad633b00,threejs,Webxr Vr Teleport,Three.js webxr example: webxr_vr_teleport,webxr,webxr,Three.js,browser,,https://threejs.org/examples/webxr_vr_teleport.html,,2026-04-24T08:12:39.448729+00:00,three.js,webxr_vr_teleport
79f7cb7b7095bd87,threejs,Webxr Vr Video,Three.js webxr example: webxr_vr_video,webxr,webxr,Three.js,browser,,https://threejs.org/examples/webxr_vr_video.html,,2026-04-24T08:12:39.452411+00:00,three.js,webxr_vr_video
52cbc114845e9662,threejs,Webxr Xr Ballshooter,Three.js webxr example: webxr_xr_ballshooter,physics,webxr,Three.js,browser,,https://threejs.org/examples/webxr_xr_ballshooter.html,,2026-04-24T08:12:39.455803+00:00,three.js,webxr_xr_ballshooter
3b81bf1895b9afe4,threejs,Webxr Xr Controls Transform,Three.js webxr example: webxr_xr_controls_transform,webxr,webxr,Three.js,browser,,https://threejs.org/examples/webxr_xr_controls_transform.html,,2026-04-24T08:12:39.458709+00:00,three.js,webxr_xr_controls_transform
2a3f470e52319168,threejs,Webxr Xr Cubes,Three.js webxr example: webxr_xr_cubes,webxr,webxr,Three.js,browser,,https://threejs.org/examples/webxr_xr_cubes.html,,2026-04-24T08:12:39.461657+00:00,three.js,webxr_xr_cubes
6f8ad80098de5405,threejs,Webxr Xr Dragging,Three.js webxr example: webxr_xr_dragging,webxr,webxr,Three.js,browser,,https://threejs.org/examples/webxr_xr_dragging.html,,2026-04-24T08:12:39.464483+00:00,three.js,webxr_xr_dragging
1f2c3f473f11e8f0,threejs,Webxr Xr Dragging Custom Depth,Three.js webxr example: webxr_xr_dragging_custom_depth,webxr,webxr,Three.js,browser,,https://threejs.org/examples/webxr_xr_dragging_custom_depth.html,,2026-04-24T08:12:39.468179+00:00,three.js,webxr_xr_dragging_custom_depth
4b4f518e59d64d32,threejs,Webxr Xr Haptics,Three.js webxr example: webxr_xr_haptics,webxr,webxr,Three.js,browser,,https://threejs.org/examples/webxr_xr_haptics.html,,2026-04-24T08:12:39.471787+00:00,three.js,webxr_xr_haptics
27e466f0657b8687,threejs,Webxr Xr Marchingcubes,Three.js webxr example: webxr_xr_marchingcubes,webxr,webxr,Three.js,browser,,https://threejs.org/examples/webxr_xr_marchingcubes.html,,2026-04-24T08:12:39.474809+00:00,three.js,webxr_xr_marchingcubes
456eedc5fc385717,threejs,Webxr Xr Paint,Three.js webxr example: webxr_xr_paint,webxr,webxr,Three.js,browser,,https://threejs.org/examples/webxr_xr_paint.html,,2026-04-24T08:12:39.477017+00:00,three.js,webxr_xr_paint
